source,original_date,comment_date,text,comment,subreddit,post_title,post_score,comment_score,rating,thumbs_up,vader_compound,vader_positive,vader_negative,vader_neutral,sentiment_label
app_store,2026-05-17,,Got blocked for no reason.,Got blocked for no reason.,,,,,2,,-0.5106,0,0.589,0.411,negative
app_store,2026-05-16,,"In a world where dating is increasingly difficult and DANGEROUS for women, bumble is putting AI in the game. It was one thing to meet online, it’s another thing entirely to let AI (notoriously unreliable, mind you) create a profile and tell you who you should date. I’m on the apps because I want to find something real, not engineered. I’m disappointed, Bumble. Do better.","In a world where dating is increasingly difficult and DANGEROUS for women, bumble is putting AI in the game. It was one thing to meet online, it’s another thing entirely to let AI (notoriously unreliable, mind you) create a profile and tell you who you should date. I’m on the apps because I want to find something real, not engineered. I’m disappointed, Bumble. Do better.",,,,,1,,0.1333,0.119,0.085,0.795,positive
app_store,2026-05-16,,Previous review was deleted as usual. They ban you for no reason and allow so many fake accounts. You would think match group owned this app the way it operates.,Previous review was deleted as usual. They ban you for no reason and allow so many fake accounts. You would think match group owned this app the way it operates.,,,,,1,,-0.8062,0.051,0.248,0.701,negative
app_store,2026-05-16,,basically unusable unless you pay and it just sucks,basically unusable unless you pay and it just sucks,,,,,1,,-0.4404,0,0.358,0.642,negative
app_store,2026-05-16,,"Almost every match has been a fake profile trying to get you to a Snapchat profile that doesn’t even remotely match the Bumble profile (usernames). Aside from that, I think I might get 1 legit match a quarter. And those women end up ignoring or ghosting you. If you’re lucky they have one of those “ice breakers” in their profile so you can message first otherwise they’ll never message you and the match will expire. If you’re lucky enough to get the rare message, you’ll get exactly what women complain about “hey”, “hey there”, “hi”.","Almost every match has been a fake profile trying to get you to a Snapchat profile that doesn’t even remotely match the Bumble profile (usernames). Aside from that, I think I might get 1 legit match a quarter. And those women end up ignoring or ghosting you. If you’re lucky they have one of those “ice breakers” in their profile so you can message first otherwise they’ll never message you and the match will expire. If you’re lucky enough to get the rare message, you’ll get exactly what women complain about “hey”, “hey there”, “hi”.",,,,,1,,-0.4019,0.054,0.08,0.866,negative
app_store,2026-05-16,,It is not a good dating site. I mostly dealt with rude men that just were rude. Or they just wouldn’t talk. If you’re trying to find someone you can get to know this is not the place to do it.,It is not a good dating site. I mostly dealt with rude men that just were rude. Or they just wouldn’t talk. If you’re trying to find someone you can get to know this is not the place to do it.,,,,,1,,-0.8129,0,0.181,0.819,negative
app_store,2026-05-16,,Strongly recommend to approach this platform with caution. I encountered automated bot accounts - please don’t let yourself get scammed by malicious people. Stay safe!,Strongly recommend to approach this platform with caution. I encountered automated bot accounts - please don’t let yourself get scammed by malicious people. Stay safe!,,,,,5,,0.8439,0.325,0,0.675,positive
app_store,2026-05-16,,"Bumble used to be a solid platform years ago when they still had their “women message first” approach. And now to charge $70 per month is just crazy. I do well for myself and live in a large city, and still cannot justify that price for the value.","Bumble used to be a solid platform years ago when they still had their “women message first” approach. And now to charge $70 per month is just crazy. I do well for myself and live in a large city, and still cannot justify that price for the value.",,,,,1,,0.4019,0.116,0.046,0.838,positive
app_store,2026-05-16,,I really like this app? But unfortunately i was banned,I really like this app? But unfortunately i was banned,,,,,2,,-0.7354,0.119,0.444,0.438,negative
app_store,2026-05-16,,"Easy to use, intuitive interface, good results so far!","Easy to use, intuitive interface, good results so far!",,,,,5,,0.7263,0.465,0,0.535,positive
app_store,2026-05-16,,"I deleted my account. Bumble is getting rid of the swipe feature and is going to let ai make your matches. No thanks, would rather meet people in person than deal with that. I am 100% sure I know which women I am attracted to far more than any ai will ever know. Not to mention they are using it as a way to harvest personal data for training their language model.","I deleted my account. Bumble is getting rid of the swipe feature and is going to let ai make your matches. No thanks, would rather meet people in person than deal with that. I am 100% sure I know which women I am attracted to far more than any ai will ever know. Not to mention they are using it as a way to harvest personal data for training their language model.",,,,,1,,0.4007,0.067,0.031,0.902,positive
app_store,2026-05-15,,"Overwhelming majority of men on this app act in not the most gentlemenly way. Not quite as bad as Hinge/Major Cringe, but still a major waste of time. Get off the apps, people, and start living real lives. They are nothing but money and data grab. They are designed to keep you lonely and dissatisfied. They treat men and women equally poorly.","Overwhelming majority of men on this app act in not the most gentlemenly way. Not quite as bad as Hinge/Major Cringe, but still a major waste of time. Get off the apps, people, and start living real lives. They are nothing but money and data grab. They are designed to keep you lonely and dissatisfied. They treat men and women equally poorly.",,,,,1,,-0.7361,0.076,0.147,0.777,negative
app_store,2026-05-15,,Specifically Asian dudes.,Specifically Asian dudes.,,,,,1,,0,0,0,1,neutral
app_store,2026-05-15,,Very handy for trips eta,Very handy for trips eta,,,,,4,,0,0,0,1,neutral
app_store,2026-05-15,,You cant even block phone numbers on here,You cant even block phone numbers on here,,,,,1,,0.3412,0.256,0,0.744,positive
app_store,2026-05-15,,"**UPDATE: My review below still stands since they have done nothing to improve this app, but recently they have moved to payments outside of the App Store, which is very shady because they make it difficult for you to find and cancel the subscriptions. If you sign up for anything, they automatically subscribe you now. Stay away from this app.**


Bumble is an extremely frustrating app. They update it constantly, but the only change they seem to make is the constant tweak to the font size, placement, or highlight colors. The core experience has not changed.  


The biggest problem with Bumble is that, unlike most dating apps, they base dating location entirely on your current location, not your ""lives in"" location. This makes it particularly annoying when you are away from home (the travel mode feature is a joke), and it makes it very annoying for matching. Only hookup apps work this way, and they insist this is a serious dating app. This is a big problem for me because a major airport is within my search radius so 50% of my matches are women at the airport who live hundreds or thousands of miles away. There is no way to exclude locations.


Having to scroll to the bottom to see where the person is currently location and lives (if they choose to fill this in since it's optional) is incredibly annoying. All other dating apps, even hookup apps, have it at the top. Bumble makes me waste time reading a profile and scrolling only to find out they live half way across the country. Scrolling also means accidentally clicking Super Swipes, since it's so easy to hit this. At least once a week at least one Super Swipe is a mistake. There's no way to cancel this or request credit. 


Another major problem with the app is their filters. They force you to pay for these, but they don't work very well. The filter only includes people who answer exactly what you choose. The vast majority of profiles don't bother to fill out half the information since it's all optional. Their filters aren't smart enough to include an option for no response, so I can't include them in my search.


Lastly, for the spotlight searches, stop showing me people that live hundreds of miles away. Respect my dating preferences. I am not interested in dating someone on the other side of the country.","**UPDATE: My review below still stands since they have done nothing to improve this app, but recently they have moved to payments outside of the App Store, which is very shady because they make it difficult for you to find and cancel the subscriptions. If you sign up for anything, they automatically subscribe you now. Stay away from this app.**


Bumble is an extremely frustrating app. They update it constantly, but the only change they seem to make is the constant tweak to the font size, placement, or highlight colors. The core experience has not changed.  


The biggest problem with Bumble is that, unlike most dating apps, they base dating location entirely on your current location, not your ""lives in"" location. This makes it particularly annoying when you are away from home (the travel mode feature is a joke), and it makes it very annoying for matching. Only hookup apps work this way, and they insist this is a serious dating app. This is a big problem for me because a major airport is within my search radius so 50% of my matches are women at the airport who live hundreds or thousands of miles away. There is no way to exclude locations.


Having to scroll to the bottom to see where the person is currently location and lives (if they choose to fill this in since it's optional) is incredibly annoying. All other dating apps, even hookup apps, have it at the top. Bumble makes me waste time reading a profile and scrolling only to find out they live half way across the country. Scrolling also means accidentally clicking Super Swipes, since it's so easy to hit this. At least once a week at least one Super Swipe is a mistake. There's no way to cancel this or request credit. 


Another major problem with the app is their filters. They force you to pay for these, but they don't work very well. The filter only includes people who answer exactly what you choose. The vast majority of profiles don't bother to fill out half the information since it's all optional. Their filters aren't smart enough to include an option for no response, so I can't include them in my search.


Lastly, for the spotlight searches, stop showing me people that live hundreds of miles away. Respect my dating preferences. I am not interested in dating someone on the other side of the country.",,,,,2,,-0.9862,0.071,0.151,0.778,negative
app_store,2026-05-15,,"I don’t know what it is about bumble that they think it’s okay to keep certain profiles from being seen, it shows you must see profiles of guys you liked you and are actually your type only to keep them behind a premium paywall which is like ridiculously expensive when I’m the one putting in the effort or getting disappointed, like who do you think you are, god?","I don’t know what it is about bumble that they think it’s okay to keep certain profiles from being seen, it shows you must see profiles of guys you liked you and are actually your type only to keep them behind a premium paywall which is like ridiculously expensive when I’m the one putting in the effort or getting disappointed, like who do you think you are, god?",,,,,2,,0.7506,0.175,0.069,0.756,positive
app_store,2026-05-15,,Signing up to this app is ridiculous they set you up with tiny little steps for verification which is impossible to see. The verification process is poor and nonsense,Signing up to this app is ridiculous they set you up with tiny little steps for verification which is impossible to see. The verification process is poor and nonsense,,,,,1,,-0.8074,0,0.242,0.758,negative
app_store,2026-05-14,,"So I have recently deleted bumble because I wasn’t getting literally anything. No interaction from any woman. No likes, no messages or responses. Now that’s not the only reason I deleted it. After the second month, I started getting only 3 swipes a day. Bumble literally couldn’t find any other women that weren’t more than 30 to 50 miles away…then when I went to discover. There was maybe 2 a day. Sometimes none. So that last month I had it. It just slowly faded to less and less swipes. Even days where there were none at all… unless I can get my settings to 50 miles plus radius… also they love to push the pay to play route, a lot, like, excessively. Which I get it it’s a business they have to make money. Although how am I going to get any further interaction if 90 percent of it is stuck behind a pay wall. Also before the decline of possible partners there was this weird thing where I wouldn’t find hardly any women  even on bumble in my hometown. When I’m in my hometown.  But when I drive 2 hours away. I would get an abundance of matches. Saying they were all in my hometown. When I’m not in it… I’m not too sure what practice that is but it happens on other dating apps as well. Anyway I can’t just blame bumble, I understand if women don’t find me attractive they don’t have to interact. So that’s why I’m not blaming bumble that I can’t find anyone. Also once again they are a business you know they have to eat too, and yes someone can say they are greedy and bots. All that stuff, I’m just saying I do respect the hustle. Once again it wasn’t a bad experience, just empty, and… alone.","So I have recently deleted bumble because I wasn’t getting literally anything. No interaction from any woman. No likes, no messages or responses. Now that’s not the only reason I deleted it. After the second month, I started getting only 3 swipes a day. Bumble literally couldn’t find any other women that weren’t more than 30 to 50 miles away…then when I went to discover. There was maybe 2 a day. Sometimes none. So that last month I had it. It just slowly faded to less and less swipes. Even days where there were none at all… unless I can get my settings to 50 miles plus radius… also they love to push the pay to play route, a lot, like, excessively. Which I get it it’s a business they have to make money. Although how am I going to get any further interaction if 90 percent of it is stuck behind a pay wall. Also before the decline of possible partners there was this weird thing where I wouldn’t find hardly any women  even on bumble in my hometown. When I’m in my hometown.  But when I drive 2 hours away. I would get an abundance of matches. Saying they were all in my hometown. When I’m not in it… I’m not too sure what practice that is but it happens on other dating apps as well. Anyway I can’t just blame bumble, I understand if women don’t find me attractive they don’t have to interact. So that’s why I’m not blaming bumble that I can’t find anyone. Also once again they are a business you know they have to eat too, and yes someone can say they are greedy and bots. All that stuff, I’m just saying I do respect the hustle. Once again it wasn’t a bad experience, just empty, and… alone.",,,,,3,,0.3797,0.075,0.079,0.846,positive
app_store,2026-05-14,,"I bought a subscription, but it wasn't activated. I contacted customer service, but only interacted with AI. Although it said a representative would contact me within 48 hours, I never received any follow-up.","I bought a subscription, but it wasn't activated. I contacted customer service, but only interacted with AI. Although it said a representative would contact me within 48 hours, I never received any follow-up.",,,,,1,,0,0,0,1,neutral
app_store,2026-05-14,,Whenever I match with someone their pictures do not show up for me so I don’t even know who I am talking too please fix this,Whenever I match with someone their pictures do not show up for me so I don’t even know who I am talking too please fix this,,,,,1,,0.3182,0.084,0,0.916,positive
app_store,2026-05-14,,"Wish it would show location at the top. Wish it would keep a like history. Wish it had a likes you history. Wish it had more characters allowed in profile text fields. Super swipes seem useless, much better off sending a compliment. The ridiculous paid tiers and their restrictions make this app just frustrating to use. Been using a few months and it has been a total let down I regret paying for the app. I did get a few dates out of the app and they were good but that doesn’t discount the terrible app experience. It’s been over a year now and it’s clear that Bumble only cares about getting your money and don’t care to improve, like at all.","Wish it would show location at the top. Wish it would keep a like history. Wish it had a likes you history. Wish it had more characters allowed in profile text fields. Super swipes seem useless, much better off sending a compliment. The ridiculous paid tiers and their restrictions make this app just frustrating to use. Been using a few months and it has been a total let down I regret paying for the app. I did get a few dates out of the app and they were good but that doesn’t discount the terrible app experience. It’s been over a year now and it’s clear that Bumble only cares about getting your money and don’t care to improve, like at all.",,,,,1,,0.975,0.26,0.076,0.663,positive
app_store,2026-05-14,,"I’m in the DC metro area and this app feels dead. Bumble has been showing me the same stale profiles for years, and I can’t remember the last time I had a conversation with an actual person that went anywhere. Paid subscription and power-ups are worthless.","I’m in the DC metro area and this app feels dead. Bumble has been showing me the same stale profiles for years, and I can’t remember the last time I had a conversation with an actual person that went anywhere. Paid subscription and power-ups are worthless.",,,,,1,,-0.802,0,0.141,0.859,negative
app_store,2026-05-14,,"Travel mode doesn’t load!! Blank white screen with just 3 dots like it’s loading all day long. This has been a well-documented problem online for a while from what I’ve seen and as of 2026, it is still a problem!","Travel mode doesn’t load!! Blank white screen with just 3 dots like it’s loading all day long. This has been a well-documented problem online for a while from what I’ve seen and as of 2026, it is still a problem!",,,,,1,,-0.5826,0.055,0.137,0.808,negative
app_store,2026-05-14,,It is ridiculous that because the app is doing so poorly they are raising the cost to $70.00 a month. Here’s a crazy idea lower your prices so your customer case comes back and you get more volume.,It is ridiculous that because the app is doing so poorly they are raising the cost to $70.00 a month. Here’s a crazy idea lower your prices so your customer case comes back and you get more volume.,,,,,1,,-0.7269,0,0.169,0.831,negative
app_store,2026-05-14,,Bumble use to be the best dating app. I met a girlfriend of 5 years on it with ease. Trying to match with anyone on here is a stretched out task. It’s gross how money grabbing this became. I know match group is in financial ruin right now but more people would use if it worked.,Bumble use to be the best dating app. I met a girlfriend of 5 years on it with ease. Trying to match with anyone on here is a stretched out task. It’s gross how money grabbing this became. I know match group is in financial ruin right now but more people would use if it worked.,,,,,1,,-0.0258,0.072,0.073,0.855,neutral
app_store,2026-05-14,,"Third time writing this. Apparently my review isn’t too popular with the devs. Unless you are Glenn Powell or Sydney Sweeney attractive, you won't get anything for matches. If you pay to see your matches, whether it is a week or a month or a year, you will get little to nothing for matches during the subscription period. However, the minute you lose the subscription, you'll become the world’s sexiest person and get matches daily. This is true, yet again, because I was stupid enough to buy a week to see the 50 ""matches"" of just foul beasts who wanted to meet. Absolutely NO matches during my subscription. But the second the subscription ended, here come the matches! It is also predominantly liberal, so you'll get awful people who will criticize you and just truly don't care about you and will unmatch you if you don't support some outrageous nonsense.","Third time writing this. Apparently my review isn’t too popular with the devs. Unless you are Glenn Powell or Sydney Sweeney attractive, you won't get anything for matches. If you pay to see your matches, whether it is a week or a month or a year, you will get little to nothing for matches during the subscription period. However, the minute you lose the subscription, you'll become the world’s sexiest person and get matches daily. This is true, yet again, because I was stupid enough to buy a week to see the 50 ""matches"" of just foul beasts who wanted to meet. Absolutely NO matches during my subscription. But the second the subscription ended, here come the matches! It is also predominantly liberal, so you'll get awful people who will criticize you and just truly don't care about you and will unmatch you if you don't support some outrageous nonsense.",,,,,1,,-0.9102,0.074,0.145,0.781,negative
app_store,2026-05-14,,"Only get likes when I stop paying to see them. When I pay for premium, I get a lot fewer likes (down to like 10% or less). The dates I’ve had were with a bunch of people that were good at messaging and then dead on arrival. A lot of people don’t read your profile until they’ve chatted with you back and forth a bit and then get shocked and ghost you. Matches now expire within 24 hours permanently, they disappear from your list entirely. The notifications for matches are spotty so sometimes I see it right before it expires but I don’t have time to answer their question. The whole idea of the app is long gone. Women don’t message first. Whatever was unique about bumble is lost to time. It’s part of the big three dating app scammer pyramid now I guess. Good luck out there, folks.","Only get likes when I stop paying to see them. When I pay for premium, I get a lot fewer likes (down to like 10% or less). The dates I’ve had were with a bunch of people that were good at messaging and then dead on arrival. A lot of people don’t read your profile until they’ve chatted with you back and forth a bit and then get shocked and ghost you. Matches now expire within 24 hours permanently, they disappear from your list entirely. The notifications for matches are spotty so sometimes I see it right before it expires but I don’t have time to answer their question. The whole idea of the app is long gone. Women don’t message first. Whatever was unique about bumble is lost to time. It’s part of the big three dating app scammer pyramid now I guess. Good luck out there, folks.",,,,,1,,0.6369,0.093,0.08,0.827,positive
app_store,2026-05-14,,"Over the years, I’ve spent thousands on dating apps. At $30-40 a month, I would subscribe without much thought.


As they’ve increased prices from $30-40 a month to $79-99 a month, paying members have dropped from 10 million down to less than 3 million. No wonder the stock has tanked since its IPO, and the company is cutting most of its staff.


Providing a dismal user experience and charging more is not the answer. 


I’m swiping left one last time and deleting from my iPhone forever.","Over the years, I’ve spent thousands on dating apps. At $30-40 a month, I would subscribe without much thought.


As they’ve increased prices from $30-40 a month to $79-99 a month, paying members have dropped from 10 million down to less than 3 million. No wonder the stock has tanked since its IPO, and the company is cutting most of its staff.


Providing a dismal user experience and charging more is not the answer. 


I’m swiping left one last time and deleting from my iPhone forever.",,,,,1,,-0.6808,0.023,0.084,0.893,negative
app_store,2026-05-14,,"Bumble’s founder recently said they’re getting rid of the swipe and moving to AI match making - your AI and his AI will chat and set you up. I can’t imagine a less human experience. I am trying to meet HUMAN BEINGS. If I wanted to have an AI romance, I would text chat gpt. This is ridiculous and I’m deleting the app as soon as the chance is official. I do not want AI!! I want HUMAN INTERACTION. If men aren’t getting matched, it’s because they are sub par. It’s not the app. It’s the men.","Bumble’s founder recently said they’re getting rid of the swipe and moving to AI match making - your AI and his AI will chat and set you up. I can’t imagine a less human experience. I am trying to meet HUMAN BEINGS. If I wanted to have an AI romance, I would text chat gpt. This is ridiculous and I’m deleting the app as soon as the chance is official. I do not want AI!! I want HUMAN INTERACTION. If men aren’t getting matched, it’s because they are sub par. It’s not the app. It’s the men.",,,,,1,,0.5806,0.073,0.036,0.891,positive
app_store,2026-05-14,,"Why do you need to access my microphone to verify a photo? Keeps trying to make me verify, even though I never select it. And now won’t go past the verification process even with uninstalling.","Why do you need to access my microphone to verify a photo? Keeps trying to make me verify, even though I never select it. And now won’t go past the verification process even with uninstalling.",,,,,1,,0,0,0,1,neutral
app_store,2026-05-14,,I haven’t gotten a match yet but I’m not giving up yet hopefully it all works out I don’t want to pay for the premium yet,I haven’t gotten a match yet but I’m not giving up yet hopefully it all works out I don’t want to pay for the premium yet,,,,,4,,0.2134,0.16,0.133,0.706,positive
app_store,2026-05-14,,"As a gay man, I’ve been using Bumble since it first opened its platform to the LGBTQIA+ community, and watching this app deteriorate over the years has been genuinely embarrassing. What was once a usable dating platform has turned into a broken, overpriced mess filled with fake profiles, nonsensical algorithms, and a complete disregard for user experience. At this point, the app is bordering on unusable.
First, the location and matching system are absolutely absurd. I live in NYC, one of the largest, most densely populated cities in the world, yet Bumble somehow insists on showing me potential matches from upstate New York, rural New England, and even Canada. When I narrow the distance settings to reflect my actual area, I’m met with the laughable claim that there are “no more potential matches nearby.” That is objectively ridiculous. There is simply no believable explanation for an app operating in New York City to pretend there are no gay men within a reasonable radius unless the algorithm is fundamentally broken or the platform is artificially withholding profiles to manipulate engagement.
What makes this even worse is that the only way to see additional people is to expand the radius to 100+ miles, which completely defeats the purpose of location-based dating. Nobody living in Manhattan or Brooklyn should have to search halfway into another state just to find active profiles. The entire system feels either incompetently designed or intentionally manipulative.
The second issue and honestly the more disgraceful one is the overwhelming infestation of AI bots, scammers, and fake accounts. The sheer volume of fraudulent profiles on Bumble is impossible to ignore. At this point, it feels less like a dating app and more like a poorly moderated spam network. A shocking percentage of profiles are obviously fake: stolen photos, incoherent bios, robotic prompt answers, and accounts that cannot even form complete sentences. It is painfully obvious that little to no meaningful moderation is taking place.
There is absolutely no excuse for swiping through 10 profiles and finding that more than half are clearly fabricated. The fact that Bumble continues charging outrageously high weekly subscription fees while failing to maintain even the most basic level of authenticity or quality control is insulting to paying users. You are asking people to spend real money on a platform where a substantial portion of the user base appears to be fake, inactive, or algorithmically recycled.
At this point, Bumble feels less interested in helping people connect and more interested in inflating engagement metrics while delivering an increasingly hollow product. For a company that markets itself as progressive and community-oriented, the actual user experience especially for LGBTQIA+ users has become frustrating, deceptive, and deeply disappointing.","As a gay man, I’ve been using Bumble since it first opened its platform to the LGBTQIA+ community, and watching this app deteriorate over the years has been genuinely embarrassing. What was once a usable dating platform has turned into a broken, overpriced mess filled with fake profiles, nonsensical algorithms, and a complete disregard for user experience. At this point, the app is bordering on unusable.
First, the location and matching system are absolutely absurd. I live in NYC, one of the largest, most densely populated cities in the world, yet Bumble somehow insists on showing me potential matches from upstate New York, rural New England, and even Canada. When I narrow the distance settings to reflect my actual area, I’m met with the laughable claim that there are “no more potential matches nearby.” That is objectively ridiculous. There is simply no believable explanation for an app operating in New York City to pretend there are no gay men within a reasonable radius unless the algorithm is fundamentally broken or the platform is artificially withholding profiles to manipulate engagement.
What makes this even worse is that the only way to see additional people is to expand the radius to 100+ miles, which completely defeats the purpose of location-based dating. Nobody living in Manhattan or Brooklyn should have to search halfway into another state just to find active profiles. The entire system feels either incompetently designed or intentionally manipulative.
The second issue and honestly the more disgraceful one is the overwhelming infestation of AI bots, scammers, and fake accounts. The sheer volume of fraudulent profiles on Bumble is impossible to ignore. At this point, it feels less like a dating app and more like a poorly moderated spam network. A shocking percentage of profiles are obviously fake: stolen photos, incoherent bios, robotic prompt answers, and accounts that cannot even form complete sentences. It is painfully obvious that little to no meaningful moderation is taking place.
There is absolutely no excuse for swiping through 10 profiles and finding that more than half are clearly fabricated. The fact that Bumble continues charging outrageously high weekly subscription fees while failing to maintain even the most basic level of authenticity or quality control is insulting to paying users. You are asking people to spend real money on a platform where a substantial portion of the user base appears to be fake, inactive, or algorithmically recycled.
At this point, Bumble feels less interested in helping people connect and more interested in inflating engagement metrics while delivering an increasingly hollow product. For a company that markets itself as progressive and community-oriented, the actual user experience especially for LGBTQIA+ users has become frustrating, deceptive, and deeply disappointing.",,,,,1,,-0.9908,0.067,0.149,0.784,negative
app_store,2026-05-13,,"24 hours to respond once a match is made or you lose the Match forever?! Absolutely stupid! I don’t check the app everyday. The person that came up with that idea is an idiot! App also doesn’t notify you of a match or message when you have the app open, you have to go look or you’ll never know. Had someone match with me last night, I ended up seeing it shortly after and had to message first, which I did. If she doesn’t respond in 24 hours, the match is gone. Absolutely stupid!","24 hours to respond once a match is made or you lose the Match forever?! Absolutely stupid! I don’t check the app everyday. The person that came up with that idea is an idiot! App also doesn’t notify you of a match or message when you have the app open, you have to go look or you’ll never know. Had someone match with me last night, I ended up seeing it shortly after and had to message first, which I did. If she doesn’t respond in 24 hours, the match is gone. Absolutely stupid!",,,,,1,,-0.9388,0,0.139,0.861,negative
app_store,2026-05-13,,"Couldn’t even finish my profile, was banned within minutes of beginning and only having time to post a few very basic pics (with shirt on, nothing provocative or political). I guess maybe being bald is offensive, or wearing jeans, a T-shirt, and work boots? Not sure.","Couldn’t even finish my profile, was banned within minutes of beginning and only having time to post a few very basic pics (with shirt on, nothing provocative or political). I guess maybe being bald is offensive, or wearing jeans, a T-shirt, and work boots? Not sure.",,,,,1,,-0.7883,0,0.156,0.844,negative
app_store,2026-05-13,,"Now I know how guys feel about bot accounts! Guys can now bypass by using one real pic where you can barely see them and a bunch of AI or fake pics of someone completely different. There is also no way to filter out couples looking for a 3rd, people seeking trans women, or trans men seeking women. To each his/her own, but I prefer a single male from the time born man who only wants a single woman from birth woman. Such a horrible waste of money and time. I’m so mad I wasted money on this stupid app! Also, when you do talk to someone they either get creepy right away or don’t want to drive out of their area and expect you to…I expect a compromise in driving, I’m not some dumb teenager willing to always drive somewhere for a boy.","Now I know how guys feel about bot accounts! Guys can now bypass by using one real pic where you can barely see them and a bunch of AI or fake pics of someone completely different. There is also no way to filter out couples looking for a 3rd, people seeking trans women, or trans men seeking women. To each his/her own, but I prefer a single male from the time born man who only wants a single woman from birth woman. Such a horrible waste of money and time. I’m so mad I wasted money on this stupid app! Also, when you do talk to someone they either get creepy right away or don’t want to drive out of their area and expect you to…I expect a compromise in driving, I’m not some dumb teenager willing to always drive somewhere for a boy.",,,,,1,,-0.9789,0.03,0.169,0.801,negative
app_store,2026-05-13,,"Had the app less than 3 days, and out of people already. I know it’s more people using the app in the city. I’m sticking with Duet and Hily","Had the app less than 3 days, and out of people already. I know it’s more people using the app in the city. I’m sticking with Duet and Hily",,,,,1,,0,0,0,1,neutral
app_store,2026-05-13,,Great app. Love it .,Great app. Love it .,,,,,5,,0.8519,0.735,0,0.265,positive
app_store,2026-05-13,,Homes are being taken and clean water is being destroyed by AI data centers forcibly being built where no one wants them. Good luck with the update I hope you go out of business.,Homes are being taken and clean water is being destroyed by AI data centers forcibly being built where no one wants them. Good luck with the update I hope you go out of business.,,,,,1,,0.7269,0.256,0.12,0.624,positive
app_store,2026-05-13,,"This app has become a joke. Way too many scammers. I did reported a lot of them but it’s becoming tiring. Beware, if a guy is asking for your phone number and then trying to convince you to sign up on a crypto platform to supposedly make a lot of money. DO NOT DO IT - is a scam. Many fake profiles also. The scammer/fake profiles are mostly very obvious from the pictures themselves. I deleted my account after being on the platform for many years. I used to use it a lot for the BFF feature to find potential friends. Unfortunately, as I said, way too many scammers with verified profiles.","This app has become a joke. Way too many scammers. I did reported a lot of them but it’s becoming tiring. Beware, if a guy is asking for your phone number and then trying to convince you to sign up on a crypto platform to supposedly make a lot of money. DO NOT DO IT - is a scam. Many fake profiles also. The scammer/fake profiles are mostly very obvious from the pictures themselves. I deleted my account after being on the platform for many years. I used to use it a lot for the BFF feature to find potential friends. Unfortunately, as I said, way too many scammers with verified profiles.",,,,,1,,0.4309,0.122,0.093,0.785,positive
app_store,2026-05-13,,"Apps like Hinge, Bumble, and Tinder are built for profit. Their free models will destroy your self esteem through feeding bad matches, hiding good ones, and tricking you into thinking that your match is just one swipe away if you pay for premium. 
Highly recommend ditching the dating apps and instead heading to a singles night. It’s worth it in the long run.
Though I do appreciate the feature where women must message first.","Apps like Hinge, Bumble, and Tinder are built for profit. Their free models will destroy your self esteem through feeding bad matches, hiding good ones, and tricking you into thinking that your match is just one swipe away if you pay for premium. 
Highly recommend ditching the dating apps and instead heading to a singles night. It’s worth it in the long run.
Though I do appreciate the feature where women must message first.",,,,,1,,0.8173,0.217,0.114,0.669,positive
app_store,2026-05-13,,"They’ll ban you and won’t tell you why. Any purchase you make is non refundable and doesn’t help in making connections. If/when you get banned you lose everything. And bumble always prompts you to spend hundreds of dollars across comments, superlikes, and membership fees. Very manipulative.


The app recommends people who are not compatible and miles away. Research shows that distance is the biggest factor in relationship success. No one is willing to travel an hour for a first date. 


Better to delete this app and meet people organically in person at local places like climbing gyms, run clubs, and classes.","They’ll ban you and won’t tell you why. Any purchase you make is non refundable and doesn’t help in making connections. If/when you get banned you lose everything. And bumble always prompts you to spend hundreds of dollars across comments, superlikes, and membership fees. Very manipulative.


The app recommends people who are not compatible and miles away. Research shows that distance is the biggest factor in relationship success. No one is willing to travel an hour for a first date. 


Better to delete this app and meet people organically in person at local places like climbing gyms, run clubs, and classes.",,,,,1,,0.296,0.117,0.098,0.785,positive
app_store,2026-05-13,,The CEO is planning to get rid of swipes- the things that let US choose- and switch to AI for matching. Ditch it. AI has no place in human connection.,The CEO is planning to get rid of swipes- the things that let US choose- and switch to AI for matching. Ditch it. AI has no place in human connection.,,,,,1,,-0.296,0,0.071,0.929,negative
app_store,2026-05-13,,"Literally men can’t do anything right but women are allowed to post bikini pics, have 0 accountability, have unlimited matches, be shallow as hell and date “younger” while men dating younger women is evil because the “young ho” or hook up culture has finally died down BUT once again dating apps don’t work for you favor (with or without a subscription). Back on 2018, it was expected for “older men” to date younger women but now if I want a younger non promiscuous women I’ll be penalized, manipulated and shadow banned “which is not a thing but proven, just like how women have ruined dating”","Literally men can’t do anything right but women are allowed to post bikini pics, have 0 accountability, have unlimited matches, be shallow as hell and date “younger” while men dating younger women is evil because the “young ho” or hook up culture has finally died down BUT once again dating apps don’t work for you favor (with or without a subscription). Back on 2018, it was expected for “older men” to date younger women but now if I want a younger non promiscuous women I’ll be penalized, manipulated and shadow banned “which is not a thing but proven, just like how women have ruined dating”",,,,,1,,-0.978,0.062,0.227,0.711,negative
app_store,2026-05-13,,Deleting my account due to your decision to implement AI with the intention of it speaking on my behalf.,Deleting my account due to your decision to implement AI with the intention of it speaking on my behalf.,,,,,1,,0,0,0,1,neutral
app_store,2026-05-13,,I haven’t really gotten to use this app really because every single thing is trapped behind a paywall- making this app free to download but having to pay to actually use it once it’s downloaded makes absolutely no sense.,I haven’t really gotten to use this app really because every single thing is trapped behind a paywall- making this app free to download but having to pay to actually use it once it’s downloaded makes absolutely no sense.,,,,,3,,-0.598,0.049,0.159,0.792,negative
app_store,2026-05-12,,My like Ty,My like Ty,,,,,5,,0.6249,0.836,0,0.164,positive
app_store,2026-05-12,,"I always had mixed to positive feelings about Bumble as an app, but the company’s recent decision to replace profile swiping with AI matchmaking killed any remaining desire to continue using their service. Dating is an innately human experience, so I don’t understand what the point of using Bumble is anymore if it expects me to let a computer decide for me who I should date. I have deleted my Bumble account and will never be using Bumble again.","I always had mixed to positive feelings about Bumble as an app, but the company’s recent decision to replace profile swiping with AI matchmaking killed any remaining desire to continue using their service. Dating is an innately human experience, so I don’t understand what the point of using Bumble is anymore if it expects me to let a computer decide for me who I should date. I have deleted my Bumble account and will never be using Bumble again.",,,,,1,,-0.34,0.066,0.071,0.863,negative
app_store,2026-05-12,,"This app has had numerous problems, but now in one of the most tone deaf and idiotic moves, the CEO would rather shove in AI than deal with the issues","This app has had numerous problems, but now in one of the most tone deaf and idiotic moves, the CEO would rather shove in AI than deal with the issues",,,,,1,,-0.775,0,0.194,0.806,negative
app_store,2026-05-12,,I heard that Bumble is planning to add AI to the matchmaking process and immediately deleted my account and uninstalled the app. This is a terrible idea and I want nothing to do with it.,I heard that Bumble is planning to add AI to the matchmaking process and immediately deleted my account and uninstalled the app. This is a terrible idea and I want nothing to do with it.,,,,,1,,-0.4215,0.035,0.083,0.882,negative
app_store,2026-05-12,,One of the worst 3 apps on the market including tinder and hinge.,One of the worst 3 apps on the market including tinder and hinge.,,,,,1,,-0.6249,0,0.255,0.745,negative
app_store,2026-05-12,,Deleted account as well as app due to upcoming updates. Consumers do not want ai.,Deleted account as well as app due to upcoming updates. Consumers do not want ai.,,,,,1,,0.2211,0.129,0.075,0.796,positive
app_store,2026-05-12,,NOT AVAILABLE IN IRAN!,NOT AVAILABLE IN IRAN!,,,,,1,,0,0,0,1,neutral
app_store,2026-05-12,,"Hello! I think it would ve very very helpful if you added the option at the beginning where we select our specific physical type… like hair color, eye color, etc… 🙏🏼😁 because other wise is a lot of waisted time swiping","Hello! I think it would ve very very helpful if you added the option at the beginning where we select our specific physical type… like hair color, eye color, etc… 🙏🏼😁 because other wise is a lot of waisted time swiping",,,,,3,,0.9055,0.21,0,0.79,positive
app_store,2026-05-12,,I noticed that there were cute guys who did like me when I went to the section that showed me who has liked me… but unless I pay money I will never match with them. A lot of the guys it showed me were on travel mode which means they just wanted a one night stand which I was super not into. Idk hard to even get a quality date if you’re not paying for a subscription. Deleted the app. Not worth it.,I noticed that there were cute guys who did like me when I went to the section that showed me who has liked me… but unless I pay money I will never match with them. A lot of the guys it showed me were on travel mode which means they just wanted a one night stand which I was super not into. Idk hard to even get a quality date if you’re not paying for a subscription. Deleted the app. Not worth it.,,,,,1,,0.8515,0.15,0.039,0.811,positive
app_store,2026-05-12,,They will make you like and then you will have a bunch of likes to make but you buy so you can see your likes and they are all FAKE!!!!! STRAIGHT SCAM!!!,They will make you like and then you will have a bunch of likes to make but you buy so you can see your likes and they are all FAKE!!!!! STRAIGHT SCAM!!!,,,,,1,,-0.6973,0.219,0.255,0.527,negative
app_store,2026-05-11,,"it has been a day since i last got into my account. from then on, it keeps on loading. it’s not working.. my app is off. i cant find my desirable people. please fix it so that i can use it again. why is it loading so much and not showing anything??","it has been a day since i last got into my account. from then on, it keeps on loading. it’s not working.. my app is off. i cant find my desirable people. please fix it so that i can use it again. why is it loading so much and not showing anything??",,,,,1,,0.1774,0.049,0.036,0.915,positive
app_store,2026-05-11,,"it has been a day since i last got into my account. from then on, it keeps on loading. it’s not working.. my app is off. i cant find my desirable people. please fix it so that i can use it again. why is it loading so much and not showing anything??","it has been a day since i last got into my account. from then on, it keeps on loading. it’s not working.. my app is off. i cant find my desirable people. please fix it so that i can use it again. why is it loading so much and not showing anything??",,,,,2,,0.1774,0.049,0.036,0.915,positive
app_store,2026-05-11,,This app has been around a long time and the company should have the data to show that brown men and black women are constantly being disregarded. So when a person who matched with me says hateful prejudice and ignorant rhetoric.. bumble having the messages on their end and does nothing about it. Investors can see the damage you allow.,This app has been around a long time and the company should have the data to show that brown men and black women are constantly being disregarded. So when a person who matched with me says hateful prejudice and ignorant rhetoric.. bumble having the messages on their end and does nothing about it. Investors can see the damage you allow.,,,,,1,,-0.91,0.027,0.205,0.768,negative
app_store,2026-05-11,,"The app has become practically useless. It takes forever to load, and the matching system keeps showing me people I never swiped right on. Dating apps in general don’t seem to help people meet genuinely interesting connections anymore, and Bumble is one of the worst right now. The platform is flooded with bots, multiple duplicate accounts, and very obvious AI-generated pictures. At the end of the day, it’s just a waste of time, energy, and money for absolutely nothing in return. I’ll be canceling my subscription and deleting my account. There’s no real benefit … it’s become another app for mindless scrolling and empty entertainment.","The app has become practically useless. It takes forever to load, and the matching system keeps showing me people I never swiped right on. Dating apps in general don’t seem to help people meet genuinely interesting connections anymore, and Bumble is one of the worst right now. The platform is flooded with bots, multiple duplicate accounts, and very obvious AI-generated pictures. At the end of the day, it’s just a waste of time, energy, and money for absolutely nothing in return. I’ll be canceling my subscription and deleting my account. There’s no real benefit … it’s become another app for mindless scrolling and empty entertainment.",,,,,1,,-0.8307,0.083,0.155,0.762,negative
app_store,2026-05-11,,"I’ve been using bumble since around 2015. I’ve never gone on a date or met anyone despite swiping on hundreds of thousands of profiles. 


Their prices are asinine. Their automated bot customer service is asinine. Their algorithm and the seemingly designed isolation this all causes…asinine. 


Now they have 3 second ads. More wasting my life, burning it away second by second with advertisements I’ll never buy the products of or watch the useless content. Nor do I ever get dates, this app is an empty promise. Empty connection. Impersonal service. Empty hearts. And fueled by the desire to empty your wallet.","I’ve been using bumble since around 2015. I’ve never gone on a date or met anyone despite swiping on hundreds of thousands of profiles. 


Their prices are asinine. Their automated bot customer service is asinine. Their algorithm and the seemingly designed isolation this all causes…asinine. 


Now they have 3 second ads. More wasting my life, burning it away second by second with advertisements I’ll never buy the products of or watch the useless content. Nor do I ever get dates, this app is an empty promise. Empty connection. Impersonal service. Empty hearts. And fueled by the desire to empty your wallet.",,,,,1,,-0.6901,0.079,0.153,0.767,negative
app_store,2026-05-11,,It’s really annoying like we need to do puzzle 10 times if i do correctly then it doesn’t work,It’s really annoying like we need to do puzzle 10 times if i do correctly then it doesn’t work,,,,,1,,-0.0553,0.122,0.131,0.747,negative
app_store,2026-05-11,,"The number is from USA not Puerto Rico, automatically change it to Puerto Rico and can’t get the
Code","The number is from USA not Puerto Rico, automatically change it to Puerto Rico and can’t get the
Code",,,,,1,,0.0772,0.067,0,0.933,positive
app_store,2026-05-11,,"This is a terrible app. most of the time you’ll find fake profiles. This site either paid these people to have fake /create profiles or they just don’t vet the people they let on to this site. 
Also this site charged me for something I did not ask for (the charge me for a Reoccurring subscription) I could not find where to cancel, you have to go to a bot and they will help you there. They do this so they could steal your money. when I ask for a refundThey said that they could not refund me. this is a terrible site.","This is a terrible app. most of the time you’ll find fake profiles. This site either paid these people to have fake /create profiles or they just don’t vet the people they let on to this site. 
Also this site charged me for something I did not ask for (the charge me for a Reoccurring subscription) I could not find where to cancel, you have to go to a bot and they will help you there. They do this so they could steal your money. when I ask for a refundThey said that they could not refund me. this is a terrible site.",,,,,1,,-0.9308,0.041,0.166,0.793,negative
app_store,2026-05-11,,Their automated system blocked my account for making a joke. No context or look into the actual conversation just blocked and unable to talk to a real person to resolve this.,Their automated system blocked my account for making a joke. No context or look into the actual conversation just blocked and unable to talk to a real person to resolve this.,,,,,1,,-0.1531,0.129,0.172,0.699,negative
app_store,2026-05-11,,This dating app is so expensive and I can’t find my match it’s just useless and waste of time.,This dating app is so expensive and I can’t find my match it’s just useless and waste of time.,,,,,1,,-0.6808,0,0.248,0.752,negative
app_store,2026-05-11,,"I have not used a dating app in almost 8 years. I created an account, verified my identity, and went to bed. I was banned in less than 12 hours. Zero conversations. Support was not helpful in any way. RIP dating apps.","I have not used a dating app in almost 8 years. I created an account, verified my identity, and went to bed. I was banned in less than 12 hours. Zero conversations. Support was not helpful in any way. RIP dating apps.",,,,,1,,-0.1611,0.098,0.111,0.791,negative
app_store,2026-05-10,,"“Can you turn your location on please?” The first major red flag. They say it’s so they can match you with locals! Right, which is why all their scammers who are using a feature to fake being in our location, keep being our only matches on here. Ah yes the ol “passport holder” or “message you from a distance fraud” that all dating apps now use. The game is that they’re abusing matching by letting foreigners match with you, who for some reason, are super excited for you specifically, despite that they are in another country. You need your location to find locals, instead are being fed “passport holders” which is a funny little name that means they do not live in your country at all. Would you like to be verified? We will just take a selfie!” Ok, seems ok I guess.. *proceeds to follow instructions* “would you like to GIVE US ACCESS TO YOUR MICROPHONE?” Uhm, no? That’s creepy! Bumble - “we won’t let you verify your SELFIE unless we can gain access to your audio.” Ok… whatever.. *proceeds to open the app* “get even MORE verified by getting a different color badge than the one we just gave you by violating your privacy, by violating your privacy even more by stating you can get EVEN MORE verified if you just give us your actual I.D.” Ok, this app needs to be reported to the FBI. This should not be legal.","“Can you turn your location on please?” The first major red flag. They say it’s so they can match you with locals! Right, which is why all their scammers who are using a feature to fake being in our location, keep being our only matches on here. Ah yes the ol “passport holder” or “message you from a distance fraud” that all dating apps now use. The game is that they’re abusing matching by letting foreigners match with you, who for some reason, are super excited for you specifically, despite that they are in another country. You need your location to find locals, instead are being fed “passport holders” which is a funny little name that means they do not live in your country at all. Would you like to be verified? We will just take a selfie!” Ok, seems ok I guess.. *proceeds to follow instructions* “would you like to GIVE US ACCESS TO YOUR MICROPHONE?” Uhm, no? That’s creepy! Bumble - “we won’t let you verify your SELFIE unless we can gain access to your audio.” Ok… whatever.. *proceeds to open the app* “get even MORE verified by getting a different color badge than the one we just gave you by violating your privacy, by violating your privacy even more by stating you can get EVEN MORE verified if you just give us your actual I.D.” Ok, this app needs to be reported to the FBI. This should not be legal.",,,,,1,,0.871,0.091,0.054,0.856,positive
app_store,2026-05-10,,How are they still in business ? 😂this app is garbage.,How are they still in business ? 😂this app is garbage.,,,,,1,,-0.2263,0,0.119,0.881,negative
app_store,2026-05-10,,I was threatened sexual assault by a man on this app and after reporting and emailing support about it they banned me,I was threatened sexual assault by a man on this app and after reporting and emailing support about it they banned me,,,,,1,,-0.7964,0.089,0.321,0.59,negative
app_store,2026-05-10,,"How TF can they get away with charging $32.99 a week. They’re praying on people that truly want connection and I’m irate about it. I mean, I don’t mind paying for a subscription for a dating app, but this is out of control.","How TF can they get away with charging $32.99 a week. They’re praying on people that truly want connection and I’m irate about it. I mean, I don’t mind paying for a subscription for a dating app, but this is out of control.",,,,,1,,0.1027,0.105,0.053,0.842,positive
app_store,2026-05-10,,"This app is NOT SAFE! Users are sending me suspicious links and there's not way to report the link. I can report their messages that don't have a link, but I can't report the message with the suspicious link. This company needs reviewed, I have video evidence!!!!","This app is NOT SAFE! Users are sending me suspicious links and there's not way to report the link. I can report their messages that don't have a link, but I can't report the message with the suspicious link. This company needs reviewed, I have video evidence!!!!",,,,,1,,-0.7988,0,0.156,0.844,negative
app_store,2026-05-10,,I bought the lifetime and spent countless hours in the last few years chasing love. I am done playing your stupid game and pointless restrictions.,I bought the lifetime and spent countless hours in the last few years chasing love. I am done playing your stupid game and pointless restrictions.,,,,,1,,0.3818,0.191,0.108,0.701,positive
app_store,2026-05-10,,You can match with real people but mostly they hide your matches and never show them to you to entice you to pay for a premium subscription. I’ve had ‘7 matches’ for 6 months and somehow have never been able to come across their profile.,You can match with real people but mostly they hide your matches and never show them to you to entice you to pay for a premium subscription. I’ve had ‘7 matches’ for 6 months and somehow have never been able to come across their profile.,,,,,2,,-0.3919,0,0.078,0.922,negative
app_store,2026-05-10,,"This app is bad! You never get any matches! It’s like no one is one here. The ones that do like you, never text first. I’ve tried the app multiple times. Expanded my area up to 100 miles and nothing.","This app is bad! You never get any matches! It’s like no one is one here. The ones that do like you, never text first. I’ve tried the app multiple times. Expanded my area up to 100 miles and nothing.",,,,,1,,-0.3147,0.106,0.133,0.761,negative
app_store,2026-05-10,,"This app is amazing.  Girls are beautiful, but I’ve never had a response.🤔","This app is amazing.  Girls are beautiful, but I’ve never had a response.🤔",,,,,5,,0.5927,0.272,0,0.728,positive
app_store,2026-05-10,,You have to pay for everything basic.,You have to pay for everything basic.,,,,,1,,-0.1027,0,0.189,0.811,negative
app_store,2026-05-10,,"This app builds a lot of fake likes to get you to pay for their memberships. Once you do, you’ll only see people that live far away from you that probably didn’t even like your profile. You can spend hundreds of dollars hoping this app will be honest but you’ll never meet your match with out paying","This app builds a lot of fake likes to get you to pay for their memberships. Once you do, you’ll only see people that live far away from you that probably didn’t even like your profile. You can spend hundreds of dollars hoping this app will be honest but you’ll never meet your match with out paying",,,,,1,,0.5346,0.124,0.052,0.823,positive
app_store,2026-05-10,,I hate how companies do auto renewal for subscriptions services.,I hate how companies do auto renewal for subscriptions services.,,,,,3,,-0.5719,0,0.291,0.709,negative
app_store,2026-05-10,,After you cancel subscription they keep charging you and than they say it’s Apple problem and you can’t get a refund,After you cancel subscription they keep charging you and than they say it’s Apple problem and you can’t get a refund,,,,,1,,-0.5719,0,0.198,0.802,negative
app_store,2026-05-10,,This app is PROTECTING PREDATORS not you!!!!!!,This app is PROTECTING PREDATORS not you!!!!!!,,,,,1,,0,0,0,1,neutral
app_store,2026-05-10,,"I dont know who needs to hear this but if you’re an average guy with average height / look, your profile will be filtered out with their algorithm. You’ll be lucky if you can find 1 match with hours of swiping. Only the top 10% guys gets all the matches.","I dont know who needs to hear this but if you’re an average guy with average height / look, your profile will be filtered out with their algorithm. You’ll be lucky if you can find 1 match with hours of swiping. Only the top 10% guys gets all the matches.",,,,,1,,0.7096,0.109,0,0.891,positive
app_store,2026-05-09,,The app is just trying to get your money all the gimmicks don’t really work and don’t connect with anything I would say don’t use it,The app is just trying to get your money all the gimmicks don’t really work and don’t connect with anything I would say don’t use it,,,,,1,,0,0,0,1,neutral
app_store,2026-05-09,,The worst dating app overall. Idk who’s rating this app more than one star. This app forces non connection between individuals.,The worst dating app overall. Idk who’s rating this app more than one star. This app forces non connection between individuals.,,,,,1,,-0.6705,0,0.224,0.776,negative
app_store,2026-05-09,,"Bumble has been extremely frustrating to use. The app won’t let me log into my account, and every time I try creating a new one, it either crashes or gives an error. I’ve tried reinstalling the app, clearing data, and using different login methods, but nothing works. Customer support hasn’t been helpful either. Really disappointing experience for an app that’s supposed to connect people.","Bumble has been extremely frustrating to use. The app won’t let me log into my account, and every time I try creating a new one, it either crashes or gives an error. I’ve tried reinstalling the app, clearing data, and using different login methods, but nothing works. Customer support hasn’t been helpful either. Really disappointing experience for an app that’s supposed to connect people.",,,,,1,,-0.7409,0.071,0.155,0.775,negative
app_store,2026-05-09,,Says I have matches but they never seem to show up,Says I have matches but they never seem to show up,,,,,1,,0,0,0,1,neutral
app_store,2026-05-09,,"My friend was offered Bumble Lifetime for around $160 while I was shown nearly $270 for the exact same feature. It feels inconsistent and manipulative when users are charged different prices without clear explanation. The app itself is fine, but the dynamic pricing leaves a bad impression and makes it hard to trust the value of premium features.","My friend was offered Bumble Lifetime for around $160 while I was shown nearly $270 for the exact same feature. It feels inconsistent and manipulative when users are charged different prices without clear explanation. The app itself is fine, but the dynamic pricing leaves a bad impression and makes it hard to trust the value of premium features.",,,,,1,,0.8342,0.228,0.121,0.651,positive
app_store,2026-05-09,,"WTF is wrong with your algorithm? Every suggestion is the complete opposite of what I am looking for. If I filter for a certain type of person everyone I don’t want can still see me. I’m paying for the app, but that’s not an upgrade. If I don’t want to meet people fifty miles away then people that far away should not be able to see my profile. It makes no sense. There should be no unverified accounts. Everyone should have to list their job. Everyone should have to fill out facts about themselves in their bio and not put a list of demands in that area.If I have to have six pictures, everyone should then also have to have six pictures or the app won’t work for them. They get locked out until they upload the proper amount. Over and over again there are men on here with no location. I don’t know how they do it but they do. Those accounts should be banned.","WTF is wrong with your algorithm? Every suggestion is the complete opposite of what I am looking for. If I filter for a certain type of person everyone I don’t want can still see me. I’m paying for the app, but that’s not an upgrade. If I don’t want to meet people fifty miles away then people that far away should not be able to see my profile. It makes no sense. There should be no unverified accounts. Everyone should have to list their job. Everyone should have to fill out facts about themselves in their bio and not put a list of demands in that area.If I have to have six pictures, everyone should then also have to have six pictures or the app won’t work for them. They get locked out until they upload the proper amount. Over and over again there are men on here with no location. I don’t know how they do it but they do. Those accounts should be banned.",,,,,2,,-0.9333,0.023,0.097,0.88,negative
app_store,2026-05-08,,"This app will hold all of the people who like you hostage behind a paywall. And it will NEVER show the people who like you in your feed. Only inactive accounts, so that you start feeling desperate and pay more money.  This app is on a fast track for a class action lawsuit with the way the developers are blatantly lying in their review responses about being able to find people who liked you in your feed without paying. The 24 hour limit to start talking is completely unnecessary and absolutely ridiculous. And the amount they charge is completely atrocious.","This app will hold all of the people who like you hostage behind a paywall. And it will NEVER show the people who like you in your feed. Only inactive accounts, so that you start feeling desperate and pay more money.  This app is on a fast track for a class action lawsuit with the way the developers are blatantly lying in their review responses about being able to find people who liked you in your feed without paying. The 24 hour limit to start talking is completely unnecessary and absolutely ridiculous. And the amount they charge is completely atrocious.",,,,,1,,-0.3597,0.083,0.105,0.812,negative
app_store,2026-05-08,,A poor lady’s same pic keeps popping up on different accounts. When you try to file a report Bumble offers you a fake screen to fill out that does not work. I have seen this poor lady on at least 5 different accounts.,A poor lady’s same pic keeps popping up on different accounts. When you try to file a report Bumble offers you a fake screen to fill out that does not work. I have seen this poor lady on at least 5 different accounts.,,,,,1,,-0.8697,0,0.197,0.803,negative
app_store,2026-05-08,,"You are charging me $20 for two compliments very high compared to $13 for three at Tinder. Because of this, I use their site way more than your site.","You are charging me $20 for two compliments very high compared to $13 for three at Tinder. Because of this, I use their site way more than your site.",,,,,2,,0.4019,0.088,0,0.912,positive
app_store,2026-05-08,,Don’t even waste your time on this soul crushing detriment to our society,Don’t even waste your time on this soul crushing detriment to our society,,,,,1,,-0.6486,0,0.325,0.675,negative
app_store,2026-05-08,,If you’re a woman don’t bother downloading this app. Especially if you’re attractive. If you reject a guy all he has to do is report you for “bullying/selling services” and your account will be banned even if you’re obviously not doing those things. This is obviously happening to thousands of women especially after purchasing premium so check your email for that class action lawsuit!,If you’re a woman don’t bother downloading this app. Especially if you’re attractive. If you reject a guy all he has to do is report you for “bullying/selling services” and your account will be banned even if you’re obviously not doing those things. This is obviously happening to thousands of women especially after purchasing premium so check your email for that class action lawsuit!,,,,,1,,-0.7293,0.044,0.142,0.814,negative
app_store,2026-05-08,,Wtf are there so many ugly dudes trying to pretend they are women I am trying to have a family with children 🤦🏻‍♂️,Wtf are there so many ugly dudes trying to pretend they are women I am trying to have a family with children 🤦🏻‍♂️,,,,,1,,-0.8307,0,0.252,0.748,negative
app_store,2026-05-08,,"Deberían darle prioridad a la gente cercana de mi ciudad, que esté al menos 10 o 15 km a la redonda no gente que está a decenas de kilómetros ☹️","Deberían darle prioridad a la gente cercana de mi ciudad, que esté al menos 10 o 15 km a la redonda no gente que está a decenas de kilómetros ☹️",,,,,3,,-0.5574,0,0.137,0.863,negative
app_store,2026-05-08,,"Other reviews are displeased, I’m displeased, this app and its devs are going to struggle in the future to make ends meet if they keep making the decisions they’re making","Other reviews are displeased, I’m displeased, this app and its devs are going to struggle in the future to make ends meet if they keep making the decisions they’re making",,,,,1,,-0.7964,0,0.231,0.769,negative
app_store,2026-05-08,,Can’t seem to signup is frustrating plz fix ur app,Can’t seem to signup is frustrating plz fix ur app,,,,,1,,-0.3818,0.107,0.238,0.656,negative
app_store,2026-05-07,,"As a woman I would strongly discourage people from using this app. And please don’t fall for let’s exchange phone numbers with someone you don’t even know. All the “relationships” I had thru this app were horrible. I maybe met one person who was actually a good human being. That feature about your location put me at big risk once. Stay safe and cancel ✌️. Try organic stuff, be more social, sometimes staying single is even safer. I had to report one of my dates to the police and we went on trial. Never again.","As a woman I would strongly discourage people from using this app. And please don’t fall for let’s exchange phone numbers with someone you don’t even know. All the “relationships” I had thru this app were horrible. I maybe met one person who was actually a good human being. That feature about your location put me at big risk once. Stay safe and cancel ✌️. Try organic stuff, be more social, sometimes staying single is even safer. I had to report one of my dates to the police and we went on trial. Never again.",,,,,1,,0.3818,0.118,0.094,0.788,positive
app_store,2026-05-07,,This app is just a gateway for scammers,This app is just a gateway for scammers,,,,,1,,0,0,0,1,neutral
app_store,2026-05-07,,This app isnt designed to help u get off it. Its designed to keep u swiping and wasting ur life away when u can be doing something more productive.,This app isnt designed to help u get off it. Its designed to keep u swiping and wasting ur life away when u can be doing something more productive.,,,,,1,,-0.607,0,0.155,0.845,negative
app_store,2026-05-07,,"Bumble used to be a good app, but their greed has gotten the best of them. You are allowed very few free swipes a day. Stick with Tinder, or FB dating. Stay far away from Bumble unless you wanna pag thru the nose for swipes.","Bumble used to be a good app, but their greed has gotten the best of them. You are allowed very few free swipes a day. Stick with Tinder, or FB dating. Stay far away from Bumble unless you wanna pag thru the nose for swipes.",,,,,1,,0.877,0.221,0.062,0.717,positive
app_store,2026-05-07,,blocked for “abusive behavior” bc someone claimed to be a female but then told me they were born a man in a message. I said they were not a female and they reported me,blocked for “abusive behavior” bc someone claimed to be a female but then told me they were born a man in a message. I said they were not a female and they reported me,,,,,1,,-0.1406,0,0.045,0.955,negative
app_store,2026-05-07,,Love that I can use Bumble BFF in other countries to meet me girlfriends!,Love that I can use Bumble BFF in other countries to meet me girlfriends!,,,,,5,,0.8786,0.432,0,0.568,positive
app_store,2026-05-07,,Waisting time after meeting them because pictures aren’t accurate,Waisting time after meeting them because pictures aren’t accurate,,,,,2,,0,0,0,1,neutral
app_store,2026-05-07,,Enjoying  Bumble awesome!,Enjoying  Bumble awesome!,,,,,5,,0.8313,0.886,0,0.114,positive
app_store,2026-05-07,,"It guides you to subscribe through the app and not through Apple. I was charged a recurring $32.99 per week, but did not realize it. Those charges add up quickly. I understand subscriptions may renew automatically, but there were no reminders, or messages that it was being renewed. I didn’t see it until I saw my credit card statement. The app was fine, but the billing experience left a very negative impression.","It guides you to subscribe through the app and not through Apple. I was charged a recurring $32.99 per week, but did not realize it. Those charges add up quickly. I understand subscriptions may renew automatically, but there were no reminders, or messages that it was being renewed. I didn’t see it until I saw my credit card statement. The app was fine, but the billing experience left a very negative impression.",,,,,1,,-0.6088,0.098,0.144,0.758,negative
app_store,2026-05-07,,"For $20 for a week, you still don’t get access to seeing who liked you.  It isn’t clear from the promotional material.","For $20 for a week, you still don’t get access to seeing who liked you.  It isn’t clear from the promotional material.",,,,,1,,0.6597,0.213,0,0.787,positive
app_store,2026-05-07,,Obscure recurring subscriptions and  hidden unsubscribe tabs so you never can figure it out. Never pay again,Obscure recurring subscriptions and  hidden unsubscribe tabs so you never can figure it out. Never pay again,,,,,1,,0.0762,0.075,0,0.925,positive
app_store,2026-05-07,,"This app is not for the people; it was made only to gain money. Everything costs money, and they show the worst people on your feed or those who aren't swiping on you. Then thet show 100 people who like you, but you can't even match with any of them","This app is not for the people; it was made only to gain money. Everything costs money, and they show the worst people on your feed or those who aren't swiping on you. Then thet show 100 people who like you, but you can't even match with any of them",,,,,1,,0.1027,0.074,0.048,0.879,positive
app_store,2026-05-07,,Way to many scammers/bots,Way to many scammers/bots,,,,,1,,0,0,0,1,neutral
app_store,2026-05-07,,"Men, if you’re reading this don’t download bumble. It is the worst dating app for men. How do they give you have 50+ matches waiting but you only give 3 swipes a day without premium. 


Deleting this app for sure","Men, if you’re reading this don’t download bumble. It is the worst dating app for men. How do they give you have 50+ matches waiting but you only give 3 swipes a day without premium. 


Deleting this app for sure",,,,,1,,0.1027,0.068,0.059,0.874,positive
app_store,2026-05-07,,"The second you pay for anything they shadow ban you


Edit. Same tactic again. You get 50+ likes nearly a day . Then you pay for the app and you get none. Basically thrown out of the filters. They’re just flat out thieves.","The second you pay for anything they shadow ban you


Edit. Same tactic again. You get 50+ likes nearly a day . Then you pay for the app and you get none. Basically thrown out of the filters. They’re just flat out thieves.",,,,,1,,-0.7096,0.055,0.192,0.752,negative
app_store,2026-05-07,,There has been a glitch on the app for a week now where I’m unable to make a payment for the subscription without using Apple Pay. Please have someone other than AI contact me immediately.,There has been a glitch on the app for a week now where I’m unable to make a payment for the subscription without using Apple Pay. Please have someone other than AI contact me immediately.,,,,,1,,0.381,0.098,0,0.902,positive
app_store,2026-05-06,,"Horrible customer service. No humans, AI only.","Horrible customer service. No humans, AI only.",,,,,1,,-0.6908,0,0.533,0.467,negative
app_store,2026-05-06,,"So I can’t connect or chat with anyone without paying for it? That makes absolutely no sense. There are extra things that you can pay for, but having to pay to actually talk to someone basically makes the app inaccessible if you’re not able to pay for the premium. It was very greedy and very disappointing. So don’t get this app unless you have the money to pay, otherwise you’re just going to be swiping aimlessly and having people like you without being able to actually chat with them or see  Hinge is so much better, user friendly and you can actually meet people without having to pay. Taimi is a good second option.","So I can’t connect or chat with anyone without paying for it? That makes absolutely no sense. There are extra things that you can pay for, but having to pay to actually talk to someone basically makes the app inaccessible if you’re not able to pay for the premium. It was very greedy and very disappointing. So don’t get this app unless you have the money to pay, otherwise you’re just going to be swiping aimlessly and having people like you without being able to actually chat with them or see  Hinge is so much better, user friendly and you can actually meet people without having to pay. Taimi is a good second option.",,,,,1,,0.7415,0.138,0.106,0.757,positive
app_store,2026-05-06,,Costs $20 PER WEEK to see who likes you. Otherwise you just have to swipe for days to hopefully encounter their profile. I’ve paid for premium before and it seems that only when I cancel premium do the likes actually start coming to entice me to start wasting my money on a dating app subscription. There are real people on the app and matches to be made but this app intentionally makes connection difficult to extract money from you. Don’t pay $100/ month for features that are FREE on other apps,Costs $20 PER WEEK to see who likes you. Otherwise you just have to swipe for days to hopefully encounter their profile. I’ve paid for premium before and it seems that only when I cancel premium do the likes actually start coming to entice me to start wasting my money on a dating app subscription. There are real people on the app and matches to be made but this app intentionally makes connection difficult to extract money from you. Don’t pay $100/ month for features that are FREE on other apps,,,,,1,,0.6123,0.109,0.08,0.811,positive
app_store,2026-05-05,,Only matching with scammers. This is bad for mental health. Makes me feel very bad about myself. Quit early and they kept my money even though I deleted my account. This whole app feels predatory to singles.,Only matching with scammers. This is bad for mental health. Makes me feel very bad about myself. Quit early and they kept my money even though I deleted my account. This whole app feels predatory to singles.,,,,,1,,-0.807,0,0.172,0.828,negative
app_store,2026-05-05,,"Bumble takes your $, and EMOTIONALLY ABUSE you by MANIPULATING your ‘feed’ of ‘recommended dates’—Their actions are RACIST, systemic,& ✋ in 🧤s with F8i—They treat you LIKE CRIMINALS —& they are super-CREEPY (makes you feel bad for all those sharing their intimate “sexy” photos with these creeps)—DELETE your account ASAP—allow yourself some HAPPINESS & peace —F, Bumble","Bumble takes your $, and EMOTIONALLY ABUSE you by MANIPULATING your ‘feed’ of ‘recommended dates’—Their actions are RACIST, systemic,& ✋ in 🧤s with F8i—They treat you LIKE CRIMINALS —& they are super-CREEPY (makes you feel bad for all those sharing their intimate “sexy” photos with these creeps)—DELETE your account ASAP—allow yourself some HAPPINESS & peace —F, Bumble",,,,,1,,-0.4707,0.226,0.238,0.537,negative
app_store,2026-05-05,,Too expensive and profiting off someone’s loneliness just to be met by bots and scammers,Too expensive and profiting off someone’s loneliness just to be met by bots and scammers,,,,,1,,-0.0516,0.141,0.152,0.707,negative
app_store,2026-05-05,,They also don’t send you any proof or why your account was banned. They just do it at random.,They also don’t send you any proof or why your account was banned. They just do it at random.,,,,,1,,-0.4588,0,0.143,0.857,negative
app_store,2026-05-05,,Don’t like the fact I cannot buy premium through App Store. Now it’s a whole work around and makes it harder to cancel,Don’t like the fact I cannot buy premium through App Store. Now it’s a whole work around and makes it harder to cancel,,,,,1,,0.128,0.098,0.078,0.824,positive
app_store,2026-05-05,,Barely any active users in my area. Seems like the app limits those nearby to force you to pay. I don’t want to meet women that live hours away but every time I get on here it only shows me like 2-5 girls within my area then tells me to adjust my filters.,Barely any active users in my area. Seems like the app limits those nearby to force you to pay. I don’t want to meet women that live hours away but every time I get on here it only shows me like 2-5 girls within my area then tells me to adjust my filters.,,,,,2,,0.6869,0.138,0.021,0.841,positive
app_store,2026-05-05,,It feels like basic features are locked behind a paywall?? like many other apps let you see who likes you without paying 15.99. makes it hard to enjoy the app at all,It feels like basic features are locked behind a paywall?? like many other apps let you see who likes you without paying 15.99. makes it hard to enjoy the app at all,,,,,2,,0.8738,0.286,0.035,0.679,positive
app_store,2026-05-05,,It’s genuinely baffling that you’re expected to pay so much money just to use the app. The “free version” is basically unusable because you aren’t able to filter other people or see your likes. Dating is hard enough without their being such a nonsensical barrier to entry.,It’s genuinely baffling that you’re expected to pay so much money just to use the app. The “free version” is basically unusable because you aren’t able to filter other people or see your likes. Dating is hard enough without their being such a nonsensical barrier to entry.,,,,,1,,0.128,0.056,0.086,0.858,positive
app_store,2026-05-05,,"You will find the ugliest souls on this app and get ripped off for it. It’s $40 a week! Every picture is extremely filtered and filled with women who are all the same. Feminism, reproductive rights, blm, lgbtq, and f trump. That’s literally all it is. This app is designed to be highly political and it brings out the absolute worst side of people. Insanely shallow women.","You will find the ugliest souls on this app and get ripped off for it. It’s $40 a week! Every picture is extremely filtered and filled with women who are all the same. Feminism, reproductive rights, blm, lgbtq, and f trump. That’s literally all it is. This app is designed to be highly political and it brings out the absolute worst side of people. Insanely shallow women.",,,,,1,,-0.8478,0,0.112,0.888,negative
app_store,2026-05-05,,"Bumble don’t tell me to contact your support.  
All the likes from guys are from OUT OF STATE GUYS OR  ONES 200-500 miles away!! That is some BS!! And then they don’t message back after you initiate. They’re all LAZY & make no effort. Lots of fake profiles & lack of effort. Even if you’re on here free.  DONT WASTE YOUR TIME OR $$  ON THIS OR ANY OF THE DATINGAPPS.  PURE GARBAGE!!!!","Bumble don’t tell me to contact your support.  
All the likes from guys are from OUT OF STATE GUYS OR  ONES 200-500 miles away!! That is some BS!! And then they don’t message back after you initiate. They’re all LAZY & make no effort. Lots of fake profiles & lack of effort. Even if you’re on here free.  DONT WASTE YOUR TIME OR $$  ON THIS OR ANY OF THE DATINGAPPS.  PURE GARBAGE!!!!",,,,,1,,0.4605,0.145,0.122,0.733,positive
app_store,2026-05-05,,The app loops on the verification process and customer support was no help.,The app loops on the verification process and customer support was no help.,,,,,1,,0.1134,0.169,0.141,0.689,positive
app_store,2026-05-05,,"I just dropped $130 dollars on my subscription, I live in a dead spot apparently near Fruita Colorado. I set my filters, which in my opinion weren’t that strict. Had a total of six compatible matches, don’t waste your time unless you live in a metro area.","I just dropped $130 dollars on my subscription, I live in a dead spot apparently near Fruita Colorado. I set my filters, which in my opinion weren’t that strict. Had a total of six compatible matches, don’t waste your time unless you live in a metro area.",,,,,1,,-0.7964,0,0.136,0.864,negative
app_store,2026-05-05,,"I understand that you are limiting it to be useful. It’s not useful. It’s making me hate your app. I’m running out of swipes so fast, and I’m not getting more until many hours later. Then I run out of those fast too. How am I supposed use your app, if I can’t use the one thing your app is useful for. That defeats the whole point of your app. Please fix this. I understand that you want people to pay for unlimited, but you make the people who can’t afford it, push away from your app. Since you give so little free swipes. I’m not saying give free unlimited, but add more swipes. That or have a watch an ad for 5 swipes.","I understand that you are limiting it to be useful. It’s not useful. It’s making me hate your app. I’m running out of swipes so fast, and I’m not getting more until many hours later. Then I run out of those fast too. How am I supposed use your app, if I can’t use the one thing your app is useful for. That defeats the whole point of your app. Please fix this. I understand that you want people to pay for unlimited, but you make the people who can’t afford it, push away from your app. Since you give so little free swipes. I’m not saying give free unlimited, but add more swipes. That or have a watch an ad for 5 swipes.",,,,,3,,0.171,0.082,0.077,0.841,positive
app_store,2026-05-05,,"Too expensive now! More than cell phone bill per month! 
Women no longer make 1st move, therefore men MUST pay, practically & realistically speaking. 
With age filter down to max:18, ALL women were late 20’s-early-mid-late 30’s; divorced, married (open), kids, etc.
Fake “Likes” I can’t see unless I pay.
Overall: Bumble worked and became popular because USA women make 1st move. They are 3rd/4th wave feminists. They ought to expect to make 1st move. It’s online, w/ their face filters, profile exaggerations (white lies). IF women can NOT (refuse) message men 1st via the safety of app. & online, then that’s on them! There is NO hope for real life connections. 😮‍💨
Bumble worked for me in July/Aug. 2022.
Suggestion: return to WHAT made Bumble! USA 🇺🇸Women exhibit effort: message 1st. Initiate conversation. Prove your “COMMUNICATION” skill.","Too expensive now! More than cell phone bill per month! 
Women no longer make 1st move, therefore men MUST pay, practically & realistically speaking. 
With age filter down to max:18, ALL women were late 20’s-early-mid-late 30’s; divorced, married (open), kids, etc.
Fake “Likes” I can’t see unless I pay.
Overall: Bumble worked and became popular because USA women make 1st move. They are 3rd/4th wave feminists. They ought to expect to make 1st move. It’s online, w/ their face filters, profile exaggerations (white lies). IF women can NOT (refuse) message men 1st via the safety of app. & online, then that’s on them! There is NO hope for real life connections. 😮‍💨
Bumble worked for me in July/Aug. 2022.
Suggestion: return to WHAT made Bumble! USA 🇺🇸Women exhibit effort: message 1st. Initiate conversation. Prove your “COMMUNICATION” skill.",,,,,2,,-0.773,0.048,0.104,0.848,negative
app_store,2026-05-05,,"Don’t buy anything, cheat app","Don’t buy anything, cheat app",,,,,1,,-0.4588,0,0.429,0.571,negative
app_store,2026-05-04,,Wish there was option for asexuals,Wish there was option for asexuals,,,,,1,,0.4019,0.351,0,0.649,positive
app_store,2026-05-04,,"Anyone who likes you won’t show up unless you pay for premium. You can narrow it down to within the right distance and age group, and they still won’t show up. This app is nothing but a scam now.","Anyone who likes you won’t show up unless you pay for premium. You can narrow it down to within the right distance and age group, and they still won’t show up. This app is nothing but a scam now.",,,,,1,,0.6905,0.137,0.028,0.835,positive
app_store,2026-05-04,,Fun new ways for AI to take your money. What a disgrace,Fun new ways for AI to take your money. What a disgrace,,,,,1,,0.0258,0.2,0.194,0.606,neutral
app_store,2026-05-04,,"A relatively new scam has infiltrated Bumble. What used to be a reliable app now has hundreds, if not thousands of photo verified scam accounts posing as females in their 20s early 30s. These profiles do not have bios and have prompts all the same with a “Space for me? Snp xyz” or “Find me on IG xyz”. Inability to filter on bio makes for a bad user experience as there is no way to filter them out.","A relatively new scam has infiltrated Bumble. What used to be a reliable app now has hundreds, if not thousands of photo verified scam accounts posing as females in their 20s early 30s. These profiles do not have bios and have prompts all the same with a “Space for me? Snp xyz” or “Find me on IG xyz”. Inability to filter on bio makes for a bad user experience as there is no way to filter them out.",,,,,2,,-0.9413,0,0.178,0.822,negative
app_store,2026-05-04,,I love Bumble compared to Tinder. It feels more genuine and safe. That being said like half of the app is behind a paywall and it’s not cheap. Really expensive for a dating app….,I love Bumble compared to Tinder. It feels more genuine and safe. That being said like half of the app is behind a paywall and it’s not cheap. Really expensive for a dating app….,,,,,1,,0.8709,0.241,0,0.759,positive
app_store,2026-05-04,,"I was enjoying Bumble and met someone that I explored a relationship with for a couple of months. I thought I was ready to get back on the app and I purchased three months. After a day or two I realized I am not ready. I wrote to bumble and for the last three weeks they have. Jacked me around. They didn’t respond for several days and when they did, they only explained how to snooze the account which I had already done. When I wrote back to ask about pausing my payment until I am ready to get back on, they ignored me. I didn’t even get the courtesy of formally rejecting my request. I will be reporting them to the Better Business Bureau.","I was enjoying Bumble and met someone that I explored a relationship with for a couple of months. I thought I was ready to get back on the app and I purchased three months. After a day or two I realized I am not ready. I wrote to bumble and for the last three weeks they have. Jacked me around. They didn’t respond for several days and when they did, they only explained how to snooze the account which I had already done. When I wrote back to ask about pausing my payment until I am ready to get back on, they ignored me. I didn’t even get the courtesy of formally rejecting my request. I will be reporting them to the Better Business Bureau.",,,,,3,,0.7499,0.1,0.054,0.847,positive
app_store,2026-05-04,,"Profiting off loneliness, while actively making people pay, otherwise they’ll have to be alone much longer than necessary.


Yeah. I surely can’t see why it’s an epidemic.","Profiting off loneliness, while actively making people pay, otherwise they’ll have to be alone much longer than necessary.


Yeah. I surely can’t see why it’s an epidemic.",,,,,1,,0.5859,0.276,0.171,0.552,positive
app_store,2026-05-04,,Easy to use,Easy to use,,,,,5,,0.4404,0.592,0,0.408,positive
app_store,2026-05-04,,Expensive with better alternatives failing app,Expensive with better alternatives failing app,,,,,1,,-0.1027,0.284,0.324,0.392,negative
app_store,2026-05-04,,Move that button!!! Please!!! Can’t even backtrack. So stupid,Move that button!!! Please!!! Can’t even backtrack. So stupid,,,,,1,,-0.641,0.155,0.373,0.472,negative
app_store,2026-05-04,,"Do not recommend. Aside from the numerous pay walls, poor matching, and bots, the absolute worst quality about this app imo is that when you DO finally match with someone, you/they have only 24hrs from that time to respond, otherwise the app removes them/you. How ridiculous is that?? Anything to keep you searching though. $$","Do not recommend. Aside from the numerous pay walls, poor matching, and bots, the absolute worst quality about this app imo is that when you DO finally match with someone, you/they have only 24hrs from that time to respond, otherwise the app removes them/you. How ridiculous is that?? Anything to keep you searching though. $$",,,,,1,,-0.9113,0,0.213,0.787,negative
app_store,2026-05-04,,To see who likes you and to have unlimited likes it would cost $33+tax for a single week 😂And they roll out a bunch of people who are hawking various links outside of the platform instead of people who actually are real and serious. This online dating stuff was so much easier a decade ago before corporate capitalism got their disgusting paws on it.,To see who likes you and to have unlimited likes it would cost $33+tax for a single week 😂And they roll out a bunch of people who are hawking various links outside of the platform instead of people who actually are real and serious. This online dating stuff was so much easier a decade ago before corporate capitalism got their disgusting paws on it.,,,,,1,,0.7832,0.154,0.081,0.765,positive
app_store,2026-05-03,,Idk what was wrong with my account? I had a normal account and got banned after a day. Nothing hatful or inappropriate on my account so why am I being banned?,Idk what was wrong with my account? I had a normal account and got banned after a day. Nothing hatful or inappropriate on my account so why am I being banned?,,,,,1,,-0.8708,0,0.287,0.713,negative
app_store,2026-05-03,,"The app has been declining. Don’t look at the star rating. Look at recent: mostly one and  two stars.  Why?


First, it’s an app. Bumble sucks as an app   It’s buggy. The support was a waste of time when you communicated with humans. Now the AI agent is worse.  


Second, it’s a dating app. It fails there too.  Not a lot of matches. They canned the last CEO because of it and hasn’t gotten better. When I get a match, there’s a good chance that it’s a crypto real estate match that disappears. Previously, you could tell because of the status. Now the thread just disappear as if it never happened. If you get to a date, the swipe culture follows dating app business model: No instant chemistry and connection?  The end. I will go home and swipe more. The relationship I’ve been in for a short time in challenges?  The end. I’ll reactivate my account. Makes for revenue for the company and misery for the daters. 


Between the failings of the app and dating component, it’s clear my decision to stay off this dating app was a good one.","The app has been declining. Don’t look at the star rating. Look at recent: mostly one and  two stars.  Why?


First, it’s an app. Bumble sucks as an app   It’s buggy. The support was a waste of time when you communicated with humans. Now the AI agent is worse.  


Second, it’s a dating app. It fails there too.  Not a lot of matches. They canned the last CEO because of it and hasn’t gotten better. When I get a match, there’s a good chance that it’s a crypto real estate match that disappears. Previously, you could tell because of the status. Now the thread just disappear as if it never happened. If you get to a date, the swipe culture follows dating app business model: No instant chemistry and connection?  The end. I will go home and swipe more. The relationship I’ve been in for a short time in challenges?  The end. I’ll reactivate my account. Makes for revenue for the company and misery for the daters. 


Between the failings of the app and dating component, it’s clear my decision to stay off this dating app was a good one.",,,,,1,,-0.8334,0.08,0.116,0.804,negative
app_store,2026-05-03,,"Im writing this to state this “dating” app is just like the others if not worse, buying premium+ or what ever the hell you call it does nothing but robs me of money again, to show me the most mediocre looking people on the face of the planet!
After waiting 4 days for any other “matches”  or likes or any BS I have come to the conclusion that this app is literally out there to steal your info, and money and time, but offer nothing in return, patience is only virtue if you get one freaking like, but this app brings my opinion to new lows, again and again these dating apps continuously show the greed over help. I am not a unattractive guy im a typical 5’11” 170lb guy with respectable glasses. Anyways if you read this do not use this app it does not work save your money and just spend it on hookers ironically it takes no effort and a little money to buy friendship from the streets","Im writing this to state this “dating” app is just like the others if not worse, buying premium+ or what ever the hell you call it does nothing but robs me of money again, to show me the most mediocre looking people on the face of the planet!
After waiting 4 days for any other “matches”  or likes or any BS I have come to the conclusion that this app is literally out there to steal your info, and money and time, but offer nothing in return, patience is only virtue if you get one freaking like, but this app brings my opinion to new lows, again and again these dating apps continuously show the greed over help. I am not a unattractive guy im a typical 5’11” 170lb guy with respectable glasses. Anyways if you read this do not use this app it does not work save your money and just spend it on hookers ironically it takes no effort and a little money to buy friendship from the streets",,,,,1,,0.9013,0.155,0.101,0.744,positive
app_store,2026-05-03,,After I tried the app I realized that it was not for me and canceled my subscription but three months later they still renewed my subscription. They corrected the error but refused to refund my money.,After I tried the app I realized that it was not for me and canceled my subscription but three months later they still renewed my subscription. They corrected the error but refused to refund my money.,,,,,1,,-0.7469,0,0.157,0.843,negative
app_store,2026-05-03,,"Hello, I love Bumble. It is my favorite dating app. However recently I got incorrectly blocked on the app. I’ve tried to review it and get it appeal but every time the AI chat box keeps indicating that I deserve to be blocked. This is a mistake. Apps like these should have humans that review what actually happened to confirm. They don’t need to continue to be blocked. I’m pretty sad about this. I’ve tried to appeal a couple times with no luck. I wish Bumble would reconsider my block and actually have a human look at it and realize that I was not breaking the guidelines.","Hello, I love Bumble. It is my favorite dating app. However recently I got incorrectly blocked on the app. I’ve tried to review it and get it appeal but every time the AI chat box keeps indicating that I deserve to be blocked. This is a mistake. Apps like these should have humans that review what actually happened to confirm. They don’t need to continue to be blocked. I’m pretty sad about this. I’ve tried to appeal a couple times with no luck. I wish Bumble would reconsider my block and actually have a human look at it and realize that I was not breaking the guidelines.",,,,,1,,-0.6673,0.119,0.161,0.72,negative
app_store,2026-05-03,,"Bumble really is the greatest. Easy to use and really great, especially as a guy. Like my title says. 80 dates in 60 days, one proposal, and four years going strong in the most spectacular marriage. You can’t really beat results like that. I didn’t even think I’d get married again, but Bumble is pretty great for finding your person. I didn’t have any idea marriage could be this much fun. And dating was so much fun with Bumble. Definitely a much higher chance of ultimate success than hitting on women in the toothpaste aisle at Target. Though the toothpaste aisle is always a sure thing, getting to talk first in the app really does end up pairing you better than Crest and it’s a much gentler approach than Arm & Hammer.","Bumble really is the greatest. Easy to use and really great, especially as a guy. Like my title says. 80 dates in 60 days, one proposal, and four years going strong in the most spectacular marriage. You can’t really beat results like that. I didn’t even think I’d get married again, but Bumble is pretty great for finding your person. I didn’t have any idea marriage could be this much fun. And dating was so much fun with Bumble. Definitely a much higher chance of ultimate success than hitting on women in the toothpaste aisle at Target. Though the toothpaste aisle is always a sure thing, getting to talk first in the app really does end up pairing you better than Crest and it’s a much gentler approach than Arm & Hammer.",,,,,5,,0.9947,0.315,0,0.685,positive
app_store,2026-05-02,,How come when I’m paying my matches are slim but the minute my subscription ends I have 4 new matches? I maybe get 3 matches for the entire week and then when it ends I get 3 in a couple hours…hmm strange,How come when I’m paying my matches are slim but the minute my subscription ends I have 4 new matches? I maybe get 3 matches for the entire week and then when it ends I get 3 in a couple hours…hmm strange,,,,,3,,-0.296,0,0.051,0.949,negative
app_store,2026-05-02,,"I would call myself overall average to above average guy. I have what most would consider a very solid profile, with pics. I’ve been testing for almost 3 months with almost zero luck. You may get a few matches, but they are of much less quality than you would think you deserve. 


Then again this is not just a bumble  issue. It’s a systemic issue for all dating apps. It’s skewed to the extreme in favor of women. Usually 3+ men for 1 female is on the app. 


There has to be some way for the apps like bumble to fix this to at least make it a little more enjoyable for men. 


I am crazy confident and have a very high self esteem. However, this has even shook me to the core. It’s downright depressing honestly. 


Enough blabbering, that’s my rant…","I would call myself overall average to above average guy. I have what most would consider a very solid profile, with pics. I’ve been testing for almost 3 months with almost zero luck. You may get a few matches, but they are of much less quality than you would think you deserve. 


Then again this is not just a bumble  issue. It’s a systemic issue for all dating apps. It’s skewed to the extreme in favor of women. Usually 3+ men for 1 female is on the app. 


There has to be some way for the apps like bumble to fix this to at least make it a little more enjoyable for men. 


I am crazy confident and have a very high self esteem. However, this has even shook me to the core. It’s downright depressing honestly. 


Enough blabbering, that’s my rant…",,,,,1,,0.9392,0.139,0.05,0.811,positive
app_store,2026-05-02,,im 20 and iys saying im underage 😭😭,im 20 and iys saying im underage 😭😭,,,,,1,,-0.7351,0,0.36,0.64,negative
app_store,2026-05-02,,"Even when I have had some people like my profile, I often run out of likes before I am ever shown their profiles. I believe people who like me, or are nearby should be shown first. (But they are not) I tried premium for three months and didn’t get any likes or matches during that time. I have gone on some pretty swell dates with people I have matched with on Bumble, so I’ll give it one extra star for that reason.","Even when I have had some people like my profile, I often run out of likes before I am ever shown their profiles. I believe people who like me, or are nearby should be shown first. (But they are not) I tried premium for three months and didn’t get any likes or matches during that time. I have gone on some pretty swell dates with people I have matched with on Bumble, so I’ll give it one extra star for that reason.",,,,,2,,0.9081,0.148,0,0.852,positive
app_store,2026-05-02,,No guys ever write back. The ones that write first message some stupid message. This app does not work don’t waste your time.,No guys ever write back. The ones that write first message some stupid message. This app does not work don’t waste your time.,,,,,1,,-0.5053,0.083,0.2,0.716,negative
app_store,2026-05-02,,"I had proof of me getting matches when my subscription would be close to expiring, showed the dev team multiple times that they’re force coding for me to pay again, but when paying again your bumble profile card goes back into An almost “ null “ state and you’d receive no matches again. As bumble subscription would get close to ending then your bumble profile card gets more views automatically with no boost and more matches. Until they fixed how this is programmed this will forever stay a 1 star. Also they’re letting bots run rampant on here with posting fake Snapchats. Easy to detect these bots they do nothing about it.","I had proof of me getting matches when my subscription would be close to expiring, showed the dev team multiple times that they’re force coding for me to pay again, but when paying again your bumble profile card goes back into An almost “ null “ state and you’d receive no matches again. As bumble subscription would get close to ending then your bumble profile card gets more views automatically with no boost and more matches. Until they fixed how this is programmed this will forever stay a 1 star. Also they’re letting bots run rampant on here with posting fake Snapchats. Easy to detect these bots they do nothing about it.",,,,,1,,-0.7341,0.032,0.091,0.878,negative
app_store,2026-05-02,,this app actually is designed not to work like other dating apps beware it's a micro transaction based money pit 👍,this app actually is designed not to work like other dating apps beware it's a micro transaction based money pit 👍,,,,,1,,-0.2755,0,0.091,0.909,negative
app_store,2026-05-02,,"Even when trying to delete the app you’ll get a pop up asking for feedback, if you offer to give them feedback it sends you to an FAQ page and makes you start the deleting process over again. They are not here to get you matches or dates, they are here to take your money. The longer you wait for matches, the more they can take money from you. Don’t waste your money on these scammers at bumble.","Even when trying to delete the app you’ll get a pop up asking for feedback, if you offer to give them feedback it sends you to an FAQ page and makes you start the deleting process over again. They are not here to get you matches or dates, they are here to take your money. The longer you wait for matches, the more they can take money from you. Don’t waste your money on these scammers at bumble.",,,,,1,,-0.4215,0,0.035,0.965,negative
app_store,2026-05-02,,"Many of the girls push “generosity”. If you don’t pay then you can’t see anyone who allegedly likes you. When you pay, the likes go away of course. When your subscription expires, the likes come back. Let’s get back to good old fashioned talking to real people. The age of artificiality is coming to fulfillment my friends.","Many of the girls push “generosity”. If you don’t pay then you can’t see anyone who allegedly likes you. When you pay, the likes go away of course. When your subscription expires, the likes come back. Let’s get back to good old fashioned talking to real people. The age of artificiality is coming to fulfillment my friends.",,,,,2,,0.9118,0.214,0.042,0.744,positive
app_store,2026-05-02,,Ahh yes the app where women make the first move. With all implements ‘opening moves’ to make men make the first move once again as to boost match rates and stale conversion.,Ahh yes the app where women make the first move. With all implements ‘opening moves’ to make men make the first move once again as to boost match rates and stale conversion.,,,,,1,,0.6597,0.153,0,0.847,positive
app_store,2026-05-02,,"If you think OkCupid, POF etc are full of scammers then you haven’t tried this app yet. This app designed for women safety which is good thing. And this app is full of beautiful women. Soon you’ll join the app you’ll get 7-15 likes within the 24 hours. But then after thousands of swipes you don’t get any match! And you run out of swipes! Still 7-15 likes are remain there. So this app wants you to pay to see those likes, if you do and get match with any of those women, they don’t reply or they are just a bot to get a money from you. Simply stay away from this app. And Developer, CEO, whole team of bumble Shame on you.","If you think OkCupid, POF etc are full of scammers then you haven’t tried this app yet. This app designed for women safety which is good thing. And this app is full of beautiful women. Soon you’ll join the app you’ll get 7-15 likes within the 24 hours. But then after thousands of swipes you don’t get any match! And you run out of swipes! Still 7-15 likes are remain there. So this app wants you to pay to see those likes, if you do and get match with any of those women, they don’t reply or they are just a bot to get a money from you. Simply stay away from this app. And Developer, CEO, whole team of bumble Shame on you.",,,,,1,,0.876,0.128,0.042,0.83,positive
app_store,2026-05-01,,"I paid for premium so I could rewind to a like I accidentally swiped left on. It would not let me, I contacted Bumble Support to get a refund because the feature clearly didn’t work in my case. Bumble Support  told me to piss off and said no. Terrible app and terrible support, do not support these people. They don’t care about their users, they’ll just reply in their usual boilerplate message while taking your money.","I paid for premium so I could rewind to a like I accidentally swiped left on. It would not let me, I contacted Bumble Support to get a refund because the feature clearly didn’t work in my case. Bumble Support  told me to piss off and said no. Terrible app and terrible support, do not support these people. They don’t care about their users, they’ll just reply in their usual boilerplate message while taking your money.",,,,,1,,0.4482,0.174,0.143,0.684,positive
app_store,2026-05-01,,"Biometrics verification is the worst been trying to just do that and il already stucked like for 2 hrs not passing that step, picture doesn’t go trough and now i have an account that i cant access or delete, and there im I with no control of my pictures/profile","Biometrics verification is the worst been trying to just do that and il already stucked like for 2 hrs not passing that step, picture doesn’t go trough and now i have an account that i cant access or delete, and there im I with no control of my pictures/profile",,,,,1,,-0.5859,0.046,0.115,0.839,negative
app_store,2026-05-01,,"Avoid purchasing Bumble subscriptions through the app itself, as the prices are significantly higher. Instead, navigate to your phone's general settings and locate the subscriptions under the Bumble app. For instance, a one-month premium subscription can cost $70 through the app, while it's only $25 when purchased through iPhone settings. This discrepancy is quite unfair, exploiting loopholes to charge users exorbitant fees.","Avoid purchasing Bumble subscriptions through the app itself, as the prices are significantly higher. Instead, navigate to your phone's general settings and locate the subscriptions under the Bumble app. For instance, a one-month premium subscription can cost $70 through the app, while it's only $25 when purchased through iPhone settings. This discrepancy is quite unfair, exploiting loopholes to charge users exorbitant fees.",,,,,2,,-0.8304,0,0.129,0.871,negative
app_store,2026-05-01,,They sell your info and blatantly lie about being free.  It’s free to download.  But if you don’t want your info sold to data brokers.  Then move forward.  This app is not transparent.  They openly lie with their “Developers Response”.  But you are all grown.  They are just as bad as match.  They are being actively sued for bad faith and deception for luring in new users.,They sell your info and blatantly lie about being free.  It’s free to download.  But if you don’t want your info sold to data brokers.  Then move forward.  This app is not transparent.  They openly lie with their “Developers Response”.  But you are all grown.  They are just as bad as match.  They are being actively sued for bad faith and deception for luring in new users.,,,,,1,,-0.6059,0.146,0.158,0.696,negative
app_store,2026-05-01,,"I’ve started to notice that before I buy the subscription for this app I have like all these likes and then I buy the subscription and then no more likes come in after that like it’s like i’m being hidden from the pool when I make the subscription purchase and now that I don’t have it, the legs are starting to come back in. Why is that happening? I’m very confused. I almost don’t want to use the app anymore because I don’t know if people are going to actually see my profile or not you know.","I’ve started to notice that before I buy the subscription for this app I have like all these likes and then I buy the subscription and then no more likes come in after that like it’s like i’m being hidden from the pool when I make the subscription purchase and now that I don’t have it, the legs are starting to come back in. Why is that happening? I’m very confused. I almost don’t want to use the app anymore because I don’t know if people are going to actually see my profile or not you know.",,,,,2,,0.4411,0.105,0.069,0.826,positive
app_store,2026-05-01,,App sucks.,App sucks.,,,,,1,,-0.3612,0,0.714,0.286,negative
app_store,2026-05-01,,"Bumble continues to allow, promote, and verify fake accounts that are just AI photos. When trying to get support, you just get put in an endless cycle of AI support that says the same thing over and over. 


If you report a fake AI profile, they say they aren’t going to take any action because they don’t have enough proof. So, the only conclusion is that Bumble themselves is catfishing their users with verified fake accounts. Despicable, disgusting, and a degenerate level of evil behavior.","Bumble continues to allow, promote, and verify fake accounts that are just AI photos. When trying to get support, you just get put in an endless cycle of AI support that says the same thing over and over. 


If you report a fake AI profile, they say they aren’t going to take any action because they don’t have enough proof. So, the only conclusion is that Bumble themselves is catfishing their users with verified fake accounts. Despicable, disgusting, and a degenerate level of evil behavior.",,,,,1,,-0.8481,0.096,0.166,0.738,negative
app_store,2026-05-01,,Dating apps aren’t designed to get you to date or even really meet anyone. It is a revenue stream dependent on presenting as realistic connections as possible.,Dating apps aren’t designed to get you to date or even really meet anyone. It is a revenue stream dependent on presenting as realistic connections as possible.,,,,,1,,0,0,0,1,neutral
app_store,2026-05-01,,Never had any good luck on bumble. Living in an area not very populated does its number. I feel like you have to be in or close to a city to even have hope on bumble lol :(,Never had any good luck on bumble. Living in an area not very populated does its number. I feel like you have to be in or close to a city to even have hope on bumble lol :(,,,,,2,,0.7347,0.256,0.109,0.635,positive
app_store,2026-05-01,,"I just don’t understand why i keep seeing people i said no to, this one guy came up 3 days in a row and when i swiped (honestly just to make him go away) we didn’t even match. I’m not butthurt but i’m severely annoyed by this","I just don’t understand why i keep seeing people i said no to, this one guy came up 3 days in a row and when i swiped (honestly just to make him go away) we didn’t even match. I’m not butthurt but i’m severely annoyed by this",,,,,1,,-0.7906,0.037,0.167,0.796,negative
app_store,2026-05-01,,"This app use to be good years ago, but now it is garbage and a waste of time. Hardly any matches, and no new likes for weeks. My experience on tinder, and less known apps have been 100% better, with more interaction.","This app use to be good years ago, but now it is garbage and a waste of time. Hardly any matches, and no new likes for weeks. My experience on tinder, and less known apps have been 100% better, with more interaction.",,,,,1,,-0.5716,0.111,0.182,0.707,negative
app_store,2026-05-01,,This is truly a waste of time. They make it so you have to pay to get anywhere.,This is truly a waste of time. They make it so you have to pay to get anywhere.,,,,,1,,-0.0772,0.131,0.19,0.679,negative
app_store,2026-04-30,,"Thanks for gamifying the dating scene, putting basic features behind a paywall","Thanks for gamifying the dating scene, putting basic features behind a paywall",,,,,1,,0.4404,0.209,0,0.791,positive
app_store,2026-04-30,,"I paid $40 to hopefully meet with somebody and they can look past my dwarfism it’s my disability and I hate it, but all I got was bots again. I strongly think this app has a thing against people with disability.","I paid $40 to hopefully meet with somebody and they can look past my dwarfism it’s my disability and I hate it, but all I got was bots again. I strongly think this app has a thing against people with disability.",,,,,1,,0.2846,0.1,0.052,0.847,positive
app_store,2026-04-30,,"Just a limited amount of of  free swipes/   Then it does make you wait  until you get more swipes, sometimes its a matter of hours until it refreshes sometimes its  days never know how many free swipes you get,  then you gotta pay,  a ridiculous amount for a subscription just for a week,  its not worth it, they all suck","Just a limited amount of of  free swipes/   Then it does make you wait  until you get more swipes, sometimes its a matter of hours until it refreshes sometimes its  days never know how many free swipes you get,  then you gotta pay,  a ridiculous amount for a subscription just for a week,  its not worth it, they all suck",,,,,1,,-0.1695,0.11,0.148,0.742,negative
app_store,2026-04-30,,This app is designed to keep you scrolling not matching. It’s a scam.,This app is designed to keep you scrolling not matching. It’s a scam.,,,,,1,,-0.5719,0,0.236,0.764,negative
app_store,2026-04-30,,This app is very easy to use and affordable. I’m very happy with it.,This app is very easy to use and affordable. I’m very happy with it.,,,,,5,,0.8012,0.375,0,0.625,positive
app_store,2026-04-30,,So I bought a weekly subscription. Not a single like. The second it expires I get 2 likes which of course means I have to pay again to see them. No thanks,So I bought a weekly subscription. Not a single like. The second it expires I get 2 likes which of course means I have to pay again to see them. No thanks,,,,,2,,-0.2769,0.076,0.161,0.763,negative
app_store,2026-04-30,,"These people will take your money and then without notification upgrade the app to an operating edition your phone will not upgrade to. At the same time they discontinue the desktop version. So you cannot use their services any more. When you ask for a chargeback, Apple will cut you off from the Apple Store. Unacceptable situation from both companies. Stay away.","These people will take your money and then without notification upgrade the app to an operating edition your phone will not upgrade to. At the same time they discontinue the desktop version. So you cannot use their services any more. When you ask for a chargeback, Apple will cut you off from the Apple Store. Unacceptable situation from both companies. Stay away.",,,,,5,,-0.6249,0,0.078,0.922,negative
app_store,2026-04-29,,"Doesn’t work unless you pay them, I’ve had better results on the other apps without ever having to pay. Don’t waste your time.","Doesn’t work unless you pay them, I’ve had better results on the other apps without ever having to pay. Don’t waste your time.",,,,,1,,-0.1779,0.105,0.204,0.691,negative
app_store,2026-04-29,,These bozos banned my account for no reason,These bozos banned my account for no reason,,,,,1,,-0.6369,0,0.464,0.536,negative
app_store,2026-04-29,,"Throttles down your profile visibility as soon as they have your money, ramps it back up as soon as your subscription expires. They’re shamelessly jerking you around.","Throttles down your profile visibility as soon as they have your money, ramps it back up as soon as your subscription expires. They’re shamelessly jerking you around.",,,,,1,,-0.34,0,0.085,0.915,negative
app_store,2026-04-29,,I’m commander….,I’m commander….,,,,,5,,0,0,0,1,neutral
app_store,2026-04-29,,"I just got the app not to long ago and it looks good, pretty simple but when it comes to the actual dating/having conversations with people , i basically have to pay 30 bucks for 1 WEEK, that’s just outrageous and don’t get me started on the other prices.","I just got the app not to long ago and it looks good, pretty simple but when it comes to the actual dating/having conversations with people , i basically have to pay 30 bucks for 1 WEEK, that’s just outrageous and don’t get me started on the other prices.",,,,,1,,-0.3716,0.074,0.102,0.823,negative
app_store,2026-04-29,,"I like this app overall—it’s good and easy to use. However, I wish there was a way to see who likes you without having to pay, or at least some kind of feature where you can view it occasionally without a subscription. Also, I’ve noticed that people on here barely reply, and when they do, it’s usually hours later. It kind of takes away from the experience. Not sure if anyone else is having this issue, but it’s something I’ve noticed.","I like this app overall—it’s good and easy to use. However, I wish there was a way to see who likes you without having to pay, or at least some kind of feature where you can view it occasionally without a subscription. Also, I’ve noticed that people on here barely reply, and when they do, it’s usually hours later. It kind of takes away from the experience. Not sure if anyone else is having this issue, but it’s something I’ve noticed.",,,,,4,,0.7242,0.123,0.017,0.86,positive
app_store,2026-04-29,,Half are AI other half are ONLYFANS.,Half are AI other half are ONLYFANS.,,,,,1,,0,0,0,1,neutral
app_store,2026-04-29,,"Matched with someone who then claimed to be a 13 year old girl. Tried at least 10 times to report their profile, but every time I clicked underage profile or child in danger the app immediately freezes. I sent screen shots of the chat to customer support. We will see if they do anything, but either way this is an awful look for bumble! Update: They deleted my account and have canceled my report seemingly.","Matched with someone who then claimed to be a 13 year old girl. Tried at least 10 times to report their profile, but every time I clicked underage profile or child in danger the app immediately freezes. I sent screen shots of the chat to customer support. We will see if they do anything, but either way this is an awful look for bumble! Update: They deleted my account and have canceled my report seemingly.",,,,,1,,-0.7574,0.042,0.119,0.839,negative
app_store,2026-04-29,,"This app is trash. Pure trash. They just make money but you won’t find any matches and the control how and when you match. It is pure BS of an app. I hate this app so much. They limit your matches so that you pay and when you pay, they still limit those matches so that you pay again. It’s a waste of time. A stupid trash app that needs to be banned.","This app is trash. Pure trash. They just make money but you won’t find any matches and the control how and when you match. It is pure BS of an app. I hate this app so much. They limit your matches so that you pay and when you pay, they still limit those matches so that you pay again. It’s a waste of time. A stupid trash app that needs to be banned.",,,,,1,,-0.9717,0,0.258,0.742,negative
app_store,2026-04-29,,"I like the set up and it seems to encourage people to be honest and straight to the point. It’s worth paying for BUUUUT it’s not worth what they’re charging. You can pay $200 for access for everything, or get charged $20 for every little feature MONTHLY. They don’t even have customer service so the money is going to like 2 people?? Disappointed","I like the set up and it seems to encourage people to be honest and straight to the point. It’s worth paying for BUUUUT it’s not worth what they’re charging. You can pay $200 for access for everything, or get charged $20 for every little feature MONTHLY. They don’t even have customer service so the money is going to like 2 people?? Disappointed",,,,,2,,0.8314,0.205,0.104,0.691,positive
app_store,2026-04-29,,The way conversations expire when you are trying to get to know someone at first is ridiculous. You don’t even get a chance to respond. And we have both said something to each other the conversation should not just expire because someone took too long to respond. We are people with lives not robots. HINGE is way better and less restrictive as well. I’d recommend that over bumble any day. I will definitely be switching to that and removing my account from here.,The way conversations expire when you are trying to get to know someone at first is ridiculous. You don’t even get a chance to respond. And we have both said something to each other the conversation should not just expire because someone took too long to respond. We are people with lives not robots. HINGE is way better and less restrictive as well. I’d recommend that over bumble any day. I will definitely be switching to that and removing my account from here.,,,,,1,,0.8144,0.131,0.027,0.842,positive
app_store,2026-04-29,,"Not enough matches to make my membership worth it,I regret paying for it. Woman match than don’t engage, been a waste","Not enough matches to make my membership worth it,I regret paying for it. Woman match than don’t engage, been a waste",,,,,1,,-0.3182,0.16,0.208,0.632,negative
app_store,2026-04-29,,"Travel Mode has been a complete disappointment. As a Premium member, I expected it to let me accurately see and match with people in the area I’m traveling to. Instead, when I set Travel Mode to Manhattan with a 5-mile radius and no filters, I only see about 20 people before running out.


That makes no sense, because when I’m physically in Manhattan on weekends, I never run out of potential matches.


The difference is huge. On Long Island, I may get 1 to 5 matches in a week. When I’m actually in Manhattan, I can get that in a day. That is exactly why I thought Travel Mode would be useful, but it does not seem to reflect the real dating pool at all.


For a paid Premium feature, Travel Mode feels broken or misleading. It has not helped me meet more people, and it makes Bumble feel more like it is designed to keep users swiping than actually help them connect.","Travel Mode has been a complete disappointment. As a Premium member, I expected it to let me accurately see and match with people in the area I’m traveling to. Instead, when I set Travel Mode to Manhattan with a 5-mile radius and no filters, I only see about 20 people before running out.


That makes no sense, because when I’m physically in Manhattan on weekends, I never run out of potential matches.


The difference is huge. On Long Island, I may get 1 to 5 matches in a week. When I’m actually in Manhattan, I can get that in a day. That is exactly why I thought Travel Mode would be useful, but it does not seem to reflect the real dating pool at all.


For a paid Premium feature, Travel Mode feels broken or misleading. It has not helped me meet more people, and it makes Bumble feel more like it is designed to keep users swiping than actually help them connect.",,,,,4,,-0.2983,0.061,0.073,0.866,negative
app_store,2026-04-29,,Could have potential if more men responded. I match but I rarely get a response once we match.,Could have potential if more men responded. I match but I rarely get a response once we match.,,,,,3,,0,0,0,1,neutral
app_store,2026-04-28,,"This app is not an alternative to hinge, and it’s not a good option in general. Anything normal you want to do, you have to pay for- filtering by any stat as basic as political views, seeing who liked you, seeing what photo is doing the best, using their recently promoted location change.. etc. Right now it’s quoting $70 for one month of the premium membership that allows that— not even their top-tier subscription. also, their algorithm is clearly rigged in a very strange way. You could swipe for two hours straight in a small town, and get through all matches and it’ll tell you that you have no chats, but you have tons of people who like you… It’s all a ploy to get you to purchase the premium membership.","This app is not an alternative to hinge, and it’s not a good option in general. Anything normal you want to do, you have to pay for- filtering by any stat as basic as political views, seeing who liked you, seeing what photo is doing the best, using their recently promoted location change.. etc. Right now it’s quoting $70 for one month of the premium membership that allows that— not even their top-tier subscription. also, their algorithm is clearly rigged in a very strange way. You could swipe for two hours straight in a small town, and get through all matches and it’ll tell you that you have no chats, but you have tons of people who like you… It’s all a ploy to get you to purchase the premium membership.",,,,,2,,0.7431,0.1,0.055,0.845,positive
app_store,2026-04-28,,"It’s going good at Least. We’ll see though, fr!","It’s going good at Least. We’ll see though, fr!",,,,,4,,0.4926,0.285,0,0.715,positive
app_store,2026-04-28,,By for the worst dating app I’ve been on. Can’t see anything unless you pay them $30 and they post the same three people every day in the must see profiles. They are obviously influencers as well. Don’t waste your time,By for the worst dating app I’ve been on. Can’t see anything unless you pay them $30 and they post the same three people every day in the must see profiles. They are obviously influencers as well. Don’t waste your time,,,,,1,,-0.7351,0.044,0.175,0.781,negative
app_store,2026-04-28,,Not worth the expensive subscription premiums and prices have gone up. Additional upsell options are worthless.,Not worth the expensive subscription premiums and prices have gone up. Additional upsell options are worthless.,,,,,1,,-0.5523,0,0.246,0.754,negative
app_store,2026-04-28,,This app is terrible. Waste of time. Made me appreciate Hinge & Tinder so much more!!!,This app is terrible. Waste of time. Made me appreciate Hinge & Tinder so much more!!!,,,,,1,,-0.6219,0.12,0.301,0.578,negative
app_store,2026-04-28,,I cant swipe more than a couple times before I have to pay and thats on top of already needing to pay to be able to see my likes and change more than like 2 filters at a time. Whats the point of using this app if most of the features are locked behind a paywall?,I cant swipe more than a couple times before I have to pay and thats on top of already needing to pay to be able to see my likes and change more than like 2 filters at a time. Whats the point of using this app if most of the features are locked behind a paywall?,,,,,1,,0.6786,0.121,0.046,0.834,positive
app_store,2026-04-28,,"I was literally banned for no reason I didn’t even talk to anyone yet and when I tried to get it appealed Support said uphold it, but never gave me a reason why I would understand if I said something wrong or sent pictures, but I literally didn’t even get a chance to match with anyone","I was literally banned for no reason I didn’t even talk to anyone yet and when I tried to get it appealed Support said uphold it, but never gave me a reason why I would understand if I said something wrong or sent pictures, but I literally didn’t even get a chance to match with anyone",,,,,1,,-0.5267,0.069,0.123,0.808,negative
app_store,2026-04-27,,This is not an add or sponsor by bumble. Genuinely from me. I met my boyfriend on here and we hit it off chatting on bumble. We’re almost to our 1 year. I couldn’t be happier. We both so happy we found each other. I’ve used so many apps out there but bumble is the only app I would use and recommend. Thanks bumble for my boyfriend. 🤭,This is not an add or sponsor by bumble. Genuinely from me. I met my boyfriend on here and we hit it off chatting on bumble. We’re almost to our 1 year. I couldn’t be happier. We both so happy we found each other. I’ve used so many apps out there but bumble is the only app I would use and recommend. Thanks bumble for my boyfriend. 🤭,,,,,5,,0.9475,0.197,0,0.803,positive
app_store,2026-04-27,,The app said I was banned for being under 18?? When I’m 23??? Insanity!,The app said I was banned for being under 18?? When I’m 23??? Insanity!,,,,,1,,-0.8382,0,0.399,0.601,negative
app_store,2026-04-27,,"While overall this app functionality is fine, I was charged for Bumble Premium from 1/25/26 to 4/25/26 that I didn’t sign up for. I’ve been working with the management team on getting a refund but it’s “non-refundable” even when it was something you didn’t even want. Also, no, my card wasn’t hacked, because all the other transaction activity is fine and Bumble cancelled this mystery subscription. I. WANT. MY. MONEY. BACK.","While overall this app functionality is fine, I was charged for Bumble Premium from 1/25/26 to 4/25/26 that I didn’t sign up for. I’ve been working with the management team on getting a refund but it’s “non-refundable” even when it was something you didn’t even want. Also, no, my card wasn’t hacked, because all the other transaction activity is fine and Bumble cancelled this mystery subscription. I. WANT. MY. MONEY. BACK.",,,,,1,,-0.2145,0.096,0.094,0.81,negative
app_store,2026-04-27,,I run out of likes too fast and I mostly swipe left other than that It's great,I run out of likes too fast and I mostly swipe left other than that It's great,,,,,3,,0.7845,0.315,0,0.685,positive
app_store,2026-04-27,,"everything is behind a paywall. can’t see who liked me, limited number of likes, and a million pop ups to PAY PAY PAY!!! r u kidding me?","everything is behind a paywall. can’t see who liked me, limited number of likes, and a million pop ups to PAY PAY PAY!!! r u kidding me?",,,,,1,,0.2208,0.252,0.228,0.521,positive
app_store,2026-04-27,,"Update: NOTHING has changed. Bumble still wants to dictate which photo people put first. App is trash.


This app is driving me insane with all the micromanaging and the lies. I actually pay to use the app. I’m also an adult. If I have the “best photo” feature turned OFF, I expect it to be OFF. Instead, they’ve now started forcing you to use it anyway. Despited being turned OFF, I can’t arrange my photos the way that I want them because Bumble wants to decide for me. Save your money.","Update: NOTHING has changed. Bumble still wants to dictate which photo people put first. App is trash.


This app is driving me insane with all the micromanaging and the lies. I actually pay to use the app. I’m also an adult. If I have the “best photo” feature turned OFF, I expect it to be OFF. Instead, they’ve now started forcing you to use it anyway. Despited being turned OFF, I can’t arrange my photos the way that I want them because Bumble wants to decide for me. Save your money.",,,,,1,,-0.34,0.046,0.071,0.883,negative
app_store,2026-04-27,,There are quite a few bogus profiles on Bumble.,There are quite a few bogus profiles on Bumble.,,,,,2,,0,0,0,1,neutral
app_store,2026-04-27,,I closed my account in October 2025 on my own and it was not blocked. I went to reactivate it and now it says my profile is blocked. I received no notification or warning or anything. Thank goodness I never paid any money to this garbage app,I closed my account in October 2025 on my own and it was not blocked. I went to reactivate it and now it says my profile is blocked. I received no notification or warning or anything. Thank goodness I never paid any money to this garbage app,,,,,1,,0.6187,0.171,0.079,0.75,positive
app_store,2026-04-27,,Will never spend money on this better off just going on a walk or talking to random people in real life.,Will never spend money on this better off just going on a walk or talking to random people in real life.,,,,,1,,0.5228,0.144,0,0.856,positive
app_store,2026-04-27,,I haven’t used Bumble in a while lieu of other apps but I decided to give it another go. Holy pop ups and interruptions! The app seems so thirsty to save itself but it seems like it’s too late.,I haven’t used Bumble in a while lieu of other apps but I decided to give it another go. Holy pop ups and interruptions! The app seems so thirsty to save itself but it seems like it’s too late.,,,,,1,,0.6896,0.172,0.074,0.753,positive
app_store,2026-04-27,,"Each day, I check the discover tab and despite the diversity I see in the third largest U.S. city, bumble exclusively shows white men. What gives?","Each day, I check the discover tab and despite the diversity I see in the third largest U.S. city, bumble exclusively shows white men. What gives?",,,,,1,,0,0,0,1,neutral
app_store,2026-04-27,,"Puts my location in NYC, 45 minutes away from my location. I rarely see anyone in my state and city. I have my location set in my hometown and state , have gone on wifi and still only get NY residents 99% of the time.","Puts my location in NYC, 45 minutes away from my location. I rarely see anyone in my state and city. I have my location set in my hometown and state , have gone on wifi and still only get NY residents 99% of the time.",,,,,1,,0,0,0,1,neutral
app_store,2026-04-27,,$70 for a month is crazy. The owner really lost her way. Shouldn’t have to pay that just to see your likes. Women definitely shouldn’t have to pay since this app is for women having the decision here. She should decide if she wants to match with her likes without a subscription. Terrible.,$70 for a month is crazy. The owner really lost her way. Shouldn’t have to pay that just to see your likes. Women definitely shouldn’t have to pay since this app is for women having the decision here. She should decide if she wants to match with her likes without a subscription. Terrible.,,,,,1,,0.6201,0.171,0.122,0.707,positive
app_store,2026-04-27,,While the upgrades for photo verification and ID confirm are great. There are no backup verifications. People can change all of their photos after verification and Bumble doesn’t require an anchor photo to remain or redo verification. Nothing is truly safe to assume they are the real person.,While the upgrades for photo verification and ID confirm are great. There are no backup verifications. People can change all of their photos after verification and Bumble doesn’t require an anchor photo to remain or redo verification. Nothing is truly safe to assume they are the real person.,,,,,3,,-0.2292,0.074,0.127,0.798,negative
app_store,2026-04-26,,Profiles are either fake or the men are in relationships.,Profiles are either fake or the men are in relationships.,,,,,1,,-0.4767,0,0.256,0.744,negative
app_store,2026-04-26,,These are all scam and less than 10 percent of profiles are active and they sell their likes and boosters for whatever price they want,These are all scam and less than 10 percent of profiles are active and they sell their likes and boosters for whatever price they want,,,,,1,,0.2732,0.216,0.117,0.667,positive
app_store,2026-04-26,,Pathetic simply garbage 👍🏼👎👎🤮🤮,Pathetic simply garbage 👍🏼👎👎🤮🤮,,,,,1,,-0.5719,0,0.198,0.802,negative
app_store,2026-04-26,,This isn't a rant on not getting likes or anything. It's a rant about how I opened the app and before I can make more than two swipes I've been bombarded by 4 pop up messages asking me to either spend money or sign up for their spam email. It's ridiculous.,This isn't a rant on not getting likes or anything. It's a rant about how I opened the app and before I can make more than two swipes I've been bombarded by 4 pop up messages asking me to either spend money or sign up for their spam email. It's ridiculous.,,,,,1,,-0.7715,0.035,0.168,0.796,negative
app_store,2026-04-26,,Most are fake profiles,Most are fake profiles,,,,,1,,-0.5233,0,0.53,0.47,negative
app_store,2026-04-25,,"The two times I’ve matched and called someone, they have threatened me and tried to extort me.","The two times I’ve matched and called someone, they have threatened me and tried to extort me.",,,,,1,,-0.4588,0,0.158,0.842,negative
app_store,2026-04-25,,"I couldnt even get on the app. Im 18, i turned 18 in February. Yet it still says im Underage which is disappointing","I couldnt even get on the app. Im 18, i turned 18 in February. Yet it still says im Underage which is disappointing",,,,,1,,-0.4939,0,0.127,0.873,negative
app_store,2026-04-25,,"Don’t pay for ANYTHING‼️‼️‼️Never had an issue with ANYTHING on my account. Literally AS SOON AS I PAID FOR SOMETHING, I’m getting warnings of violations, then they BLOCKED MY ACCOUNT. No warning, no explanation, you’ll NEVER KNOW WHAT YOU “did wrong” because you didn’t do anything. They’re just SCAMMERS‼️‼️‼️Don’t do it.","Don’t pay for ANYTHING‼️‼️‼️Never had an issue with ANYTHING on my account. Literally AS SOON AS I PAID FOR SOMETHING, I’m getting warnings of violations, then they BLOCKED MY ACCOUNT. No warning, no explanation, you’ll NEVER KNOW WHAT YOU “did wrong” because you didn’t do anything. They’re just SCAMMERS‼️‼️‼️Don’t do it.",,,,,1,,-0.7104,0.05,0.125,0.825,negative
app_store,2026-04-25,,"That’s just the nature of dating apps these days, but on bumble I’ve literally only matched with bots or scam accounts posting their snap handle in their “opening move”. I report each one without hesitation, but it’s getting exhausting at this point.","That’s just the nature of dating apps these days, but on bumble I’ve literally only matched with bots or scam accounts posting their snap handle in their “opening move”. I report each one without hesitation, but it’s getting exhausting at this point.",,,,,1,,-0.7952,0.045,0.168,0.788,negative
app_store,2026-04-25,,"It’s a quality dating site. But they barely give you any likes, and essentially pressure you into paying if you want to actually connect with people.


Imagine being directed to like a certain amount of people, in order to establish the algorithm.  But then you aren’t given enough likes to complete the task, and you have to wait an entire day… unless you want to pay.  Thats bumble. 🙄🙄🙄","It’s a quality dating site. But they barely give you any likes, and essentially pressure you into paying if you want to actually connect with people.


Imagine being directed to like a certain amount of people, in order to establish the algorithm.  But then you aren’t given enough likes to complete the task, and you have to wait an entire day… unless you want to pay.  Thats bumble. 🙄🙄🙄",,,,,1,,0.8957,0.175,0.048,0.778,positive
app_store,2026-04-25,,It’s outrageously expensive. The weekly fee is equivalent to a monthly fee of some other apps. Can’t do it.,It’s outrageously expensive. The weekly fee is equivalent to a monthly fee of some other apps. Can’t do it.,,,,,3,,-0.296,0,0.109,0.891,negative
app_store,2026-04-25,,Bumble is a good dating app for sure but is missing one key feature that would make the “talking stage” 10x easier. They need to add a private notes area. So on each persons profile there should be an area where you can leave yourself a private note. It would be very useful for busy people who don’t constantly keep up with it and need to leave themselves notes to remember thoughts they had about a match.,Bumble is a good dating app for sure but is missing one key feature that would make the “talking stage” 10x easier. They need to add a private notes area. So on each persons profile there should be an area where you can leave yourself a private note. It would be very useful for busy people who don’t constantly keep up with it and need to leave themselves notes to remember thoughts they had about a match.,,,,,4,,0.8014,0.133,0.062,0.805,positive
app_store,2026-04-25,,"I’ve invested a lot of time and money into creating and improving my profile. I found a couple of matches, but there wasn’t any real connection. In the end, it was just a waste of my time and patience. Not worth it.","I’ve invested a lot of time and money into creating and improving my profile. I found a couple of matches, but there wasn’t any real connection. In the end, it was just a waste of my time and patience. Not worth it.",,,,,1,,-0.4937,0.074,0.121,0.805,negative
app_store,2026-04-25,,"Hello so waiting 24 hours after sending the likes you can is false. I remember I did it at the beginning of my shift sent all the likes I had. Then I did it again same time the next day and it wont let me due to the 24 hours but it wouldn’t let not until hour later into my shift. I tried to escalate it and support would not help instead they were trying to get me to buy the more likes. I don’t want the I don’t mind the 24 wait time as they promised. They false advertise what they tell you dont get this app
Update got a comment from them stating to reach out to them. It seems they did not read this message since I mentioned I did reach out and their support ghosted me and not responded since the time they just wanted me to me to pay their subscription which thats not what I want. I am ok the regular amount I like a day just want them to fix the technical issue.
This app is so asking for an ID that js weird. This is a dating app not a government app I dont see why they need to check you ID it is very sketchy","Hello so waiting 24 hours after sending the likes you can is false. I remember I did it at the beginning of my shift sent all the likes I had. Then I did it again same time the next day and it wont let me due to the 24 hours but it wouldn’t let not until hour later into my shift. I tried to escalate it and support would not help instead they were trying to get me to buy the more likes. I don’t want the I don’t mind the 24 wait time as they promised. They false advertise what they tell you dont get this app
Update got a comment from them stating to reach out to them. It seems they did not read this message since I mentioned I did reach out and their support ghosted me and not responded since the time they just wanted me to me to pay their subscription which thats not what I want. I am ok the regular amount I like a day just want them to fix the technical issue.
This app is so asking for an ID that js weird. This is a dating app not a government app I dont see why they need to check you ID it is very sketchy",,,,,1,,0.9621,0.125,0.033,0.841,positive
app_store,2026-04-25,,What do you mean the women on this app can’t see who’s liked them without paying????? Like are you dumb,What do you mean the women on this app can’t see who’s liked them without paying????? Like are you dumb,,,,,1,,-0.5529,0.107,0.243,0.65,negative
app_store,2026-04-25,,"Can’t see likes without paying… then I paid and the likes weren’t there anymore. Then while on paid trial version, someone liked, we matched, she ghosted my opener before the chat timed out. I probably won’t pay for the extra features again, and idk how long I will continue to use the “free version”. Had I actually matched with and met someone, I would have given it a better rating.","Can’t see likes without paying… then I paid and the likes weren’t there anymore. Then while on paid trial version, someone liked, we matched, she ghosted my opener before the chat timed out. I probably won’t pay for the extra features again, and idk how long I will continue to use the “free version”. Had I actually matched with and met someone, I would have given it a better rating.",,,,,2,,0.8591,0.145,0.036,0.819,positive
app_store,2026-04-24,,"I‘ve deleted my card, and cancel my subscription on Bumble, but it still charges me, definitely a scam app","I‘ve deleted my card, and cancel my subscription on Bumble, but it still charges me, definitely a scam app",,,,,1,,-0.6858,0.128,0.332,0.541,negative
app_store,2026-04-24,,I believe that you don’t get enough matches I have better luck with Facebook dating,I believe that you don’t get enough matches I have better luck with Facebook dating,,,,,1,,0.7096,0.312,0,0.688,positive
app_store,2026-04-24,,Dating apps are not designed for men. You’ll get further and feel better approaching women in real life. Three different women who never swiped on me were more than willing to talk to me in real life when I saw them at the gym,Dating apps are not designed for men. You’ll get further and feel better approaching women in real life. Three different women who never swiped on me were more than willing to talk to me in real life when I saw them at the gym,,,,,1,,0.4404,0.063,0,0.937,positive
app_store,2026-04-24,,They banned me for something I never did.,They banned me for something I never did.,,,,,1,,-0.4588,0,0.3,0.7,negative
app_store,2026-04-24,,Bumble used to be good and fairly priced for extra features. Bumble has lead me to long term relationships circa 2018-19 but now you have to pay up big to make connections and get in the algorithms favor otherwise no matches. Shame on Bumble for exploiting their customers.,Bumble used to be good and fairly priced for extra features. Bumble has lead me to long term relationships circa 2018-19 but now you have to pay up big to make connections and get in the algorithms favor otherwise no matches. Shame on Bumble for exploiting their customers.,,,,,1,,0.1484,0.149,0.14,0.711,positive
app_store,2026-04-24,,Want to meet someone. Not here.,Want to meet someone. Not here.,,,,,3,,0.0772,0.206,0,0.794,positive
app_store,2026-04-24,,Keep making me stupid puzzle and I won’t get verification code or call,Keep making me stupid puzzle and I won’t get verification code or call,,,,,1,,-0.5267,0,0.221,0.779,negative
app_store,2026-04-24,,"The algorithm isn’t right nor its fair. There are plenty of articles stating that girls profiles are more  fit towards a certain demographic of male. Also, when I girl initially creates a profile she is bombarded with overwhelming likes. For example; a male created a female profile for instance and got 200% more likes. The odds are stacked against a male looking for a companion. 


In conclusion, there needs to be a more specific way to filter people who are ACTUALLY looking for a relationship that have a chance.","The algorithm isn’t right nor its fair. There are plenty of articles stating that girls profiles are more  fit towards a certain demographic of male. Also, when I girl initially creates a profile she is bombarded with overwhelming likes. For example; a male created a female profile for instance and got 200% more likes. The odds are stacked against a male looking for a companion. 


In conclusion, there needs to be a more specific way to filter people who are ACTUALLY looking for a relationship that have a chance.",,,,,1,,0.9173,0.169,0.02,0.811,positive
app_store,2026-04-23,,"You know, never thought I would’ve met anything real on this app, but I can say somehow in this modern day I did. Met on bumble and the rest is history. Would recommend to anyone. Thanks Bumble


- Gavin","You know, never thought I would’ve met anything real on this app, but I can say somehow in this modern day I did. Met on bumble and the rest is history. Would recommend to anyone. Thanks Bumble


- Gavin",,,,,5,,0.7964,0.161,0,0.839,positive
app_store,2026-04-23,,seems like a lot of fake profiles to me. How’s a 64 year old guy supposed to find a third wife?,seems like a lot of fake profiles to me. How’s a 64 year old guy supposed to find a third wife?,,,,,1,,-0.1531,0.102,0.126,0.772,negative
app_store,2026-04-23,,"Very unethical application. They quickly take your money and will continue to charge you and request that you upgrade to pay for more and they can limit your ability to use the application without notice and for no reason. They will secretly hold back massages and connections with new likes. They will take your time and fool you because this is not n authentic business. No transparency and cannot be trusted, do not let them have your information.","Very unethical application. They quickly take your money and will continue to charge you and request that you upgrade to pay for more and they can limit your ability to use the application without notice and for no reason. They will secretly hold back massages and connections with new likes. They will take your time and fool you because this is not n authentic business. No transparency and cannot be trusted, do not let them have your information.",,,,,1,,-0.8293,0.057,0.165,0.778,negative
app_store,2026-04-23,,"All these apps just want are their duckets, they want people to pay for expensive weekly subscriptions to actually use their app, I’m glad I never did, these prices be blowin Me.","All these apps just want are their duckets, they want people to pay for expensive weekly subscriptions to actually use their app, I’m glad I never did, these prices be blowin Me.",,,,,1,,0.4939,0.16,0.04,0.8,positive
app_store,2026-04-23,,"I have tried a 3 month paying level membership and to be honest it's highly disappointing. I'm a decent looking man if not full on handsome.  I have had many matches, and texted to start conversations.... crickets ... no response and all I would say is ""Hello Handsome (name here)"" .   My experience speaks for itself .. disappointing and not worth the effort let alone $$.  April 23, 2026","I have tried a 3 month paying level membership and to be honest it's highly disappointing. I'm a decent looking man if not full on handsome.  I have had many matches, and texted to start conversations.... crickets ... no response and all I would say is ""Hello Handsome (name here)"" .   My experience speaks for itself .. disappointing and not worth the effort let alone $$.  April 23, 2026",,,,,1,,-0.7709,0.079,0.184,0.738,negative
app_store,2026-04-23,,Have to pay to even see who likes me . Stupid and a waste of time or money .,Have to pay to even see who likes me . Stupid and a waste of time or money .,,,,,1,,-0.5859,0.11,0.299,0.591,negative
app_store,2026-04-23,,Bumble is good overall but don’t sign up for anything. They’ll just keep charging you and you won’t be able to find the way to cancel.,Bumble is good overall but don’t sign up for anything. They’ll just keep charging you and you won’t be able to find the way to cancel.,,,,,2,,-0.1406,0.069,0.088,0.844,negative
app_store,2026-04-23,,"Honestly, I dont really like the platform that much, very limited matches","Honestly, I dont really like the platform that much, very limited matches",,,,,1,,-0.133,0.182,0.274,0.545,negative
app_store,2026-04-23,,"If you’re looking to connect with people, try a different app. There are a lot of flaws with this dating app. Even if you are paying for this app, the chances of a person you swiped on, didn’t pay for it.  You have no way of knowing who swipes on you unless you pay for it or if you both by chance swipe each other. 


There are a lot of bot accounts, accounts not active/ haven’t been used in awhile, fake accounts, accounts not intending to date, etc. Even if you report the accounts, nothing happens. There’s no way to write in specifics on why it’s a bot/  fake / not active account. Even if an admin says they monitor account inactivity, bot accounts, fake accounts, and remove them… they don’t do a good enough job. It’s rampant on here. 


Super swipes do nothing, notes are a waste with all the fake accounts/ accounts not being used, spotlight does nothing. This app can be so much better but chooses to be what it is. It’s a one star app trying to keep you on a dating app.","If you’re looking to connect with people, try a different app. There are a lot of flaws with this dating app. Even if you are paying for this app, the chances of a person you swiped on, didn’t pay for it.  You have no way of knowing who swipes on you unless you pay for it or if you both by chance swipe each other. 


There are a lot of bot accounts, accounts not active/ haven’t been used in awhile, fake accounts, accounts not intending to date, etc. Even if you report the accounts, nothing happens. There’s no way to write in specifics on why it’s a bot/  fake / not active account. Even if an admin says they monitor account inactivity, bot accounts, fake accounts, and remove them… they don’t do a good enough job. It’s rampant on here. 


Super swipes do nothing, notes are a waste with all the fake accounts/ accounts not being used, spotlight does nothing. This app can be so much better but chooses to be what it is. It’s a one star app trying to keep you on a dating app.",,,,,1,,-0.5461,0.054,0.087,0.858,negative
app_store,2026-04-23,,Can’t contact an actual human response. I never even got to use the app before it had issues,Can’t contact an actual human response. I never even got to use the app before it had issues,,,,,1,,0,0,0,1,neutral
app_store,2026-04-22,,"There isn’t a way to screen out people who are just visiting the area you live, which is really annoying since you end up finding a bunch of profiles that aren’t even potential to match with since they don’t live in your area and there’s no way to screen them out.","There isn’t a way to screen out people who are just visiting the area you live, which is really annoying since you end up finding a bunch of profiles that aren’t even potential to match with since they don’t live in your area and there’s no way to screen them out.",,,,,1,,-0.6361,0,0.096,0.904,negative
app_store,2026-04-22,,It should be more like Facebook dating they have unlimited meet people no restrictions,It should be more like Facebook dating they have unlimited meet people no restrictions,,,,,3,,0.1513,0.164,0.129,0.706,positive
app_store,2026-04-22,,They stole from me 19 months of a membership exp,They stole from me 19 months of a membership exp,,,,,1,,0,0,0,1,neutral
app_store,2026-04-22,,"I wanted to give an honest account of my experience using Bumble, along with patterns I’ve consistently seen across people I’ve met and conversations with fellow Bumble users.


Longevity on the app-
One of the first things that stood out: a surprising number of users have been on the app for years, often 4 to 8. That raises a legitimate question about the product’s effectiveness. If the goal is to help people form meaningful connections, that kind of tenure suggests something isn’t working.


Pricing and monetization-
The premium experience feels misaligned with the value delivered. Features range from around $1.99+ for highlights to $40+ bundles for SuperSwipes, Highlights or Notes, with pricing incentives to buy more at once. In theory, more spend should improve visibility, but in practice, it feels like a high input, low return system. Paying for these features rarely leads to meaningful engagement, and the structure encourages continued spending without a clear improvement in outcomes. At a certain point, it starts to feel less like a dating platform and more like a slot machine… and you’d likely have better odds in Vegas, not just winning, but actually meeting someone.


Match volume vs. meaningful interaction-
You can match with a wide range of people, anywhere from dozens to thousands, but volume doesn’t translate into quality. Even with paid features, engagement is low. A SuperSwipe or note often results in minimal effort responses, like “hey,” if any response at all. The core issue seems to be attention fragmentation. People aren’t just juggling conversations within the app, but also outside of it, while continuing to swipe through hundreds of profiles. Any single interaction becomes low priority.


Filtering and product design-
The filtering system is where the experience breaks down further. In theory, filters should narrow your pool to people who meet your criteria. In practice, applying them can reduce hundreds of potential matches down to a dozen or so. That forces you to widen filters you don’t actually want, either because many users don’t fully complete their profiles, or because the system doesn’t reliably enforce those preferences.


The result is a time consuming loop: swipe through large volumes, manually filter in your head, and repeat. Whether by design or limitation, the platform seems to prioritize keeping a broad pool over delivering precise matches. Over time, it can feel like matches are surfaced slowly, sometimes only a handful per month, which may help explain why so many users remain on the app for years rather than finding someone within a shorter timeframe.


Culture and user behavior-
Over time, the platform starts to feel increasingly transactional. A noticeable number of profiles explicitly say things like “here to date with intention,” which ironically highlights how much misalignment and mixed intent exists on the app.


There’s also a recurring theme of people trying to get off the app as quickly as possible, often stated directly in bios: “please get me off this app,” “let’s get off here,” or “let’s meet so we can get off the app.” It creates a dynamic where users don’t seem invested in the platform itself, but are instead trying to bypass it.


More broadly, the experience suggests a misalignment between user goals and product outcomes. Instead of efficiently matching people, the design often keeps users in a prolonged cycle of swiping, matching, and low quality interactions. The end result is an environment that is difficult to take seriously if you’re looking for something meaningful, arguably even more transactional than platforms like Tinder. From a user’s perspective, it can feel less like a product optimized for helping people find love and more like one optimized for keeping them there and not finding it.


Bottom line-
At this point, the return on time, energy, and money doesn’t justify continued use. More importantly, there’s a consistent pattern I’ve noticed, people on the app are genuinely unhappy, and they say it openly when you ask about their experience. That alone is enough to question the environment.


At a certain point, the tradeoff becomes clear. Endless swiping, surface level messaging, and continued spending lead to diminishing returns, both emotionally and practically. 


In contrast, real life interactions, while less frequent, tend to be more grounded, more intentional, and ultimately more worth pursuing.","I wanted to give an honest account of my experience using Bumble, along with patterns I’ve consistently seen across people I’ve met and conversations with fellow Bumble users.


Longevity on the app-
One of the first things that stood out: a surprising number of users have been on the app for years, often 4 to 8. That raises a legitimate question about the product’s effectiveness. If the goal is to help people form meaningful connections, that kind of tenure suggests something isn’t working.


Pricing and monetization-
The premium experience feels misaligned with the value delivered. Features range from around $1.99+ for highlights to $40+ bundles for SuperSwipes, Highlights or Notes, with pricing incentives to buy more at once. In theory, more spend should improve visibility, but in practice, it feels like a high input, low return system. Paying for these features rarely leads to meaningful engagement, and the structure encourages continued spending without a clear improvement in outcomes. At a certain point, it starts to feel less like a dating platform and more like a slot machine… and you’d likely have better odds in Vegas, not just winning, but actually meeting someone.


Match volume vs. meaningful interaction-
You can match with a wide range of people, anywhere from dozens to thousands, but volume doesn’t translate into quality. Even with paid features, engagement is low. A SuperSwipe or note often results in minimal effort responses, like “hey,” if any response at all. The core issue seems to be attention fragmentation. People aren’t just juggling conversations within the app, but also outside of it, while continuing to swipe through hundreds of profiles. Any single interaction becomes low priority.


Filtering and product design-
The filtering system is where the experience breaks down further. In theory, filters should narrow your pool to people who meet your criteria. In practice, applying them can reduce hundreds of potential matches down to a dozen or so. That forces you to widen filters you don’t actually want, either because many users don’t fully complete their profiles, or because the system doesn’t reliably enforce those preferences.


The result is a time consuming loop: swipe through large volumes, manually filter in your head, and repeat. Whether by design or limitation, the platform seems to prioritize keeping a broad pool over delivering precise matches. Over time, it can feel like matches are surfaced slowly, sometimes only a handful per month, which may help explain why so many users remain on the app for years rather than finding someone within a shorter timeframe.


Culture and user behavior-
Over time, the platform starts to feel increasingly transactional. A noticeable number of profiles explicitly say things like “here to date with intention,” which ironically highlights how much misalignment and mixed intent exists on the app.


There’s also a recurring theme of people trying to get off the app as quickly as possible, often stated directly in bios: “please get me off this app,” “let’s get off here,” or “let’s meet so we can get off the app.” It creates a dynamic where users don’t seem invested in the platform itself, but are instead trying to bypass it.


More broadly, the experience suggests a misalignment between user goals and product outcomes. Instead of efficiently matching people, the design often keeps users in a prolonged cycle of swiping, matching, and low quality interactions. The end result is an environment that is difficult to take seriously if you’re looking for something meaningful, arguably even more transactional than platforms like Tinder. From a user’s perspective, it can feel less like a product optimized for helping people find love and more like one optimized for keeping them there and not finding it.


Bottom line-
At this point, the return on time, energy, and money doesn’t justify continued use. More importantly, there’s a consistent pattern I’ve noticed, people on the app are genuinely unhappy, and they say it openly when you ask about their experience. That alone is enough to question the environment.


At a certain point, the tradeoff becomes clear. Endless swiping, surface level messaging, and continued spending lead to diminishing returns, both emotionally and practically. 


In contrast, real life interactions, while less frequent, tend to be more grounded, more intentional, and ultimately more worth pursuing.",,,,,1,,0.9971,0.142,0.049,0.809,positive
app_store,2026-04-22,,The extreme pay walls are ridiculous. I’ll just use other apps.,The extreme pay walls are ridiculous. I’ll just use other apps.,,,,,1,,-0.4927,0,0.318,0.682,negative
app_store,2026-04-22,,"It’s so odd how I’ll go the entire month without a single like…but then, the instant my subscription ends, all of a sudden, I’ve got a bunch of likes. 


Weird how that happens.","It’s so odd how I’ll go the entire month without a single like…but then, the instant my subscription ends, all of a sudden, I’ve got a bunch of likes. 


Weird how that happens.",,,,,1,,-0.1263,0.075,0.116,0.809,negative
app_store,2026-04-22,,"i opened an account yesterday. five minutes later, as i was still filling out my profile, i received a warning about my profile. i contacted their chat and appealed the warning. this morning i received a response that the warning would be upheld because i had nudity and sexual content on my profile, which is incredibly false and offensive. so zero people looked at my profile because if a person had looked at my profile, they would see there is no nudity or sexual content on it. this AI stuff is getting out of hand. absolutely ridiculous. off to go delete my account!","i opened an account yesterday. five minutes later, as i was still filling out my profile, i received a warning about my profile. i contacted their chat and appealed the warning. this morning i received a response that the warning would be upheld because i had nudity and sexual content on my profile, which is incredibly false and offensive. so zero people looked at my profile because if a person had looked at my profile, they would see there is no nudity or sexual content on it. this AI stuff is getting out of hand. absolutely ridiculous. off to go delete my account!",,,,,1,,-0.8897,0.028,0.137,0.835,negative
app_store,2026-04-22,,App is just another money hungry company. They have hidden restrictions and a poorly written algo. You can meet people but the app is not in the users favor.,App is just another money hungry company. They have hidden restrictions and a poorly written algo. You can meet people but the app is not in the users favor.,,,,,1,,0.5499,0.113,0,0.887,positive
app_store,2026-04-21,,"You would think that paying $25 a week (worst mistake of my life btw) would provide filters that actually work. Unless, unbeknownst to me, today is Opposite Day… because these are giving me the opposite of everything that I put in my filters! Incredible work, developers. Waste of both time and money.","You would think that paying $25 a week (worst mistake of my life btw) would provide filters that actually work. Unless, unbeknownst to me, today is Opposite Day… because these are giving me the opposite of everything that I put in my filters! Incredible work, developers. Waste of both time and money.",,,,,1,,-0.8154,0.04,0.164,0.797,negative
app_store,2026-04-21,,I didnt meet my lover at all it’s not a good app u swipe just not to match with anyone and no one texts u,I didnt meet my lover at all it’s not a good app u swipe just not to match with anyone and no one texts u,,,,,1,,-0.7703,0,0.259,0.741,negative
app_store,2026-04-21,,Was on this app for about two months. Not one match. Definitely feels like they will only show your profile if you pay for it. Trash app.,Was on this app for about two months. Not one match. Definitely feels like they will only show your profile if you pay for it. Trash app.,,,,,1,,-0.0408,0.083,0.121,0.796,neutral
app_store,2026-04-21,,"Banner for apparently violating their community guidelines line. Al my picture are with cloths on, no kid pictures, nothing that violate their guidelines. I was on the free app so not like I can talk to anyone. So I’m guessing you don’t upgrade they block your account!","Banner for apparently violating their community guidelines line. Al my picture are with cloths on, no kid pictures, nothing that violate their guidelines. I was on the free app so not like I can talk to anyone. So I’m guessing you don’t upgrade they block your account!",,,,,1,,-0.6545,0.102,0.194,0.704,negative
app_store,2026-04-21,,I got matched with 5 Fake profiles and it said they were photo Verified.,I got matched with 5 Fake profiles and it said they were photo Verified.,,,,,1,,-0.4767,0,0.193,0.807,negative
app_store,2026-04-21,,"I understand empowering women to make the first move but it feels that when I get a cash grab when I get a ""match"" then suddenly forced to buy premium to view said match. I can't even message them if I wanted to. It's a shame as I have gone on dates because of this app but it clearly just wants me to pay to see their potential dates.","I understand empowering women to make the first move but it feels that when I get a cash grab when I get a ""match"" then suddenly forced to buy premium to view said match. I can't even message them if I wanted to. It's a shame as I have gone on dates because of this app but it clearly just wants me to pay to see their potential dates.",,,,,1,,-0.7351,0.045,0.125,0.83,negative
app_store,2026-04-21,,you gotta spend a lot of money just for little things,you gotta spend a lot of money just for little things,,,,,1,,0,0,0,1,neutral
app_store,2026-04-20,,"Happily married to an incredible guy I met thru Bumble. FWIW, I met several great guys while active on the apps. Yes yes - some duds too. lol But there really are some good ones out there. May the odds be ever in your favor!","Happily married to an incredible guy I met thru Bumble. FWIW, I met several great guys while active on the apps. Yes yes - some duds too. lol But there really are some good ones out there. May the odds be ever in your favor!",,,,,5,,0.9544,0.355,0,0.645,positive
app_store,2026-04-20,,"Been trying to communicate with the company but I get a circle of responses. I’m trying to get a refund for something I didn’t intend to renew. It keeps saying it will transfer me but they haven’t and it’s been over 24 hours. Basically waiting for a canned response and I have to eat the cost of something again. I have never met anyone on this app, like even after using it for several years. And about half of your matches are Snapchat bots.","Been trying to communicate with the company but I get a circle of responses. I’m trying to get a refund for something I didn’t intend to renew. It keeps saying it will transfer me but they haven’t and it’s been over 24 hours. Basically waiting for a canned response and I have to eat the cost of something again. I have never met anyone on this app, like even after using it for several years. And about half of your matches are Snapchat bots.",,,,,1,,0.5023,0.038,0,0.962,positive
app_store,2026-04-20,,Devs please pay attention to bots who I’ve noticed use “Travel mode” and their opening message or bio is “add my snap @“ and usually snap is spelled wrong. There’s lots!!!! Please deal with that and also prices need to come down… it’s crazy.,Devs please pay attention to bots who I’ve noticed use “Travel mode” and their opening message or bio is “add my snap @“ and usually snap is spelled wrong. There’s lots!!!! Please deal with that and also prices need to come down… it’s crazy.,,,,,3,,-0.5374,0.089,0.156,0.755,negative
app_store,2026-04-20,,"Be careful with this app. If you subscribe, they create a subscription through Apple Pay, but outside of iPhone subscriptions, so you may not notice they have set up a recurring charge. This is a purposely deceptive practice and they will fight you to refund any unauthorized renewals. I would avoid this app and service like the plague.","Be careful with this app. If you subscribe, they create a subscription through Apple Pay, but outside of iPhone subscriptions, so you may not notice they have set up a recurring charge. This is a purposely deceptive practice and they will fight you to refund any unauthorized renewals. I would avoid this app and service like the plague.",,,,,1,,-0.3182,0.093,0.113,0.794,negative
app_store,2026-04-20,,We should get to see who we match !,We should get to see who we match !,,,,,3,,0,0,0,1,neutral
app_store,2026-04-19,,That price to compliment someone is ridiculous.,That price to compliment someone is ridiculous.,,,,,1,,0.1531,0.292,0.236,0.472,positive
app_store,2026-04-19,,"Bumble, along with several other modern dating apps, have resulted in a culture of low investment, low stakes, and low effort. I sincerely regret every moment that I’ve spent on this app, as it’s clear that the company behind it is only interested in extracting money from its hapless users and not interested in actually encouraging people to form organic connections.","Bumble, along with several other modern dating apps, have resulted in a culture of low investment, low stakes, and low effort. I sincerely regret every moment that I’ve spent on this app, as it’s clear that the company behind it is only interested in extracting money from its hapless users and not interested in actually encouraging people to form organic connections.",,,,,1,,0.0108,0.154,0.18,0.666,neutral
app_store,2026-04-19,,"I met my WIFE on Bumble! My whole life changed from meeting Her. This app is amazing! 🥹❤️


And NOW we have a beautiful son!


Update* (April 2026)","I met my WIFE on Bumble! My whole life changed from meeting Her. This app is amazing! 🥹❤️


And NOW we have a beautiful son!


Update* (April 2026)",,,,,5,,0.8617,0.234,0,0.766,positive
app_store,2026-04-19,,Not worth the money- they need to lower their cost and give us better options,Not worth the money- they need to lower their cost and give us better options,,,,,1,,0.0088,0.155,0.206,0.639,neutral
app_store,2026-04-19,,By not allowing a feature to block someone by phone number and name fails to keep women safe.,By not allowing a feature to block someone by phone number and name fails to keep women safe.,,,,,1,,-0.3612,0.176,0.238,0.586,negative
app_store,2026-04-19,,Are you kidding me? I paid $100 for a month 3 1/2 weeks into this. I got two likes and here’s the kicker the last week. I swiped on people that I normally wouldn’t even date 75 swipes to the right not a single person like me back. The app is meant to keep you on.Never AGAIN !,Are you kidding me? I paid $100 for a month 3 1/2 weeks into this. I got two likes and here’s the kicker the last week. I swiped on people that I normally wouldn’t even date 75 swipes to the right not a single person like me back. The app is meant to keep you on.Never AGAIN !,,,,,1,,0.7177,0.113,0,0.887,positive
app_store,2026-04-19,,Banned right after paying for Premium — No refund!,Banned right after paying for Premium — No refund!,,,,,1,,-0.6696,0,0.44,0.56,negative
app_store,2026-04-19,,You don’t match with anyone unless you pay. If you want a more detailed review then pay me. Sound familiar??,You don’t match with anyone unless you pay. If you want a more detailed review then pay me. Sound familiar??,,,,,1,,-0.2168,0.061,0.147,0.792,negative
app_store,2026-04-19,,окей вы меня заставили заполнить анкету и только в конце сказали что в россии недоступно,окей вы меня заставили заполнить анкету и только в конце сказали что в россии недоступно,,,,,1,,0,0,0,1,neutral
app_store,2026-04-19,,"I’m a relatively attractive guy living in San Diego where there is a large pool of women, I have the app a solid try, used it for about a month, I refuse to pay for dating apps, so it was the free version, and I only ever matched with bots or sex workers, I used the app a few years ago, and liked the set up of women messaging first, they have completely moved away from that, it’s no different from any of the other apps, they have “opening moves” which are just “not on here, add my snap” or literally “my telegram is *blank* hit me up to hook up” don’t download, don’t fall for it, it’s just tinder with more bots","I’m a relatively attractive guy living in San Diego where there is a large pool of women, I have the app a solid try, used it for about a month, I refuse to pay for dating apps, so it was the free version, and I only ever matched with bots or sex workers, I used the app a few years ago, and liked the set up of women messaging first, they have completely moved away from that, it’s no different from any of the other apps, they have “opening moves” which are just “not on here, add my snap” or literally “my telegram is *blank* hit me up to hook up” don’t download, don’t fall for it, it’s just tinder with more bots",,,,,1,,0.7003,0.08,0.044,0.876,positive
app_store,2026-04-19,,Allows people to post antisemitic vitriol but sensors photos of people doing their job in conservation. Rules are arbitrary and make no sense.,Allows people to post antisemitic vitriol but sensors photos of people doing their job in conservation. Rules are arbitrary and make no sense.,,,,,1,,-0.4215,0,0.113,0.887,negative
app_store,2026-04-19,,Cruel decision,Cruel decision,,,,,1,,-0.5859,0,0.792,0.208,negative
app_store,2026-04-19,,"The whole interface of the app felt like a Hinge knockoff, but the pool of users is way smaller and the app itself is barely functional. I spent like 15 minutes trying to upload one of my photo prompts and it wouldn’t stay on the page. They also prompted me for photo ID which seems like a user-privacy nightmare. Poor functionality, unoriginal design, disrespectful to user privacy. I do not recommend","The whole interface of the app felt like a Hinge knockoff, but the pool of users is way smaller and the app itself is barely functional. I spent like 15 minutes trying to upload one of my photo prompts and it wouldn’t stay on the page. They also prompted me for photo ID which seems like a user-privacy nightmare. Poor functionality, unoriginal design, disrespectful to user privacy. I do not recommend",,,,,2,,0.1116,0.102,0.084,0.814,positive
app_store,2026-04-18,,Trash app. Always trying to get you to pay for stuff. The only good thing was the speed dating. Bring that back and I’ll give you another star,Trash app. Always trying to get you to pay for stuff. The only good thing was the speed dating. Bring that back and I’ll give you another star,,,,,1,,0.3612,0.096,0.046,0.858,positive
app_store,2026-04-18,,"It will show you have matches and as soon as you pay you won’t get matches and it always shows you have seen everyone nearby, so either no girls are using this or they are not showing profiles once you pay for it.
I also tried talking to support multiple times but they are not helping with anything. You send them any email they will reply with same message every time.","It will show you have matches and as soon as you pay you won’t get matches and it always shows you have seen everyone nearby, so either no girls are using this or they are not showing profiles once you pay for it.
I also tried talking to support multiple times but they are not helping with anything. You send them any email they will reply with same message every time.",,,,,1,,-0.3861,0.025,0.087,0.888,negative
app_store,2026-04-18,,Yuuuhhhhhh,Yuuuhhhhhh,,,,,5,,0,0,0,1,neutral
app_store,2026-04-18,,"Had the most premium subscription for 3 months. Used the 10 super swipes most weeks, and swiped most days. Didn't necessarily use them on the most beautiful women every time either. Barely got any matches the entire time. I get way more matches on hinge with their premium service. Even tinder gets me more matches but not as good as hinge. I guess there are only so many women using dating apps and they must not be using bumble, and the ratio of men is terrible. Can't explain the lack of matches despite paying that much otherwise","Had the most premium subscription for 3 months. Used the 10 super swipes most weeks, and swiped most days. Didn't necessarily use them on the most beautiful women every time either. Barely got any matches the entire time. I get way more matches on hinge with their premium service. Even tinder gets me more matches but not as good as hinge. I guess there are only so many women using dating apps and they must not be using bumble, and the ratio of men is terrible. Can't explain the lack of matches despite paying that much otherwise",,,,,1,,-0.1949,0.07,0.068,0.862,negative
app_store,2026-04-18,,"I get that apps like this are a business. But I have to pay to have a decent experience? That’s absurd. I choose preferences and what do I get? People who are not even remotely close to them. “You may experience people outside of your preferences” Then why am I even giving preferences to this app? The likes I give are people that never return it to me (I guess this is my own fault) but this app dies on the hill that I have to pay to see better people. I never got one match, just a lot of “you missed a match!” and then the option to PAY to go back to like/match back with them. What a joke, no wonder people think apps are bad. Deleted my account and will never be returning.","I get that apps like this are a business. But I have to pay to have a decent experience? That’s absurd. I choose preferences and what do I get? People who are not even remotely close to them. “You may experience people outside of your preferences” Then why am I even giving preferences to this app? The likes I give are people that never return it to me (I guess this is my own fault) but this app dies on the hill that I have to pay to see better people. I never got one match, just a lot of “you missed a match!” and then the option to PAY to go back to like/match back with them. What a joke, no wonder people think apps are bad. Deleted my account and will never be returning.",,,,,1,,-0.6632,0.095,0.129,0.776,negative
app_store,2026-04-18,,They take your money then you will run out of people to swipe thru in your area in like 30mins- hour and then they tell you to widen your search to keep you on the app longer. If you just wait like 5 mins magically out of no where all these people show up in your area again. It’s a disgusting abuse of customer interest. And if you don’t know this you could be expanding your search to like 60+ miles while you’re swiping thru people now who will never even see you. TOTAL SCAM!,They take your money then you will run out of people to swipe thru in your area in like 30mins- hour and then they tell you to widen your search to keep you on the app longer. If you just wait like 5 mins magically out of no where all these people show up in your area again. It’s a disgusting abuse of customer interest. And if you don’t know this you could be expanding your search to like 60+ miles while you’re swiping thru people now who will never even see you. TOTAL SCAM!,,,,,1,,-0.7936,0.093,0.138,0.77,negative
app_store,2026-04-18,,$33 per week not to be seen by people you do not want to see you. No local women.,$33 per week not to be seen by people you do not want to see you. No local women.,,,,,1,,-0.3447,0,0.168,0.832,negative
app_store,2026-04-18,,Your app shows me the worst matches and you charge over $30 per month. The economy sucks and you’re stealing from people with hope. It shouldn’t be more that $10 to view,Your app shows me the worst matches and you charge over $30 per month. The economy sucks and you’re stealing from people with hope. It shouldn’t be more that $10 to view,,,,,1,,-0.8126,0.07,0.25,0.68,negative
app_store,2026-04-18,,If you subscribe with a card you will not be able to cancel your subscription without getting customer service to do so for you. This can’t be legal.,If you subscribe with a card you will not be able to cancel your subscription without getting customer service to do so for you. This can’t be legal.,,,,,1,,-0.128,0.051,0.068,0.881,negative
app_store,2026-04-17,,Kinda a scam,Kinda a scam,,,,,2,,-0.5302,0,0.631,0.369,negative
app_store,2026-04-17,,"Better for making matches than H***e, but still not shown very many people that meet what I’m looking for. My biggest gripe is that you can’t filter by politics unless you pay. I’m never going to pay for a dating app, but politics is one of my top reasons for saying no to a profile. I hate that I’m still shown so many conservative men when my profile says liberal. I also hate how sensitive the location setting is because it won’t show you people where you live if you are away, it updates to exactly where you are. I can’t swipe if I’m away from home, even a couple hours away.","Better for making matches than H***e, but still not shown very many people that meet what I’m looking for. My biggest gripe is that you can’t filter by politics unless you pay. I’m never going to pay for a dating app, but politics is one of my top reasons for saying no to a profile. I hate that I’m still shown so many conservative men when my profile says liberal. I also hate how sensitive the location setting is because it won’t show you people where you live if you are away, it updates to exactly where you are. I can’t swipe if I’m away from home, even a couple hours away.",,,,,3,,-0.898,0.045,0.116,0.839,negative
app_store,2026-04-17,,"I’ve used this app and paid for premium and premium plus. What I find is they quickly tell me that I’ve run out of people that fit my criteria to expand it. Well, the problem is as soon as I adjust the age or distance, new people start showing up that are in my old filters. so paying for extra is completely bogus. After a while, you only get so many people that you can see per day I live in a city of 4 million people. I refuse to believe that they’re only about 150 people on Bumble","I’ve used this app and paid for premium and premium plus. What I find is they quickly tell me that I’ve run out of people that fit my criteria to expand it. Well, the problem is as soon as I adjust the age or distance, new people start showing up that are in my old filters. so paying for extra is completely bogus. After a while, you only get so many people that you can see per day I live in a city of 4 million people. I refuse to believe that they’re only about 150 people on Bumble",,,,,2,,0.25,0.065,0.046,0.888,positive
app_store,2026-04-17,,"Don’t wanna certainly pay for an uncertain probability to be seen? In that case you get about 1week of exposure before they just stop putting you in feeds. Have the same account on tinder with all the settings matching, 0 likes on bumble and 12 likes on tinder. 
On top of that, bots are everywhere. Today alone I’ve seen 20 Abby’s, all the same age, all the same location, most with the same pictures.
The choice is clear, ditch bumble. You’re being exploited for your loneliness.","Don’t wanna certainly pay for an uncertain probability to be seen? In that case you get about 1week of exposure before they just stop putting you in feeds. Have the same account on tinder with all the settings matching, 0 likes on bumble and 12 likes on tinder. 
On top of that, bots are everywhere. Today alone I’ve seen 20 Abby’s, all the same age, all the same location, most with the same pictures.
The choice is clear, ditch bumble. You’re being exploited for your loneliness.",,,,,1,,-0.0516,0.123,0.135,0.743,negative
app_store,2026-04-17,,read title.,read title.,,,,,1,,0,0,0,1,neutral
app_store,2026-04-17,,I’ve been using it for a while now. I have met one person I actually had a connection with. This is around 20 or 30 matches in. Many of the people on here a flagrantly bots trying to sell NSFW stuff on Snapchat. This problem is so common I’m assuming Bumble is allowing this.,I’ve been using it for a while now. I have met one person I actually had a connection with. This is around 20 or 30 matches in. Many of the people on here a flagrantly bots trying to sell NSFW stuff on Snapchat. This problem is so common I’m assuming Bumble is allowing this.,,,,,2,,-0.481,0,0.056,0.944,negative
app_store,2026-04-17,,Been an on and off user of bumble for a couple years now and it has consistently been flooded with bots advertising snapchat scams. 1 in every 50 profiles is maybe a real person. Such a waste of time,Been an on and off user of bumble for a couple years now and it has consistently been flooded with bots advertising snapchat scams. 1 in every 50 profiles is maybe a real person. Such a waste of time,,,,,1,,-0.765,0,0.151,0.849,negative
app_store,2026-04-17,,"I’m trying to meet my future ex wife. Instead. 
Photo verified bots. 
Fix this.","I’m trying to meet my future ex wife. Instead. 
Photo verified bots. 
Fix this.",,,,,1,,0,0,0,1,neutral
app_store,2026-04-17,,"Was being charged weekly because their instructions to cancel subscription wasn't entirely clear. It said to ""go to your profile then select manage subscriptions"". It took me days to finally figure out you have to scroll down to the ""advertised subscriptions"" and THEN scroll all the way to the right (the rest of the app is scroll only up/down btw"" and then you can find your sub all the way at the end where you can cancel it! So I asked for a refund of just one of the 3 charges for the difficulty (which is also an option on their customer service FAQs) and they refused. Then had the nerve to reply back ""we're sorry you had a bad experience and thank you for your feedback"" to my response of them having terrible customer service.... a fair warning to anyone out there...  not a lot of people on this app either, don't waste your time or money.","Was being charged weekly because their instructions to cancel subscription wasn't entirely clear. It said to ""go to your profile then select manage subscriptions"". It took me days to finally figure out you have to scroll down to the ""advertised subscriptions"" and THEN scroll all the way to the right (the rest of the app is scroll only up/down btw"" and then you can find your sub all the way at the end where you can cancel it! So I asked for a refund of just one of the 3 charges for the difficulty (which is also an option on their customer service FAQs) and they refused. Then had the nerve to reply back ""we're sorry you had a bad experience and thank you for your feedback"" to my response of them having terrible customer service.... a fair warning to anyone out there...  not a lot of people on this app either, don't waste your time or money.",,,,,1,,-0.9367,0.04,0.144,0.815,negative
app_store,2026-04-17,,"This is literally designed like a slot machine in a casino, to keep you on the app.


Nothing but lukewarm to bad experiences after a year of Bumble dates. Avoid.","This is literally designed like a slot machine in a casino, to keep you on the app.


Nothing but lukewarm to bad experiences after a year of Bumble dates. Avoid.",,,,,2,,-0.7783,0.048,0.208,0.744,negative
app_store,2026-04-16,,I’ve reported a particular user a number of times over the years to Bumble but somehow they keep allowing this same guy who raped me back on Bumble. Thanks for supporting rape and allowing a pedo to infiltrate the dating community. They also allow trans men to come up in the ‘male’ queue and do nothing about it. This place seedy hotbed for pedos and rapists.,I’ve reported a particular user a number of times over the years to Bumble but somehow they keep allowing this same guy who raped me back on Bumble. Thanks for supporting rape and allowing a pedo to infiltrate the dating community. They also allow trans men to come up in the ‘male’ queue and do nothing about it. This place seedy hotbed for pedos and rapists.,,,,,1,,-0.9136,0.126,0.212,0.662,negative
app_store,2026-04-16,,"I just downloaded this app and have been enjoying it, but it’s very difficult not to accidentally swipe. It would be great if developers tweaked the mechanics to make it harder to swipe accidentally. Is there a feature to undo a like? If so, I’d be using that feature 10x in like 30 minutes.","I just downloaded this app and have been enjoying it, but it’s very difficult not to accidentally swipe. It would be great if developers tweaked the mechanics to make it harder to swipe accidentally. Is there a feature to undo a like? If so, I’d be using that feature 10x in like 30 minutes.",,,,,4,,0.8783,0.239,0.096,0.665,positive
app_store,2026-04-16,,"Maddening. They don’t give you access to your info without uploading your passport which I refuse to do. I have provided all correct information to their identification questions and their very dumb ai support just keeps saying I’m wrong, despite receipts. Don’t download this app!!!! There are better dating apps anyway. Bumble SUCKS","Maddening. They don’t give you access to your info without uploading your passport which I refuse to do. I have provided all correct information to their identification questions and their very dumb ai support just keeps saying I’m wrong, despite receipts. Don’t download this app!!!! There are better dating apps anyway. Bumble SUCKS",,,,,1,,-0.8917,0.086,0.241,0.673,negative
app_store,2026-04-16,,I canceled my subscription because of how the likes section is just an endless scroll compared to when they had it set up before when they were side by side. Easier to view my likes.,I canceled my subscription because of how the likes section is just an endless scroll compared to when they had it set up before when they were side by side. Easier to view my likes.,,,,,2,,0.8126,0.208,0,0.792,positive
app_store,2026-04-16,,You never need another app and you’ll realize you will be off in time finding love,You never need another app and you’ll realize you will be off in time finding love,,,,,5,,0.6369,0.219,0,0.781,positive
app_store,2026-04-15,,Got 21 different matches in the last 2 months and every single one of them attempted to get me to add a fake Snapchat or Instagram(very obviously). Disappointing fr,Got 21 different matches in the last 2 months and every single one of them attempted to get me to add a fake Snapchat or Instagram(very obviously). Disappointing fr,,,,,1,,-0.743,0,0.189,0.811,negative
app_store,2026-04-15,,This app is legitimately nothing but scam bots. Every match I’ve gotten for the last month has been a bot that tries to get you off-site to Snapchat. Genuinely unacceptably bad levels of moderation. Even Tinder at its worst was never this bad.,This app is legitimately nothing but scam bots. Every match I’ve gotten for the last month has been a bot that tries to get you off-site to Snapchat. Genuinely unacceptably bad levels of moderation. Even Tinder at its worst was never this bad.,,,,,1,,-0.9456,0.066,0.286,0.647,negative
app_store,2026-04-15,,"App used be based around’ “girls message first.” Admittedly, this ending being lots of “hey” “how is your day going?” Blandness. Now after a match, you respond to some “opening move” that equally just feel like commenting on some girls post. Why not just use Hinge? It does what this app is trying to do but better.","App used be based around’ “girls message first.” Admittedly, this ending being lots of “hey” “how is your day going?” Blandness. Now after a match, you respond to some “opening move” that equally just feel like commenting on some girls post. Why not just use Hinge? It does what this app is trying to do but better.",,,,,1,,0.7149,0.098,0,0.902,positive
app_store,2026-04-15,,So you’re telling me. To see a fake account I have to pay $33?? I can pay half on hinge and get better results 😂 I wouldn’t dump money in this,So you’re telling me. To see a fake account I have to pay $33?? I can pay half on hinge and get better results 😂 I wouldn’t dump money in this,,,,,1,,-0.264,0.147,0.237,0.616,negative
app_store,2026-04-15,,Hard to match with someone as I’m kinda short and 9/10 everyone taller than me and it’s hard to see someone my height unless I cough up some money just like every over app settings that should be free isn’t ALL these apps are the same money money money you can hardly do anything with the free tier there’s way more features behind a paid wall than free features I’ve seen you reply to a negative review about the subscription tier you said “only a few” are behind a paid wall when it’s way more than a few I remember when I stopped logging on for like a year and I come back reactive my account I got a few likes I paid to see who it was like usual all bot accounts and all of a sudden after 3 days of getting likes all of a sudden it stops when I get a subscription clearly yall scamming people to trick people into buying your subscription because it’s been like that forever now and you guys ain’t doing anything to “fix” it bumble and tinder just might be the worst dating apps ever all because they stuck on milking they own customers for money,Hard to match with someone as I’m kinda short and 9/10 everyone taller than me and it’s hard to see someone my height unless I cough up some money just like every over app settings that should be free isn’t ALL these apps are the same money money money you can hardly do anything with the free tier there’s way more features behind a paid wall than free features I’ve seen you reply to a negative review about the subscription tier you said “only a few” are behind a paid wall when it’s way more than a few I remember when I stopped logging on for like a year and I come back reactive my account I got a few likes I paid to see who it was like usual all bot accounts and all of a sudden after 3 days of getting likes all of a sudden it stops when I get a subscription clearly yall scamming people to trick people into buying your subscription because it’s been like that forever now and you guys ain’t doing anything to “fix” it bumble and tinder just might be the worst dating apps ever all because they stuck on milking they own customers for money,,,,,1,,0.9169,0.122,0.075,0.803,positive
app_store,2026-04-15,,This app freezes alot,This app freezes alot,,,,,1,,-0.0258,0,0.268,0.732,neutral
app_store,2026-04-15,,"It could be a regional issue, but I used to be on here a few years ago and it wasn’t as bad, but this site has a much higher rate of scummy men then other sites. Mainly the kind that act inappropriate without asking. Higher the tinder and plenty of fish. Only okaycupid is worse for main stream dating apps. In all fairness Bumble has always taken my reports seriously for very bad messages like random inappropriate pics. But still, I have been on the site a long time, and honestly I’ve never met anyone off of it. But it could be just myself.","It could be a regional issue, but I used to be on here a few years ago and it wasn’t as bad, but this site has a much higher rate of scummy men then other sites. Mainly the kind that act inappropriate without asking. Higher the tinder and plenty of fish. Only okaycupid is worse for main stream dating apps. In all fairness Bumble has always taken my reports seriously for very bad messages like random inappropriate pics. But still, I have been on the site a long time, and honestly I’ve never met anyone off of it. But it could be just myself.",,,,,2,,-0.5986,0.098,0.129,0.774,negative
app_store,2026-04-14,,They gate you and won’t let you see your likes until you pay for premium. This app also gives you people that you do not like or swipe on for some reason. Hinge is better,They gate you and won’t let you see your likes until you pay for premium. This app also gives you people that you do not like or swipe on for some reason. Hinge is better,,,,,1,,0.4922,0.142,0.087,0.771,positive
app_store,2026-04-14,,I hope it works,I hope it works,,,,,5,,0.4404,0.492,0,0.508,positive
app_store,2026-04-14,,"This app is just a hang out for fishing bots, it’s really off putting for someone trying to find something serious","This app is just a hang out for fishing bots, it’s really off putting for someone trying to find something serious",,,,,1,,-0.0772,0,0.061,0.939,negative
app_store,2026-04-14,,"I took a break from bumble for a year, and I just came back to find that they have added tons of pay for features for the men to message women, now they’re incentivizing men to make the first move. It’s no longer a woman led effort. And everything cost. Dating Apps are such a scam for the men.","I took a break from bumble for a year, and I just came back to find that they have added tons of pay for features for the men to message women, now they’re incentivizing men to make the first move. It’s no longer a woman led effort. And everything cost. Dating Apps are such a scam for the men.",,,,,1,,-0.743,0,0.115,0.885,negative
app_store,2026-04-14,,"Way too over priced, I probably won’t ever buy it for that reason. The design of the ap is good though and the profile building process is way better and more fun than other ones. But most people are on a budget these days. Add the ap cost plus paying for dates and you lost half your potential customers.","Way too over priced, I probably won’t ever buy it for that reason. The design of the ap is good though and the profile building process is way better and more fun than other ones. But most people are on a budget these days. Add the ap cost plus paying for dates and you lost half your potential customers.",,,,,1,,0.3064,0.097,0.046,0.857,positive
app_store,2026-04-14,,Please change your system,Please change your system,,,,,3,,0.3182,0.434,0,0.566,positive
app_store,2026-04-14,,"They’re discriminatory. I literally purchased a phone number two years ago. I never used dating apps as I’m not from the U.S. in the first place. I do not know who owned or used this number before then, but apparently they broke some community guideline. I downloaded the app for the first time and I had trouble logging in until after a few attempts to create an account, the app told me I’m blocked. I emailed their customer service to see what’s going on. They refused to resolve the issue and they kept calling me by another name even though I told them that’s not my name and I have gov IDs to provide to proof my identity. Honestly, if their customer service is this rigid and unwilling to help customers, I wouldn’t feel safe on their app at all because what if I face an issue then is this going to be their attitude ???? Good luck to their users.","They’re discriminatory. I literally purchased a phone number two years ago. I never used dating apps as I’m not from the U.S. in the first place. I do not know who owned or used this number before then, but apparently they broke some community guideline. I downloaded the app for the first time and I had trouble logging in until after a few attempts to create an account, the app told me I’m blocked. I emailed their customer service to see what’s going on. They refused to resolve the issue and they kept calling me by another name even though I told them that’s not my name and I have gov IDs to provide to proof my identity. Honestly, if their customer service is this rigid and unwilling to help customers, I wouldn’t feel safe on their app at all because what if I face an issue then is this going to be their attitude ???? Good luck to their users.",,,,,1,,0.932,0.15,0.077,0.773,positive
app_store,2026-04-13,,App is glitchy,App is glitchy,,,,,1,,0,0,0,1,neutral
app_store,2026-04-13,,"If I could rate this a 10, I would. I met my husband on bumble, and likely never would have crossed paths or thought I’d be into him otherwise. I encourage users to be open-minded to new and different matches!","If I could rate this a 10, I would. I met my husband on bumble, and likely never would have crossed paths or thought I’d be into him otherwise. I encourage users to be open-minded to new and different matches!",,,,,5,,0.5562,0.084,0,0.916,positive
app_store,2026-04-13,,"I will not recommend nor use this app again!! I purchased the premium now customer service claims I can’t use anything that I purchased. So yes a waste of money, energy & time!","I will not recommend nor use this app again!! I purchased the premium now customer service claims I can’t use anything that I purchased. So yes a waste of money, energy & time!",,,,,1,,0.3168,0.159,0.127,0.714,positive
app_store,2026-04-13,,Randomly deleted pictures that clearly show my face any won’t let me set my #1 picture as a photos that clearly shows my face. AI facial recognition on it sucks,Randomly deleted pictures that clearly show my face any won’t let me set my #1 picture as a photos that clearly shows my face. AI facial recognition on it sucks,,,,,1,,0.4404,0.155,0.072,0.774,positive
app_store,2026-04-12,,"This app is heavily focused on making users pay. You can’t like photos without a subscription, and I ended up spending $50 just to see who viewed or liked my profile.


The location filter also doesn’t work properly—I kept adjusting it, but for two weeks I couldn’t match with anyone from my own state.


Overall, it’s frustrating, limiting, and not worth the money.","This app is heavily focused on making users pay. You can’t like photos without a subscription, and I ended up spending $50 just to see who viewed or liked my profile.


The location filter also doesn’t work properly—I kept adjusting it, but for two weeks I couldn’t match with anyone from my own state.


Overall, it’s frustrating, limiting, and not worth the money.",,,,,2,,-0.3816,0.078,0.101,0.82,negative
app_store,2026-04-12,,"As a woman using the app in CA, one out of every three profiles I’m shown is fake. When I log on, the first 3-5 profiles I’m shown are typically fake. It’s a significant time sink going through them and makes the app not really worth it. The AI and facial recognition could be significantly improved. It’s too bad because the other app features like the dating advice and profile feedback are great.","As a woman using the app in CA, one out of every three profiles I’m shown is fake. When I log on, the first 3-5 profiles I’m shown are typically fake. It’s a significant time sink going through them and makes the app not really worth it. The AI and facial recognition could be significantly improved. It’s too bad because the other app features like the dating advice and profile feedback are great.",,,,,3,,-0.0214,0.131,0.131,0.738,neutral
app_store,2026-04-12,,I think the app is great for the most part but they got rid of bumblebee BFF and they talk about a separate app but that’s not available. Think that it would’ve been a good idea to keep that around as well as the browser interface for their website for their app rather as some parts of their app are not the most easy to use. It’s very hard to get a subscription and I will say the amount of like you want but not respond. Profiles are stacking.,I think the app is great for the most part but they got rid of bumblebee BFF and they talk about a separate app but that’s not available. Think that it would’ve been a good idea to keep that around as well as the browser interface for their website for their app rather as some parts of their app are not the most easy to use. It’s very hard to get a subscription and I will say the amount of like you want but not respond. Profiles are stacking.,,,,,2,,0.9406,0.189,0.051,0.759,positive
app_store,2026-04-12,,"Code wise the app works like it's supposed to. However, trans men beware: if you aren't passing as a cis man, especially if you're gay, the queer men do not, and will never, see you as a man. If you are passing, just know that once you tell them you aren't cis male, they'll go ghost. At least that's how it is on the east coast.","Code wise the app works like it's supposed to. However, trans men beware: if you aren't passing as a cis man, especially if you're gay, the queer men do not, and will never, see you as a man. If you are passing, just know that once you tell them you aren't cis male, they'll go ghost. At least that's how it is on the east coast.",,,,,3,,0.5106,0.079,0.032,0.889,positive
app_store,2026-04-12,,I don’t know if they flagged my account somehow but I stopped getting any matches or likes after my premium trial ended. By far the worst experience I’ve ever had on a dating app and even more frustrating since it happened after I paid for premium.,I don’t know if they flagged my account somehow but I stopped getting any matches or likes after my premium trial ended. By far the worst experience I’ve ever had on a dating app and even more frustrating since it happened after I paid for premium.,,,,,1,,-0.8621,0.064,0.212,0.724,negative
app_store,2026-04-12,,"About 90% of matches are people that are using travel mode (aka scammers) and then people with Snapchat links with suggestive text. 


Also there is like 1/3rd the amount of users there was a year ago","About 90% of matches are people that are using travel mode (aka scammers) and then people with Snapchat links with suggestive text. 


Also there is like 1/3rd the amount of users there was a year ago",,,,,1,,0.3612,0.067,0,0.933,positive
app_store,2026-04-12,,"Male. Free user here of 3 months so base my review on that. Bumble offers free access to match with its other users and potentially foster a connection. ( nice baseline 5⭐️)


Bumble dating-
😮‍💨Bumble gives a yes/no prompt for users to review it. The 1st time I said no & it didn’t ask for suggestions or a review. (sure some negative reviews are probably bots or trolls but for actual criticism there is no function to offer suggestions. -1⭐️). 
😑 2nd time I said yes and bumble asked for my review ( fishing much? -1⭐️). 
😕Free users get 3 non renewable messages total and I think only paying users can read it? Admittedly unsure if paying improves this feature. ( no clear indication of the message features abilities. -1⭐️) 
☹️I’ve received 4 “messages” total that I expire in 24 hours. I can’t read them or reply without paying or swiping right on the correct hidden profile( time pressured emotional predation -1⭐️). 
😖I spent my 3 free messages in the 1st day expecting maybe like Hinge I’d get them back the next day but they’re gone for good! (Why not tell me their full capability -1⭐️). 
😫I could pay 50 dollars to buy more messages and features for a limited time. Or I can get discounts for “locking in” if I want those features for longer. Those bonus features won’t work if used on free users.( misleading-1⭐️)
😠 why no option to tell who are VIP paying users so you can better use your app? (be more transparent for free users  -1⭐️) 
🤦‍♀️Some Female users actually ask for Men to message first. Isn’t this app specifically for women to engage first?( I think this is just a skill issue 0⭐️)


Bumble BFF-
I put a picture of a pot I made on bumble’s bff feature & the A.i. flagged it & took it down. So I checked the guidelines & pottery doesn’t break guidelines. I appealed it through the support center & I still never received an email. After 3 weeks I’m done. ( it’s a hobby let me share -1⭐️) 
😡Bumbles generates generic responses to negative reviews & asks those who have clearly had issues with bumbles support to write to the “customer support”. Fix your support! I used the “help” feature twice & never received a response! ( waited 3 weeks & 3 months for support -1⭐️)


Bumble has time & again irked me. I was thoroughly disappointed. I docked 1 ⭐️ for each issue. Some were so aggravating I really wanted to dock multiple ⭐️ but objectively I can only subtract 4 ⭐️ & -1 was sufficient. 
Personal -
I have dyslexia and dysgraphia so this took more than an hour to type on my phone. I hate writing.


TLDR: -4 out of 5 ⭐️. 
My experience with Bumble has only given reasons why I shouldn’t use their services.","Male. Free user here of 3 months so base my review on that. Bumble offers free access to match with its other users and potentially foster a connection. ( nice baseline 5⭐️)


Bumble dating-
😮‍💨Bumble gives a yes/no prompt for users to review it. The 1st time I said no & it didn’t ask for suggestions or a review. (sure some negative reviews are probably bots or trolls but for actual criticism there is no function to offer suggestions. -1⭐️). 
😑 2nd time I said yes and bumble asked for my review ( fishing much? -1⭐️). 
😕Free users get 3 non renewable messages total and I think only paying users can read it? Admittedly unsure if paying improves this feature. ( no clear indication of the message features abilities. -1⭐️) 
☹️I’ve received 4 “messages” total that I expire in 24 hours. I can’t read them or reply without paying or swiping right on the correct hidden profile( time pressured emotional predation -1⭐️). 
😖I spent my 3 free messages in the 1st day expecting maybe like Hinge I’d get them back the next day but they’re gone for good! (Why not tell me their full capability -1⭐️). 
😫I could pay 50 dollars to buy more messages and features for a limited time. Or I can get discounts for “locking in” if I want those features for longer. Those bonus features won’t work if used on free users.( misleading-1⭐️)
😠 why no option to tell who are VIP paying users so you can better use your app? (be more transparent for free users  -1⭐️) 
🤦‍♀️Some Female users actually ask for Men to message first. Isn’t this app specifically for women to engage first?( I think this is just a skill issue 0⭐️)


Bumble BFF-
I put a picture of a pot I made on bumble’s bff feature & the A.i. flagged it & took it down. So I checked the guidelines & pottery doesn’t break guidelines. I appealed it through the support center & I still never received an email. After 3 weeks I’m done. ( it’s a hobby let me share -1⭐️) 
😡Bumbles generates generic responses to negative reviews & asks those who have clearly had issues with bumbles support to write to the “customer support”. Fix your support! I used the “help” feature twice & never received a response! ( waited 3 weeks & 3 months for support -1⭐️)


Bumble has time & again irked me. I was thoroughly disappointed. I docked 1 ⭐️ for each issue. Some were so aggravating I really wanted to dock multiple ⭐️ but objectively I can only subtract 4 ⭐️ & -1 was sufficient. 
Personal -
I have dyslexia and dysgraphia so this took more than an hour to type on my phone. I hate writing.


TLDR: -4 out of 5 ⭐️. 
My experience with Bumble has only given reasons why I shouldn’t use their services.",,,,,1,,0.9904,0.152,0.094,0.754,positive
app_store,2026-04-12,,All dating apps owned by match group are literally losing stock because of how atrocious they are,All dating apps owned by match group are literally losing stock because of how atrocious they are,,,,,1,,-0.3818,0,0.14,0.86,negative
app_store,2026-04-12,,Why is it subscription based ? I seriously can not see anyone who likes me without subscribing to a plan…,Why is it subscription based ? I seriously can not see anyone who likes me without subscribing to a plan…,,,,,1,,0.2732,0.124,0.076,0.8,positive
app_store,2026-04-12,,"If someone doesn’t respond to a chat within 24 hrs they disappear, never to be found again.  Can’t search for them.👎 app tells you to come back tomorrow to discover new people… but when you do, there are no people. Waste of time and $","If someone doesn’t respond to a chat within 24 hrs they disappear, never to be found again.  Can’t search for them.👎 app tells you to come back tomorrow to discover new people… but when you do, there are no people. Waste of time and $",,,,,1,,-0.0649,0.058,0.083,0.859,negative
app_store,2026-04-12,,This is leads to overcharging customers who are not using Bumble's premium service. Please update your settings in the App Store so that a Premium subscription will show up in the Subscriptions link in the user's account dashboard in the App Store.,This is leads to overcharging customers who are not using Bumble's premium service. Please update your settings in the App Store so that a Premium subscription will show up in the Subscriptions link in the user's account dashboard in the App Store.,,,,,2,,0.3182,0.053,0,0.947,positive
app_store,2026-04-12,,"I signed back up for bumble after being off it for 2 years— wow, it sucks now. It’s WAY too expensive. Plus there’s way too many questions and prompts they want you to fill out  for your profile. Bumble used to be simple. It’s too pricey and too much now. Byeeeee!","I signed back up for bumble after being off it for 2 years— wow, it sucks now. It’s WAY too expensive. Plus there’s way too many questions and prompts they want you to fill out  for your profile. Bumble used to be simple. It’s too pricey and too much now. Byeeeee!",,,,,1,,0.4389,0.096,0.045,0.859,positive
app_store,2026-04-11,,This app is less than useless. You will never find anyone on here,This app is less than useless. You will never find anyone on here,,,,,1,,-0.3657,0,0.174,0.826,negative
app_store,2026-04-11,,Barely any matches that all went nowhere,Barely any matches that all went nowhere,,,,,2,,0,0,0,1,neutral
app_store,2026-04-11,,"May have worked in the past but now the app is bombarded with fake profiles scammers, 9/10 matches are in ""travel mode"" and located out of the country. Even paid for premium and was useless and did not deliver on the promise the paid version claim. To top it off, as soon as my subconscious ended, ppl that""liked me"" jumped from 0 to 17 but of course I couldn't see them cause my premium subscription ended. Just another cash grab","May have worked in the past but now the app is bombarded with fake profiles scammers, 9/10 matches are in ""travel mode"" and located out of the country. Even paid for premium and was useless and did not deliver on the promise the paid version claim. To top it off, as soon as my subconscious ended, ppl that""liked me"" jumped from 0 to 17 but of course I couldn't see them cause my premium subscription ended. Just another cash grab",,,,,1,,-0.5719,0.058,0.088,0.854,negative
app_store,2026-04-10,,"Weird how i tried the premium for a week. And during the premium i had a ton of women in my area as potential matches. But the moment my premium ran up, theres ""no one in my range"". This app is a joke and behind major pay walls. Not worth your time","Weird how i tried the premium for a week. And during the premium i had a ton of women in my area as potential matches. But the moment my premium ran up, theres ""no one in my range"". This app is a joke and behind major pay walls. Not worth your time",,,,,1,,-0.1502,0.05,0.096,0.854,negative
app_store,2026-04-10,,"Make sure to get your sub cancelled, was charged weekly even though I never agreed to recurring charges!","Make sure to get your sub cancelled, was charged weekly even though I never agreed to recurring charges!",,,,,1,,-0.5727,0.099,0.344,0.558,negative
app_store,2026-04-10,,They removed the ability to make purchases from within the app. So now it takes you to a browser. So stupid.,They removed the ability to make purchases from within the app. So now it takes you to a browser. So stupid.,,,,,1,,-0.4707,0.09,0.17,0.74,negative
app_store,2026-04-09,,"From the way they screen and verify you in order to get in this app I would have never imagined that there would be so many scammers and AI-generated profiles. The last drop was when I received the same identical long prompted introduction message from two different people I matched with. I honestly felt very unsafe, no matter if I reported the profiles and still kept screenshots of those messages as proofs just in case.","From the way they screen and verify you in order to get in this app I would have never imagined that there would be so many scammers and AI-generated profiles. The last drop was when I received the same identical long prompted introduction message from two different people I matched with. I honestly felt very unsafe, no matter if I reported the profiles and still kept screenshots of those messages as proofs just in case.",,,,,1,,0.2121,0.054,0.044,0.902,positive
app_store,2026-04-09,,Nice app!!,Nice app!!,,,,,5,,0.5242,0.772,0,0.228,positive
app_store,2026-04-09,,"Pretty much every single woman on bumble uses it to get money from men, or free experiences. And bumble does absolutely nothing to kick out these bad actors, instead it promotes them. Major part of why dating nowadays is so disgusting is exactly the behavior of dating apps companies like bumble allowing people to exploit others every day and never get any consequence.","Pretty much every single woman on bumble uses it to get money from men, or free experiences. And bumble does absolutely nothing to kick out these bad actors, instead it promotes them. Major part of why dating nowadays is so disgusting is exactly the behavior of dating apps companies like bumble allowing people to exploit others every day and never get any consequence.",,,,,1,,0.2809,0.149,0.121,0.73,positive
app_store,2026-04-09,,I downloaded through Apple app and checked my subscriptions to make sure it wasn’t on there. It wasn’t so I thought subscription was done but they still charged me when I got horrible matches. I got ahold of support and they wouldn’t refund me even though I wanted to cancel first day of subscription once I noticed they had charges me again. They are running a scam and all the other dating apps are far better. Don’t waste your money,I downloaded through Apple app and checked my subscriptions to make sure it wasn’t on there. It wasn’t so I thought subscription was done but they still charged me when I got horrible matches. I got ahold of support and they wouldn’t refund me even though I wanted to cancel first day of subscription once I noticed they had charges me again. They are running a scam and all the other dating apps are far better. Don’t waste your money,,,,,1,,-0.9153,0.09,0.207,0.704,negative
app_store,2026-04-09,,Spent $26 and it does not even work and I can’t get a refund for it either. What a wonderful app you guys have made the unbelievable amount of money gouging.,Spent $26 and it does not even work and I can’t get a refund for it either. What a wonderful app you guys have made the unbelievable amount of money gouging.,,,,,1,,0.6705,0.159,0,0.841,positive
app_store,2026-04-09,,"Honestly when I downloaded the app I was excited but as I got to using it more it got worse. I deleted the app, and mostly likely will not be reinstalling. I hate how they want to steal your money trying to “find love” you cant even see who finds you  or whose liked your pictures. You have to pay to see that. Inconsiderate. If I could do ZERO stars that would be great but unfortunately I can not. Paying to find love is insane honestly.","Honestly when I downloaded the app I was excited but as I got to using it more it got worse. I deleted the app, and mostly likely will not be reinstalling. I hate how they want to steal your money trying to “find love” you cant even see who finds you  or whose liked your pictures. You have to pay to see that. Inconsiderate. If I could do ZERO stars that would be great but unfortunately I can not. Paying to find love is insane honestly.",,,,,1,,-0.401,0.199,0.213,0.589,negative
app_store,2026-04-09,,"You match with some people and they just hide them, defeating the entire purpose of the app. They offer you 50% off premium and it’s $25? Useless, worthless app.","You match with some people and they just hide them, defeating the entire purpose of the app. They offer you 50% off premium and it’s $25? Useless, worthless app.",,,,,1,,-0.8402,0,0.286,0.714,negative
app_store,2026-04-08,,Awful app they ban you for no reason,Awful app they ban you for no reason,,,,,1,,-0.8316,0,0.638,0.362,negative
app_store,2026-04-08,,There’s less people on here than there was two years ago and it’s gotten more expensive. It’s an app designed to help you meet people. You need up the amount of people on here,There’s less people on here than there was two years ago and it’s gotten more expensive. It’s an app designed to help you meet people. You need up the amount of people on here,,,,,1,,0.4019,0.076,0,0.924,positive
app_store,2026-04-08,,"Other users will mass report your account for “impersonation” for being transgender on this app. Support is less than useless at rectifying this, and when reached out will double down and state that your ban is justified, even when the Devs here specifically request that you do reach out to them. My profile on Bumble and Hinge were identical, yet Bumble permanently banned my account, while I met my partner on Hinge. There are much more accepting apps out there, and Bumble is not one of them. They won’t even tell you why you’re banned, you just have to guess based on what’s happened to other people.","Other users will mass report your account for “impersonation” for being transgender on this app. Support is less than useless at rectifying this, and when reached out will double down and state that your ban is justified, even when the Devs here specifically request that you do reach out to them. My profile on Bumble and Hinge were identical, yet Bumble permanently banned my account, while I met my partner on Hinge. There are much more accepting apps out there, and Bumble is not one of them. They won’t even tell you why you’re banned, you just have to guess based on what’s happened to other people.",,,,,1,,-0.5153,0.089,0.1,0.81,negative
app_store,2026-04-07,,"I haven’t used my account for a year, swiped a little bit for a couple hours. Wanted a fresh account so just going to delete it and create a new one. I’m not sure if because I was trying to get my text code in an area with bad service but not able to create now. 


Tried emailing support but they don’t respond to anything I’m actually saying, just send cookie cutter emails over and over until they say they will not respond anymore.","I haven’t used my account for a year, swiped a little bit for a couple hours. Wanted a fresh account so just going to delete it and create a new one. I’m not sure if because I was trying to get my text code in an area with bad service but not able to create now. 


Tried emailing support but they don’t respond to anything I’m actually saying, just send cookie cutter emails over and over until they say they will not respond anymore.",,,,,1,,0.2018,0.074,0.066,0.86,positive
app_store,2026-04-07,,"I enjoy the app, and the way of dialoguing. However haven’t met anyone from the app and not a huge fan of the 24 hour expiration.","I enjoy the app, and the way of dialoguing. However haven’t met anyone from the app and not a huge fan of the 24 hour expiration.",,,,,5,,0.0711,0.106,0.13,0.764,positive
app_store,2026-04-07,,"Tried the top tier paid version and everything’s about siphoning money out of users. I didn’t get many worthwhile likes in my area, about an average of 2-3 per day. The day my monthlong subscription ran out, all of a sudden there’s 17 people liking me! Pay more to see who it is. That’s blatant and underscores the app isn’t really about connecting people, it’s about taking your money.","Tried the top tier paid version and everything’s about siphoning money out of users. I didn’t get many worthwhile likes in my area, about an average of 2-3 per day. The day my monthlong subscription ran out, all of a sudden there’s 17 people liking me! Pay more to see who it is. That’s blatant and underscores the app isn’t really about connecting people, it’s about taking your money.",,,,,1,,0.8221,0.133,0.019,0.849,positive
app_store,2026-04-07,,"I’ve tried to give Bumble a fair shot, but the experience has been incredibly frustrating. As a guy, I normally get maybe one match a week, which is already pretty slow, but what makes it worse is seeing 10+ “potential matches” supposedly waiting behind the paywall for over a month straight. It starts to feel less like a dating app and more like a tactic to push subscriptions.


For anyone who’s actually serious about meeting someone, this setup is discouraging. Instead of creating real opportunities to connect, it feels like the app is more focused on keeping you stuck in a loop. After weeks of the same experience, it’s hard to stay motivated to even open it.","I’ve tried to give Bumble a fair shot, but the experience has been incredibly frustrating. As a guy, I normally get maybe one match a week, which is already pretty slow, but what makes it worse is seeing 10+ “potential matches” supposedly waiting behind the paywall for over a month straight. It starts to feel less like a dating app and more like a tactic to push subscriptions.


For anyone who’s actually serious about meeting someone, this setup is discouraging. Instead of creating real opportunities to connect, it feels like the app is more focused on keeping you stuck in a loop. After weeks of the same experience, it’s hard to stay motivated to even open it.",,,,,1,,0.9354,0.213,0.118,0.669,positive
app_store,2026-04-06,,I think I’d rather just be alone than treated like I’m completely and entirely expendable by the same people I’m trying to get to know,I think I’d rather just be alone than treated like I’m completely and entirely expendable by the same people I’m trying to get to know,,,,,1,,0.128,0.091,0.073,0.836,positive
app_store,2026-04-06,,"Been on bumble a few times, never got any hits “attraction wise”. I said I would purchase a week ($24 plus tax) to see if there’s an algorithmic deterrence. But NO! This app just sucks doesn’t give you more attractive matches based on your likes. It’s almost as if the profiles got worse after purchasing. Sad to say, I’ll definitely be going back to hinge.","Been on bumble a few times, never got any hits “attraction wise”. I said I would purchase a week ($24 plus tax) to see if there’s an algorithmic deterrence. But NO! This app just sucks doesn’t give you more attractive matches based on your likes. It’s almost as if the profiles got worse after purchasing. Sad to say, I’ll definitely be going back to hinge.",,,,,2,,-0.0779,0.14,0.144,0.716,negative
app_store,2026-04-05,,"The people on here if you catch them early like when they first joined, the app are pretty responsive, but after that and not so much.","The people on here if you catch them early like when they first joined, the app are pretty responsive, but after that and not so much.",,,,,3,,0.5574,0.196,0,0.804,positive
app_store,2026-04-05,,This app has a lot I can say about but I’d rather not. It’s a horrible app. Bad for mental health like most apps like this but this one is one of the worst dating apps I’ve ever used,This app has a lot I can say about but I’d rather not. It’s a horrible app. Bad for mental health like most apps like this but this one is one of the worst dating apps I’ve ever used,,,,,1,,-0.1797,0.194,0.189,0.617,negative
app_store,2026-04-05,,Terrible app,Terrible app,,,,,1,,-0.4767,0,0.756,0.244,negative
app_store,2026-04-05,,Str8 to it,Str8 to it,,,,,5,,0,0,0,1,neutral
app_store,2026-04-05,,Honestly the platform is scamming. While paying for premium likes are not received. As soon as I cancel the premium then I begin to receive them but can’t see them. It’s a bait and switch.,Honestly the platform is scamming. While paying for premium likes are not received. As soon as I cancel the premium then I begin to receive them but can’t see them. It’s a bait and switch.,,,,,1,,0.34,0.104,0.04,0.856,positive
app_store,2026-04-05,,"If you wanna match with people then never talk, this is for you","If you wanna match with people then never talk, this is for you",,,,,1,,0,0,0,1,neutral
app_store,2026-04-05,,"The verification process is so bad. Had to sort 5 puzzles, rlly? Like the old and gold sms and/or email is not enough? Wasting days of human life (overall) for this nonsense quests that are easy to pass with openclaw, if needed! 🤦‍♂️","The verification process is so bad. Had to sort 5 puzzles, rlly? Like the old and gold sms and/or email is not enough? Wasting days of human life (overall) for this nonsense quests that are easy to pass with openclaw, if needed! 🤦‍♂️",,,,,1,,-0.3839,0.146,0.134,0.72,negative
app_store,2026-04-05,,Sets up just fine but you have to pay for absolutely everything it’s annoying.  Want to see who likes you? You have to pay.  Want to message someone? Have to pay. No one should pay $20 to look at some messages.  Hinge is a much better option 🤝🏼,Sets up just fine but you have to pay for absolutely everything it’s annoying.  Want to see who likes you? You have to pay.  Want to message someone? Have to pay. No one should pay $20 to look at some messages.  Hinge is a much better option 🤝🏼,,,,,2,,-0.1669,0.181,0.207,0.612,negative
app_store,2026-04-05,,you need to pay just for look who liked you?? this is funny actually 😂,you need to pay just for look who liked you?? this is funny actually 😂,,,,,1,,0.8205,0.363,0.122,0.515,positive
app_store,2026-04-04,,This app is basically a scam now. They don’t show you anybody who actually likes you and limit you to 10 likes a day so the first time you open the use it cause it’s just figuring out what you like. Then it wants to try and convince you to pay $20 for the privilege of being able to connect with people that actually likes you instead of wasting your limited likes on people who don’t like you. Hard pass.,This app is basically a scam now. They don’t show you anybody who actually likes you and limit you to 10 likes a day so the first time you open the use it cause it’s just figuring out what you like. Then it wants to try and convince you to pay $20 for the privilege of being able to connect with people that actually likes you instead of wasting your limited likes on people who don’t like you. Hard pass.,,,,,1,,0.8625,0.21,0.112,0.678,positive
app_store,2026-04-04,,"They have photo verification which is good for making sure the person you’re talking to is real or not. I been on hinge, facebook dating site, Christian mingle and I’m telling you it’s worth it if your trying to find someone.","They have photo verification which is good for making sure the person you’re talking to is real or not. I been on hinge, facebook dating site, Christian mingle and I’m telling you it’s worth it if your trying to find someone.",,,,,5,,0.7269,0.157,0,0.843,positive
app_store,2026-04-04,,"$10 TO LEAVE A COMMENT ON SOMEONES PROFILE! This makes absolutely no sense when I can just open Hinge which has a better user interface, better matching system, and notes are FREE!","$10 TO LEAVE A COMMENT ON SOMEONES PROFILE! This makes absolutely no sense when I can just open Hinge which has a better user interface, better matching system, and notes are FREE!",,,,,1,,0.79,0.249,0.106,0.645,positive
app_store,2026-04-04,,"Other than temu ads, I've never seen so many AI-generated images in one place.","Other than temu ads, I've never seen so many AI-generated images in one place.",,,,,2,,0,0,0,1,neutral
app_store,2026-04-04,,"The most useless app for lesbians, now yall are going to cater to the incel crowd? It’s bad enough yall allow cis males to call themselves lesbians without an opinion to report. Bumble is so useless","The most useless app for lesbians, now yall are going to cater to the incel crowd? It’s bad enough yall allow cis males to call themselves lesbians without an opinion to report. Bumble is so useless",,,,,1,,-0.8522,0.043,0.231,0.725,negative
app_store,2026-04-03,,They said I was trying to scam people for money when I was the one being scammed!,They said I was trying to scam people for money when I was the one being scammed!,,,,,1,,-0.6114,0,0.2,0.8,negative
app_store,2026-04-03,,Did not want to renew premium subscription and wanted to cancel the same day and get a refund. Would not do so,Did not want to renew premium subscription and wanted to cancel the same day and get a refund. Would not do so,,,,,1,,-0.3009,0,0.139,0.861,negative
app_store,2026-04-03,,"Imagine pretending to be an app that cares about people finding their ""match"" yet having to pay extra just to see who likes you.","Imagine pretending to be an app that cares about people finding their ""match"" yet having to pay extra just to see who likes you.",,,,,1,,0.7003,0.252,0.049,0.699,positive
app_store,2026-04-03,,"They changed how you buy subscriptions. Even though I’m on the app it made me go to the website to subscribe, but now I can’t cancel my subscription because it won’t let me log into the website version! Typical scammy behavior","They changed how you buy subscriptions. Even though I’m on the app it made me go to the website to subscribe, but now I can’t cancel my subscription because it won’t let me log into the website version! Typical scammy behavior",,,,,1,,-0.4199,0,0.065,0.935,negative
app_store,2026-04-03,,Can’t get past verify screen or skip. Waste of time,Can’t get past verify screen or skip. Waste of time,,,,,1,,-0.4215,0,0.237,0.763,negative
app_store,2026-04-03,,"$70.00 a month to be seen is what is wrong with dating apps.


Men let’s get back to shooting our shot with people in person.","$70.00 a month to be seen is what is wrong with dating apps.


Men let’s get back to shooting our shot with people in person.",,,,,1,,-0.4767,0,0.114,0.886,negative
app_store,2026-04-03,,as a wlw i tried to meet some cool gals but it was just dudes trying to “unlesbian” me,as a wlw i tried to meet some cool gals but it was just dudes trying to “unlesbian” me,,,,,1,,0.1655,0.084,0,0.916,positive
app_store,2026-04-03,,Terrible onboarding,Terrible onboarding,,,,,1,,-0.4767,0,0.756,0.244,negative
app_store,2026-04-03,,What a rubbish captcha system I don’t know. Very bad experience,What a rubbish captcha system I don’t know. Very bad experience,,,,,1,,-0.5849,0,0.275,0.725,negative
app_store,2026-04-03,,Bumble makes it extra easy to dislike someone in hopes you’ll pay for redo’s. I won’t,Bumble makes it extra easy to dislike someone in hopes you’ll pay for redo’s. I won’t,,,,,1,,0.4019,0.263,0.184,0.553,positive
app_store,2026-04-02,,Text messages and phone calls for verifications don’t work.,Text messages and phone calls for verifications don’t work.,,,,,2,,0,0,0,1,neutral
app_store,2026-04-02,,They send you a code and then claim it’s not a valid code….,They send you a code and then claim it’s not a valid code….,,,,,1,,0,0,0,1,neutral
app_store,2026-04-02,,There are dangerous guys on here! Beware ladies. I had a horrible experience with a two guys. One was extremely manipulative and the other became physically abusive. He ended up in jail. Please don’t use this app.,There are dangerous guys on here! Beware ladies. I had a horrible experience with a two guys. One was extremely manipulative and the other became physically abusive. He ended up in jail. Please don’t use this app.,,,,,1,,-0.8687,0.05,0.239,0.711,negative
app_store,2026-04-02,,"I am over 18 years old and the app had randomly decided to ban me for being underage when I am not. I can’t recall any moment where I have not put in my correct information or said anything untrue. When I contact customer service to fix this issue, my email can not even go through because I am even blocked by customer service which is absolutely ridiculous.","I am over 18 years old and the app had randomly decided to ban me for being underage when I am not. I can’t recall any moment where I have not put in my correct information or said anything untrue. When I contact customer service to fix this issue, my email can not even go through because I am even blocked by customer service which is absolutely ridiculous.",,,,,1,,-0.8173,0,0.116,0.884,negative
app_store,2026-04-02,,"We need a better user interface. Aside from this, I think it’s high time we get a dark mode for bumble. It’s crazy chatting at night with the bright lights","We need a better user interface. Aside from this, I think it’s high time we get a dark mode for bumble. It’s crazy chatting at night with the bright lights",,,,,5,,0.5267,0.165,0.068,0.767,positive
app_store,2026-04-01,,I’ve tried creating an account on this app but I can’t. I’ve been trying for weeks now and there’s no code sent to my phone for number verification. I tried deleting and reinstalling the app but still the same. Kindly help out. Thanks,I’ve tried creating an account on this app but I can’t. I’ve been trying for weeks now and there’s no code sent to my phone for number verification. I tried deleting and reinstalling the app but still the same. Kindly help out. Thanks,,,,,1,,0.899,0.27,0.051,0.678,positive
app_store,2026-04-01,,"The swipe system is beyond sensitive; you will find yourself accidentally swiping left and right, when you’re trying to scroll up and down. Then you either need to be a jerk & unmatch, or pay to undo the mistake.


If you have to use one of these apps, use Facebook dating. But if you’re trans, good luck with either. At least FB lets you advertise yourself specifically to men who like trans girls, chuds dont wanna see me, & I definitely don’t want to see them. The team at Bumble really doesn’t care tho.","The swipe system is beyond sensitive; you will find yourself accidentally swiping left and right, when you’re trying to scroll up and down. Then you either need to be a jerk & unmatch, or pay to undo the mistake.


If you have to use one of these apps, use Facebook dating. But if you’re trans, good luck with either. At least FB lets you advertise yourself specifically to men who like trans girls, chuds dont wanna see me, & I definitely don’t want to see them. The team at Bumble really doesn’t care tho.",,,,,1,,0.9553,0.187,0.057,0.756,positive
app_store,2026-04-01,,"When they block your account, they don’t have to give you a reason. They just sent me an email saying that my account has been blocked and we can’t tell you why, but it violated our policies. I’ve reached out to them and ask them why my account has been blocked. But they just said it violated a policy. Kind of sucks, but I’ve had this app for like a decade with no issues. Until I had a bad breakup and I’m pretty sure she found me and reported me and now my account is blocked and they won’t give me a reason. So when downloading this app, keep in mind this company will end your account whenever they feel like it and they won’t give you a reason because they don’t have to. I encourage you not to spend money or buy a subscription or anything because they will NOT refund you.","When they block your account, they don’t have to give you a reason. They just sent me an email saying that my account has been blocked and we can’t tell you why, but it violated our policies. I’ve reached out to them and ask them why my account has been blocked. But they just said it violated a policy. Kind of sucks, but I’ve had this app for like a decade with no issues. Until I had a bad breakup and I’m pretty sure she found me and reported me and now my account is blocked and they won’t give me a reason. So when downloading this app, keep in mind this company will end your account whenever they feel like it and they won’t give you a reason because they don’t have to. I encourage you not to spend money or buy a subscription or anything because they will NOT refund you.",,,,,1,,-0.8569,0.106,0.156,0.738,negative
app_store,2026-04-01,,"Banned Due to False Reports


My account was blocked even though I did not violate any guidelines. It appears my account may have been reported by someone else, and Bumble took action without properly verifying the situation.


I contacted support multiple times, but only received generic responses with no real investigation or explanation. They then closed communication and called the decision “final.”


This lack of fairness, transparency, and proper review is extremely concerning. I would not recommend this app.","Banned Due to False Reports


My account was blocked even though I did not violate any guidelines. It appears my account may have been reported by someone else, and Bumble took action without properly verifying the situation.


I contacted support multiple times, but only received generic responses with no real investigation or explanation. They then closed communication and called the decision “final.”


This lack of fairness, transparency, and proper review is extremely concerning. I would not recommend this app.",,,,,1,,-0.8311,0.042,0.141,0.817,negative
app_store,2026-04-01,,This is not a good dating app. Not many women in the area and the filters don’t work well at all for distance.,This is not a good dating app. Not many women in the area and the filters don’t work well at all for distance.,,,,,1,,-0.0788,0.082,0.094,0.823,negative
app_store,2026-03-31,,I’m on the platinum and so called the best experience this app can provide - terrible experience!,I’m on the platinum and so called the best experience this app can provide - terrible experience!,,,,,1,,0.3931,0.208,0.136,0.656,positive
app_store,2026-03-31,,You can't even see who liked you without paying an abhorrent amount of money. Deleted almost immediately.,You can't even see who liked you without paying an abhorrent amount of money. Deleted almost immediately.,,,,,1,,0.7264,0.289,0,0.711,positive
app_store,2026-03-31,,"There are way too many men on here who are already married or not upfront about their intentions. The level of disrespect is honestly disappointing. If you’re looking for something real, be prepared to filter through a lot of dishonesty. they’re very disrespectful to women. This was a bad app to make women approaching common sense, who would’ve known that they were taken advantage of the situation. Whoever made this app needs to go back to the drawing board and rethink what they were cause they definitely are putting a lot of women in danger. I’m a smart one. I got out, but I don’t know about the ones that are not smart and are gonna be a bunch of lion men who will not treat them like queen this app was supposedly made for women to be safe and all that I don’t believe it","There are way too many men on here who are already married or not upfront about their intentions. The level of disrespect is honestly disappointing. If you’re looking for something real, be prepared to filter through a lot of dishonesty. they’re very disrespectful to women. This was a bad app to make women approaching common sense, who would’ve known that they were taken advantage of the situation. Whoever made this app needs to go back to the drawing board and rethink what they were cause they definitely are putting a lot of women in danger. I’m a smart one. I got out, but I don’t know about the ones that are not smart and are gonna be a bunch of lion men who will not treat them like queen this app was supposedly made for women to be safe and all that I don’t believe it",,,,,1,,-0.6585,0.077,0.104,0.819,negative
app_store,2026-03-31,,"App is a good job of protecting privacy and information, and the matching features and chat features are the most straightforward I’ve seen. However, app does a very poor job of matching you with people that actually share similar interests and preferences.","App is a good job of protecting privacy and information, and the matching features and chat features are the most straightforward I’ve seen. However, app does a very poor job of matching you with people that actually share similar interests and preferences.",,,,,2,,0.4033,0.146,0.07,0.784,positive
app_store,2026-03-30,,"Trash all of these apps. If you are an average straight dude, work out regularly, decent clothes, barbershop, $120k+ with amateur to decent professional pics, still the *ONLY* matches I’ve gotten in years are 1) Bots, 2) OF girls, 3)TRANS , 4) Catfish…from other countries.  Omg this is sick and demoralizing and unhealthy. I guess I know what so many young men off themselves. Good luck","Trash all of these apps. If you are an average straight dude, work out regularly, decent clothes, barbershop, $120k+ with amateur to decent professional pics, still the *ONLY* matches I’ve gotten in years are 1) Bots, 2) OF girls, 3)TRANS , 4) Catfish…from other countries.  Omg this is sick and demoralizing and unhealthy. I guess I know what so many young men off themselves. Good luck",,,,,1,,0.0258,0.103,0.089,0.808,neutral
app_store,2026-03-30,,"I have used this app for several years. I fill out the prompts and make sure to answers all questions. I want my profile to be a 10/10 with photos and with all information necessary for someone to match with me. A few days after joining again, my account was blocked for being inauthentic. I am a human and not a bot. My photos are real. My prompts were written by me. Is it possible to have a profile that is so good people report it for being inauthentic? If so, it happened to me. I reached out to Bumble but got no response. Terrible experience!","I have used this app for several years. I fill out the prompts and make sure to answers all questions. I want my profile to be a 10/10 with photos and with all information necessary for someone to match with me. A few days after joining again, my account was blocked for being inauthentic. I am a human and not a bot. My photos are real. My prompts were written by me. Is it possible to have a profile that is so good people report it for being inauthentic? If so, it happened to me. I reached out to Bumble but got no response. Terrible experience!",,,,,1,,0.5638,0.088,0.038,0.873,positive
app_store,2026-03-30,,Used to be the best app. Now it’s all about money if you don’t pay you will never even get a chance to like anyone who likes you because it will keep them from coming across your feed so better get your like out there first. Iv come back after years and Iv been active a week. I have 50ish likes and can’t see one they have been there and Iv only missed an opportunity twice so it’s not me just swiping left on everyone,Used to be the best app. Now it’s all about money if you don’t pay you will never even get a chance to like anyone who likes you because it will keep them from coming across your feed so better get your like out there first. Iv come back after years and Iv been active a week. I have 50ish likes and can’t see one they have been there and Iv only missed an opportunity twice so it’s not me just swiping left on everyone,,,,,1,,0.97,0.251,0.035,0.714,positive
app_store,2026-03-30,,Absolutely a scam.  More AI bots than Tinder.   I posted a shirtless pic and it was removed by their people   Reviewing profiles but many other profiles of fatass men without shirts are allowed. Very woke!,Absolutely a scam.  More AI bots than Tinder.   I posted a shirtless pic and it was removed by their people   Reviewing profiles but many other profiles of fatass men without shirts are allowed. Very woke!,,,,,1,,-0.4178,0,0.076,0.924,negative
app_store,2026-03-30,,I believe the app is ok but it’s set up so you have to purchase everything in order to see a like or even get likes. Way over priced for no reason. There are apps out there that have better results! Tighten up Bumble. Cool concept though.,I believe the app is ok but it’s set up so you have to purchase everything in order to see a like or even get likes. Way over priced for no reason. There are apps out there that have better results! Tighten up Bumble. Cool concept though.,,,,,3,,0.916,0.263,0.047,0.69,positive
app_store,2026-03-30,,"I have an older IPhone (with NOTHING WRONG WITH IT MIND YOU), however because I have this older iPhone, I cannot use your app after your update because my phone will not support IOS.17 ? 


It just seems strange that you would purposefully limit your app’s availability to possible users. Especially one that’s trying to compete with apps like Tinder (which still works perfectly)","I have an older IPhone (with NOTHING WRONG WITH IT MIND YOU), however because I have this older iPhone, I cannot use your app after your update because my phone will not support IOS.17 ? 


It just seems strange that you would purposefully limit your app’s availability to possible users. Especially one that’s trying to compete with apps like Tinder (which still works perfectly)",,,,,1,,0.7743,0.134,0.056,0.81,positive
app_store,2026-03-30,,"Bumble is literally why we have the loneliness epidemic. They are purposely withholding potential matches behind an astronomical $30 paywall. I’m told I have people who like me but then told that there’s no one left to swipe on, meaning they are holding the people who like me from showing up in my queue unless I pay.","Bumble is literally why we have the loneliness epidemic. They are purposely withholding potential matches behind an astronomical $30 paywall. I’m told I have people who like me but then told that there’s no one left to swipe on, meaning they are holding the people who like me from showing up in my queue unless I pay.",,,,,1,,-0.0772,0.079,0.1,0.821,negative
app_store,2026-03-30,,"Online dating apps have scammers.Not sure how strong is the cyber security implemented in these apps.Seems loose.Lot of AI generated profiles & pics. many profiles which I see are scam driven. Meeting someone of my choice has never worked for me in these dating apps.
Moreover,I receive a bunch of likes after I am out of the purchase period.Are these from paid scammers from these companies ? As a common man,these dating app companies needs to be audited.


Adding to it,these dating apps probably do not want the users to match ,so that there is continuous revenue generation for them.
I have not had any good experience with these dating apps.Wish others a best of luck on these apps.




Bumble should be investigated because I see likes as soon as my subscription expires. But not a single like when my subscription is on. Are these paid scammers which Bumble engages to do such work ? Or is there a rule in the app which has action of ""likes"" as soon as subscription expires.




Bumble - are you listening ? I have never got a sound reasoning as why these things happen.","Online dating apps have scammers.Not sure how strong is the cyber security implemented in these apps.Seems loose.Lot of AI generated profiles & pics. many profiles which I see are scam driven. Meeting someone of my choice has never worked for me in these dating apps.
Moreover,I receive a bunch of likes after I am out of the purchase period.Are these from paid scammers from these companies ? As a common man,these dating app companies needs to be audited.


Adding to it,these dating apps probably do not want the users to match ,so that there is continuous revenue generation for them.
I have not had any good experience with these dating apps.Wish others a best of luck on these apps.




Bumble should be investigated because I see likes as soon as my subscription expires. But not a single like when my subscription is on. Are these paid scammers which Bumble engages to do such work ? Or is there a rule in the app which has action of ""likes"" as soon as subscription expires.




Bumble - are you listening ? I have never got a sound reasoning as why these things happen.",,,,,1,,0.8693,0.096,0.038,0.866,positive
app_store,2026-03-29,,Два дня сидела заполняла анкету и смотрела другие анкеты. В итоге заблокировали за нарушение правил! Каких?? Я даже не общалась еще ни с кем. Я даже не буду пытаться разблокировать. Лучше скачаю что то другое,Два дня сидела заполняла анкету и смотрела другие анкеты. В итоге заблокировали за нарушение правил! Каких?? Я даже не общалась еще ни с кем. Я даже не буду пытаться разблокировать. Лучше скачаю что то другое,,,,,1,,0,0,0,1,neutral
app_store,2026-03-29,,I wish bumble did have like a free trial because paying $33 just for a week I feel like is kind of a ripoff. But I love the app like it’s one of the best apps that I’ve had for dating.,I wish bumble did have like a free trial because paying $33 just for a week I feel like is kind of a ripoff. But I love the app like it’s one of the best apps that I’ve had for dating.,,,,,5,,0.9696,0.397,0,0.603,positive
app_store,2026-03-29,,"Bumble is one of the worst dating apps I’ve used. To start, the app consistently matches me with people I have no interest in, and it’s extremely difficult to find anyone who actually aligns with my preferences. In an entire week, I’ve had maybe one match.
It feels like the app is designed to limit your experience unless you pay. I’m currently on a trial, and even then, the results are very poor so it’s hard to justify spending money on something that barely works. If anything, this approach pushes users away rather than encouraging them to upgrade.On top of that, the app has serious technical issues. It crashes frequently especially when trying to report someone or complete face verification. Freezing and repeated crashes make the experience even more frustrating.


Honestly, I’ve had better luck using Facebook Dating, and it’s completely free. I would not recommend Bumble.","Bumble is one of the worst dating apps I’ve used. To start, the app consistently matches me with people I have no interest in, and it’s extremely difficult to find anyone who actually aligns with my preferences. In an entire week, I’ve had maybe one match.
It feels like the app is designed to limit your experience unless you pay. I’m currently on a trial, and even then, the results are very poor so it’s hard to justify spending money on something that barely works. If anything, this approach pushes users away rather than encouraging them to upgrade.On top of that, the app has serious technical issues. It crashes frequently especially when trying to report someone or complete face verification. Freezing and repeated crashes make the experience even more frustrating.


Honestly, I’ve had better luck using Facebook Dating, and it’s completely free. I would not recommend Bumble.",,,,,1,,-0.0966,0.117,0.137,0.746,negative
app_store,2026-03-29,,Ive gotten 2 matches over 2 years on this app.,Ive gotten 2 matches over 2 years on this app.,,,,,1,,0,0,0,1,neutral
app_store,2026-03-29,,Insane pricing for a mid service app.,Insane pricing for a mid service app.,,,,,1,,-0.4019,0,0.31,0.69,negative
app_store,2026-03-29,,如果可以不給星我會一顆都不給 我的帳號好好的突然無故被封鎖 到底是發生什麼事情？申訴了也沒通過真的可以再爛一點沒關係 讓人體驗有夠差的,如果可以不給星我會一顆都不給 我的帳號好好的突然無故被封鎖 到底是發生什麼事情？申訴了也沒通過真的可以再爛一點沒關係 讓人體驗有夠差的,,,,,1,,0,0,0,1,neutral
app_store,2026-03-29,,"doesnt show anyone, tried to say no people within 50 miles when for me there are millions, thousands that use this app","doesnt show anyone, tried to say no people within 50 miles when for me there are millions, thousands that use this app",,,,,1,,-0.296,0,0.095,0.905,negative
app_store,2026-03-29,,"As in dating, be very careful and intentional in how you use this app. Especially so if you are a paid subscriber, as there are no remedies and zero customer support is available if you accidentally trigger a super swipe (in my case). Their chatbot does exactly what it is intended to do.  Nothing.","As in dating, be very careful and intentional in how you use this app. Especially so if you are a paid subscriber, as there are no remedies and zero customer support is available if you accidentally trigger a super swipe (in my case). Their chatbot does exactly what it is intended to do.  Nothing.",,,,,1,,0.5984,0.137,0.074,0.789,positive
app_store,2026-03-28,,Genuinely wasn’t sure what I was getting into on this app although matched with the woman I’ve known from a past life unreal I know as it might sound but I really won the lottery here no bs we started as strangers just like everyone else but once we learned about each other it felt too familiar we are so excited about our future together big thanks to the bumble team this is coming from the other side of people who deleted the app :) couldn’t be anymore satisfied,Genuinely wasn’t sure what I was getting into on this app although matched with the woman I’ve known from a past life unreal I know as it might sound but I really won the lottery here no bs we started as strangers just like everyone else but once we learned about each other it felt too familiar we are so excited about our future together big thanks to the bumble team this is coming from the other side of people who deleted the app :) couldn’t be anymore satisfied,,,,,5,,0.9759,0.238,0.025,0.737,positive
app_store,2026-03-28,,Customer Support didn’t understand the situation. Repeating a non-refundable clause is not a resolution—it’s a deflection that ignores the substance of the concern.,Customer Support didn’t understand the situation. Repeating a non-refundable clause is not a resolution—it’s a deflection that ignores the substance of the concern.,,,,,1,,0.1531,0.105,0.081,0.814,positive
app_store,2026-03-28,,Warning to anyone who thinks they might buy any of the premium features: they AUTOMATICALLY sign you up for recurrent billing. You cannot opt out before the transaction and only notify you in the receipt in small fine print. I purchased a week of premium thinking it was a one time purchase. This company will NOT give you a refund even if you try to cancel immediately. I will be disputing this with my bank and switching to their competitor.,Warning to anyone who thinks they might buy any of the premium features: they AUTOMATICALLY sign you up for recurrent billing. You cannot opt out before the transaction and only notify you in the receipt in small fine print. I purchased a week of premium thinking it was a one time purchase. This company will NOT give you a refund even if you try to cancel immediately. I will be disputing this with my bank and switching to their competitor.,,,,,1,,-0.6486,0.021,0.084,0.895,negative
app_store,2026-03-28,,Laaaaaaaaame,Laaaaaaaaame,,,,,1,,0,0,0,1,neutral
app_store,2026-03-28,,I can’t even join it even though I’m 18 it says I’m “underage” when I turned 18 this year 🫩,I can’t even join it even though I’m 18 it says I’m “underage” when I turned 18 this year 🫩,,,,,1,,0.296,0.104,0,0.896,positive
app_store,2026-03-28,,"They do everything they can do to prevent a match. So I don’t understand that if you match with someone, why is it that you can’t send a notification. Bumble does not send a notification because they want you to continuously come back to the app.SMH","They do everything they can do to prevent a match. So I don’t understand that if you match with someone, why is it that you can’t send a notification. Bumble does not send a notification because they want you to continuously come back to the app.SMH",,,,,4,,0.1027,0.052,0,0.948,positive
app_store,2026-03-28,,Don’t pay for anything because if you pay for more likes they show you way less women. It’s a scam. Mostly fake profiles.,Don’t pay for anything because if you pay for more likes they show you way less women. It’s a scam. Mostly fake profiles.,,,,,2,,-0.6712,0.101,0.313,0.586,negative
app_store,2026-03-28,,It seems like every time my subscription expires. I get a whole bunch of matches. But none when my subscription is active. It’s like they withhold matches until your subscription is over to lure you into signing up again.,It seems like every time my subscription expires. I get a whole bunch of matches. But none when my subscription is active. It’s like they withhold matches until your subscription is over to lure you into signing up again.,,,,,1,,0.8201,0.192,0,0.808,positive
app_store,2026-03-28,,I got one week of bumble premium. Not only was it a giant waste of money. But they charged me AGAIN the following week when I hadn’t even opened the app. $35!!! They are refusing to refund me. Greedy greedy company.,I got one week of bumble premium. Not only was it a giant waste of money. But they charged me AGAIN the following week when I hadn’t even opened the app. $35!!! They are refusing to refund me. Greedy greedy company.,,,,,1,,-0.925,0,0.286,0.714,negative
app_store,2026-03-28,,"Literally went nowhere, not even a number exchange. Just trash.","Literally went nowhere, not even a number exchange. Just trash.",,,,,1,,-0.0572,0,0.12,0.88,negative
app_store,2026-03-28,,I used bumble couple of times before. And even though it would charge you in order to view matches. It never charge you to like people. And that’s too much at that point to pay so much money. What is the purpose of charging too see people profile and not including likes. And the likes are so limited and expensive. It’s not worth using am disappointed. Am expecting a refund.,I used bumble couple of times before. And even though it would charge you in order to view matches. It never charge you to like people. And that’s too much at that point to pay so much money. What is the purpose of charging too see people profile and not including likes. And the likes are so limited and expensive. It’s not worth using am disappointed. Am expecting a refund.,,,,,1,,-0.5253,0.067,0.135,0.798,negative
app_store,2026-03-28,,The very moment I found a nice partner and had a long conversation they locked my profile without explanation. Probably because I shared my inst. She had no time to add me. Chat got deleted. They locked my profile because their aim is to never let you find a partner and leave but to pay them as long as possible and tease you. When you find a partner they do their best to spoil it.,The very moment I found a nice partner and had a long conversation they locked my profile without explanation. Probably because I shared my inst. She had no time to add me. Chat got deleted. They locked my profile because their aim is to never let you find a partner and leave but to pay them as long as possible and tease you. When you find a partner they do their best to spoil it.,,,,,1,,0.631,0.111,0.086,0.803,positive
app_store,2026-03-27,,So my request to you please fixed the problem.,So my request to you please fixed the problem.,,,,,1,,-0.1027,0.192,0.225,0.583,negative
app_store,2026-03-27,,"Seems like Bumble is losing momentum. I get it’s geared toward women, which is fine, but I think the filters need refining. I would like to need women not trans. It’s irritating.","Seems like Bumble is losing momentum. I get it’s geared toward women, which is fine, but I think the filters need refining. I would like to need women not trans. It’s irritating.",,,,,3,,0.7795,0.25,0.047,0.703,positive
app_store,2026-03-27,,The app is great but a lot of scammers nowadays they mention snap ID on their first move question,The app is great but a lot of scammers nowadays they mention snap ID on their first move question,,,,,1,,0.3716,0.124,0,0.876,positive
app_store,2026-03-27,,The app is frozen,The app is frozen,,,,,1,,0,0,0,1,neutral
app_store,2026-03-27,,A dating app that u need to pay to see who liked ur profile !!!??? Im deleting the app ofcccc 😆😆,A dating app that u need to pay to see who liked ur profile !!!??? Im deleting the app ofcccc 😆😆,,,,,1,,0.8323,0.283,0.043,0.675,positive
app_store,2026-03-27,,Under my phone it showed as inactive yet they made two more charges to my card. If you email them they will not give you a refund. Watch out,Under my phone it showed as inactive yet they made two more charges to my card. If you email them they will not give you a refund. Watch out,,,,,1,,-0.3384,0,0.079,0.921,negative
app_store,2026-03-27,,"I haven't used this app since they switched from women messaging first. I thought I'd give in another shot, however it's somehow more disappointing than before. I signed up and input all my photos. Just for it to continuously load or say my connection dropped when trying to verify my identity. I've tried for 4 days on different internet just to see. Even the manual review is useless(it also endlessly loads). I like the idea of knowing who I'm talking to. But the execution is horrific. I think Bumble should probably just quit now. It's an app that doesn't even have a core, it's just hinge/tinder combined. They need a new concept. And better software.","I haven't used this app since they switched from women messaging first. I thought I'd give in another shot, however it's somehow more disappointing than before. I signed up and input all my photos. Just for it to continuously load or say my connection dropped when trying to verify my identity. I've tried for 4 days on different internet just to see. Even the manual review is useless(it also endlessly loads). I like the idea of knowing who I'm talking to. But the execution is horrific. I think Bumble should probably just quit now. It's an app that doesn't even have a core, it's just hinge/tinder combined. They need a new concept. And better software.",,,,,1,,-0.5785,0.045,0.067,0.888,negative
app_store,2026-03-27,,"0/10 stars. 0/5, couldn’t even give it a 1. Limiting matches to a 24 hour period is dumb. This app is money hungry and feeds off of single people. This is just a glamorized tinder. I do NOT recommend.","0/10 stars. 0/5, couldn’t even give it a 1. Limiting matches to a 24 hour period is dumb. This app is money hungry and feeds off of single people. This is just a glamorized tinder. I do NOT recommend.",,,,,1,,-0.3204,0.07,0.122,0.809,negative
app_store,2026-03-27,,"this app is an absolute nightmare for lesbians, it’s almost entirely bi women w boyfriends looking for a unicorn which is already creepy, their account never gets taken down after reporting, and there’s no way to see anyone’s sexuality which is difficult to navigate for people that have a preference like les 4 les or even bi for bi or whatever, don’t even bother if ur nonbinary u guys cant do ishhh on this app fr","this app is an absolute nightmare for lesbians, it’s almost entirely bi women w boyfriends looking for a unicorn which is already creepy, their account never gets taken down after reporting, and there’s no way to see anyone’s sexuality which is difficult to navigate for people that have a preference like les 4 les or even bi for bi or whatever, don’t even bother if ur nonbinary u guys cant do ishhh on this app fr",,,,,1,,-0.5574,0.031,0.087,0.882,negative
app_store,2026-03-26,,This app is a joke. Fix your stupid photo upload system. It autodeletes new photos because whatever AI they use for facial detection literally doesn’t work. No wonder nobody uses this app anymore.,This app is a joke. Fix your stupid photo upload system. It autodeletes new photos because whatever AI they use for facial detection literally doesn’t work. No wonder nobody uses this app anymore.,,,,,2,,-0.5267,0.058,0.148,0.794,negative
app_store,2026-03-26,,This dating app is complete garbage unless you pay for it. You won’t get to see any of you matches and they give you 5-10 likes per day which is nothing. Stick to Hinge or be prepared to pay if you want to see you matches.,This dating app is complete garbage unless you pay for it. You won’t get to see any of you matches and they give you 5-10 likes per day which is nothing. Stick to Hinge or be prepared to pay if you want to see you matches.,,,,,1,,0.4939,0.12,0.056,0.823,positive
app_store,2026-03-26,,"This app is absolute trash for the following reasons.
1. This app doesn’t even TRY to match you so you keep swiping and paying them more to see new people.
2. This app is like gambling, which makes sense because gambling is addictive and unless you walk away, you never really win.
3. This app is filled with scammers peddling crypto and influencers trying to get more followers.
4. Even if you do pay for the premium service, the company will hide the people who liked you until the subscription is over and then suddenly you will have 30+ people who liked you. Crazy how that works.
5. I have a suspicion that even if you do match with people, the app will limit your ability to talk to each other by hiding your responses. Everyone complains that they are being “ghosted” which would make sense if the app was making sure that the connections fail to put you back into the loop of endlessly scrolling on their app like it’s TikTok.


Honestly, your chances of meeting someone in the real world is much higher than meeting and dating someone from this app. Take a chance and talk to someone you think is cute, instead of staring at your phone. This app is garbage (this is coming from someone who is attractive fyi). Good luck!","This app is absolute trash for the following reasons.
1. This app doesn’t even TRY to match you so you keep swiping and paying them more to see new people.
2. This app is like gambling, which makes sense because gambling is addictive and unless you walk away, you never really win.
3. This app is filled with scammers peddling crypto and influencers trying to get more followers.
4. Even if you do pay for the premium service, the company will hide the people who liked you until the subscription is over and then suddenly you will have 30+ people who liked you. Crazy how that works.
5. I have a suspicion that even if you do match with people, the app will limit your ability to talk to each other by hiding your responses. Everyone complains that they are being “ghosted” which would make sense if the app was making sure that the connections fail to put you back into the loop of endlessly scrolling on their app like it’s TikTok.


Honestly, your chances of meeting someone in the real world is much higher than meeting and dating someone from this app. Take a chance and talk to someone you think is cute, instead of staring at your phone. This app is garbage (this is coming from someone who is attractive fyi). Good luck!",,,,,1,,0.9349,0.139,0.076,0.785,positive
app_store,2026-03-26,,"It’s hard to put into words how disgusted I am by this app, its owners and developers and their entire business model. I genuinely don’t know how you can create an app that preys on sad and lonely people by taking as much money from them as possible while insuring they never find love or happiness. 32 dollars for one week of seeing who liked you is disgusting. Once we all delete these apps and go back to meeting in person the world will be a better place.","It’s hard to put into words how disgusted I am by this app, its owners and developers and their entire business model. I genuinely don’t know how you can create an app that preys on sad and lonely people by taking as much money from them as possible while insuring they never find love or happiness. 32 dollars for one week of seeing who liked you is disgusting. Once we all delete these apps and go back to meeting in person the world will be a better place.",,,,,1,,-0.6973,0.107,0.161,0.732,negative
app_store,2026-03-26,,It’s the one thing I find scammy about most dating apps. I understand paying for all the other premium features but being able to undo a swipe costs $40 per month. Accidental swipes hurt everybody.,It’s the one thing I find scammy about most dating apps. I understand paying for all the other premium features but being able to undo a swipe costs $40 per month. Accidental swipes hurt everybody.,,,,,3,,-0.7227,0,0.155,0.845,negative
app_store,2026-03-26,,"I was charged twice for a single month, even through I paid for one month and immediately cancelled the renewal. When I reached out to support and asked for clarification, they responded twice and copy pasted most of the message the second time. 


Unless you want to be ripped off? Don’t get their premium, and honestly use a different app altogether.","I was charged twice for a single month, even through I paid for one month and immediately cancelled the renewal. When I reached out to support and asked for clarification, they responded twice and copy pasted most of the message the second time. 


Unless you want to be ripped off? Don’t get their premium, and honestly use a different app altogether.",,,,,1,,0.5574,0.125,0.057,0.818,positive
app_store,2026-03-26,,The goal is not to find you matches. The goal is have you swipe endlessly so they can get you to pay ridiculous prices to finally see people who actually want to talk to you,The goal is not to find you matches. The goal is have you swipe endlessly so they can get you to pay ridiculous prices to finally see people who actually want to talk to you,,,,,1,,-0.3818,0.035,0.105,0.86,negative
app_store,2026-03-25,,App is full of bots or people wanting Instagram clout. Had this app for more than a year and no match. You will have better luck going to the bar and finding someone there than here. Don’t waste your money on this.,App is full of bots or people wanting Instagram clout. Had this app for more than a year and no match. You will have better luck going to the bar and finding someone there than here. Don’t waste your money on this.,,,,,1,,0.2263,0.121,0.102,0.777,positive
app_store,2026-03-25,,"Ladies, get on MeetMe Facebook dating


Every time I go out to bars, girls and guys offer to buy me 
drinks. 
I have one bad match here. All these apps are scams.","Ladies, get on MeetMe Facebook dating


Every time I go out to bars, girls and guys offer to buy me 
drinks. 
I have one bad match here. All these apps are scams.",,,,,1,,-0.8074,0,0.196,0.804,negative
app_store,2026-03-25,,"Not only is this app a waste of time, they’ll also take your money, make it hard to unsubscribe, and charge every billing cycle - after contacting support and having them do the opposite of what you asked","Not only is this app a waste of time, they’ll also take your money, make it hard to unsubscribe, and charge every billing cycle - after contacting support and having them do the opposite of what you asked",,,,,1,,-0.128,0.064,0.1,0.835,negative
app_store,2026-03-25,,Only complaint really is the price Who would wanna pay $32 a week for a dating app are we serious.,Only complaint really is the price Who would wanna pay $32 a week for a dating app are we serious.,,,,,2,,-0.4404,0,0.224,0.776,negative
app_store,2026-03-24,,"Very poor experience. Customer service was ineffective, and the subscription system is confusing and misleading. The renewal process seems to switch between the App Store and the app, which makes it difficult to manage subscriptions or request a refund. I would not recommend this service.","Very poor experience. Customer service was ineffective, and the subscription system is confusing and misleading. The renewal process seems to switch between the App Store and the app, which makes it difficult to manage subscriptions or request a refund. I would not recommend this service.",,,,,1,,-0.9022,0,0.266,0.734,negative
app_store,2026-03-24,,Will Apple please take Bumble down this is a total scam and it is not an app that Apple should care to have under its corporation I have used the app and monitored the app it has a Bot operating it as well as the profile that are not actual real people they are actually controlling this app they will also not refund your money when you pay through the App!! They will respond to you with the same messages over and over they may switch the message up as to make it appear as to make you think it is not a Bot but it is and at the end they tell you someone will be in touch with you in 24 to 48 hours and no one ever does and then they rudely end the chat please take this down Apple!!!!,Will Apple please take Bumble down this is a total scam and it is not an app that Apple should care to have under its corporation I have used the app and monitored the app it has a Bot operating it as well as the profile that are not actual real people they are actually controlling this app they will also not refund your money when you pay through the App!! They will respond to you with the same messages over and over they may switch the message up as to make it appear as to make you think it is not a Bot but it is and at the end they tell you someone will be in touch with you in 24 to 48 hours and no one ever does and then they rudely end the chat please take this down Apple!!!!,,,,,1,,-0.6922,0.053,0.077,0.87,negative
app_store,2026-03-24,,it's mainly AI bots nowadays,it's mainly AI bots nowadays,,,,,1,,0,0,0,1,neutral
app_store,2026-03-24,,"Right after setting up my profile and verifying, a window pops up when I try to swipe right on a profile saying “you must verify in order to swipe right”. So I press continue, and it shows me the confirmation page I already saw when I verified before, but I still can’t swipe right","Right after setting up my profile and verifying, a window pops up when I try to swipe right on a profile saying “you must verify in order to swipe right”. So I press continue, and it shows me the confirmation page I already saw when I verified before, but I still can’t swipe right",,,,,1,,0,0,0,1,neutral
app_store,2026-03-24,,Worst dating app on the market. Get 5 free likes a week!,Worst dating app on the market. Get 5 free likes a week!,,,,,1,,0.3164,0.328,0.21,0.462,positive
app_store,2026-03-24,,$300 for a lifetime subscription are u joking? and WHY should i have to PAY MONEY to see who LIKED ME? this app wants a ridiculous amount of money from you and it’s really not worth it to even use the free version. booooo,$300 for a lifetime subscription are u joking? and WHY should i have to PAY MONEY to see who LIKED ME? this app wants a ridiculous amount of money from you and it’s really not worth it to even use the free version. booooo,,,,,1,,0.5447,0.169,0.123,0.708,positive
app_store,2026-03-24,,I have read a numerous profiles about them accidentally super swiping people. You need to stop scamming people and put that button up on top so it’s more difficult to tap on.,I have read a numerous profiles about them accidentally super swiping people. You need to stop scamming people and put that button up on top so it’s more difficult to tap on.,,,,,1,,-0.2398,0.141,0.19,0.669,negative
app_store,2026-03-24,,"This app is horrendous. The algorithm doesn’t allow you to get any likes or matches, and you get like 5 swipes before it tells you that you are out of swipes. It is obvious they will not even let you find matches unless you are paying. You will swipe and swipe and get no matches, no likes. Everything is behind a pay wall. It is ridiculously priced and a total waste of time.","This app is horrendous. The algorithm doesn’t allow you to get any likes or matches, and you get like 5 swipes before it tells you that you are out of swipes. It is obvious they will not even let you find matches unless you are paying. You will swipe and swipe and get no matches, no likes. Everything is behind a pay wall. It is ridiculously priced and a total waste of time.",,,,,1,,-0.73,0.104,0.174,0.722,negative
app_store,2026-03-23,,The men on this app use it to lure and abuse women. Do not download this app. Trust me,The men on this app use it to lure and abuse women. Do not download this app. Trust me,,,,,1,,-0.2263,0.135,0.171,0.694,negative
app_store,2026-03-23,,You can’t even see the name of age of the people who like you without paying. Wack!,You can’t even see the name of age of the people who like you without paying. Wack!,,,,,2,,0.4199,0.149,0,0.851,positive
app_store,2026-03-23,,I found my wife in this app,I found my wife in this app,,,,,5,,0,0,0,1,neutral
app_store,2026-03-23,,"kinda a waste of time imo, gl i guess","kinda a waste of time imo, gl i guess",,,,,1,,-0.0571,0.195,0.213,0.592,negative
app_store,2026-03-23,,The app seems to be full of AI or fake profiles now. Any attempts to report this end up in failure as the reporting system indicates that there is not enough information to take further action. That seems silly as the profiles’ pictures have these very weird filters on them which make it seem like they were run through something to fool the Bumble system.  It also concerns me that the profiles are photo verified when I’ve seen pictures that belong to popular Instagrammers (reported these profiles and still got told it was not enough information to proceed with report).,The app seems to be full of AI or fake profiles now. Any attempts to report this end up in failure as the reporting system indicates that there is not enough information to take further action. That seems silly as the profiles’ pictures have these very weird filters on them which make it seem like they were run through something to fool the Bumble system.  It also concerns me that the profiles are photo verified when I’ve seen pictures that belong to popular Instagrammers (reported these profiles and still got told it was not enough information to proceed with report).,,,,,1,,-0.7089,0.058,0.102,0.84,negative
app_store,2026-03-23,,"Off the bat this is not a place to meet quality individuals after 3 years paying for subscriptions till last month (updated my criteria, what I am looking for based on realistic expectations and experiences)
I’ve been dismissed several times for reporting dangerous individuals I ment and went on dates with and fraudulent accounts.","Off the bat this is not a place to meet quality individuals after 3 years paying for subscriptions till last month (updated my criteria, what I am looking for based on realistic expectations and experiences)
I’ve been dismissed several times for reporting dangerous individuals I ment and went on dates with and fraudulent accounts.",,,,,1,,-0.743,0,0.108,0.892,negative
app_store,2026-03-23,,"No matches, no interactions. Classic online dating","No matches, no interactions. Classic online dating",,,,,1,,-0.0803,0.208,0.242,0.55,negative
app_store,2026-03-23,,I feel we should have the option to go back and change a swipe.,I feel we should have the option to go back and change a swipe.,,,,,5,,0,0,0,1,neutral
app_store,2026-03-22,,I put in that I'm 18 but it says my account is blocked?? Can someone help?,I put in that I'm 18 but it says my account is blocked?? Can someone help?,,,,,1,,0.3485,0.197,0.128,0.675,positive
app_store,2026-03-22,,"Another dating app I had wasn’t working so I decided to try Bumble since I saw an ad for it on YouTube, I sign up and start swiping and I come across a cute guy, I swipe right and he swipe right, on Bumble the girl has make the first move so I do so and within another 20 minutes, we moved to iMessage. We went on a few dates & now he’s my boyfriend! Thank you Bumble!!","Another dating app I had wasn’t working so I decided to try Bumble since I saw an ad for it on YouTube, I sign up and start swiping and I come across a cute guy, I swipe right and he swipe right, on Bumble the girl has make the first move so I do so and within another 20 minutes, we moved to iMessage. We went on a few dates & now he’s my boyfriend! Thank you Bumble!!",,,,,5,,0.7488,0.077,0,0.923,positive
app_store,2026-03-22,,Do not sign up. This company will lie and hide your subscription,Do not sign up. This company will lie and hide your subscription,,,,,5,,-0.1779,0,0.134,0.866,negative
app_store,2026-03-22,,The whole 24 hours to reply is dumb. We’re adults and have jobs and either scroll on this for boredom or as a last minute thought. Why close it after someone matches ? Especially if it’s only one side can message🤦🏽‍♂️why tinder and hinge works better,The whole 24 hours to reply is dumb. We’re adults and have jobs and either scroll on this for boredom or as a last minute thought. Why close it after someone matches ? Especially if it’s only one side can message🤦🏽‍♂️why tinder and hinge works better,,,,,1,,-0.4019,0.05,0.096,0.855,negative
app_store,2026-03-22,,"New low. Setting page wouldn’t even load if you don’t verify your account with picture first. 
You only need a phone number to register, but if you want to delete it, you need to upload your government photo ID","New low. Setting page wouldn’t even load if you don’t verify your account with picture first. 
You only need a phone number to register, but if you want to delete it, you need to upload your government photo ID",,,,,1,,0.0129,0.065,0.039,0.897,neutral
app_store,2026-03-22,,Total scam Bumble is designed to milk you out of money and play on your insecurities!,Total scam Bumble is designed to milk you out of money and play on your insecurities!,,,,,1,,-0.6893,0.107,0.315,0.578,negative
app_store,2026-03-22,,"I paid to see likes for a month, got 0 new likes for a month, and the day the month ends i have 32 new likes.","I paid to see likes for a month, got 0 new likes for a month, and the day the month ends i have 32 new likes.",,,,,1,,0.8126,0.268,0,0.732,positive
app_store,2026-03-22,,"crazy how yall want to get people to make an account and get verified just so when they get likes, your optional subscriptions that start out at $20 for a single week become necessary to actually meet people.
i'm not broke but i have better things to spend that kind of money on. i'm sure other people will like this.","crazy how yall want to get people to make an account and get verified just so when they get likes, your optional subscriptions that start out at $20 for a single week become necessary to actually meet people.
i'm not broke but i have better things to spend that kind of money on. i'm sure other people will like this.",,,,,1,,0.9015,0.213,0.024,0.763,positive
app_store,2026-03-22,,App sucks. Not many people on here and low quality matches,App sucks. Not many people on here and low quality matches,,,,,1,,-0.5574,0,0.338,0.662,negative
app_store,2026-03-22,,Holly price hike on this app. They high thinking people gonna spend this much on this app,Holly price hike on this app. They high thinking people gonna spend this much on this app,,,,,1,,0,0,0,1,neutral
app_store,2026-03-22,,this app is extremely hard to navigate. It makes zero sense and it constantly pushes you buy their premium or premium +,this app is extremely hard to navigate. It makes zero sense and it constantly pushes you buy their premium or premium +,,,,,1,,-0.1761,0,0.075,0.925,negative
app_store,2026-03-22,,Do not download if you’re not going to pay 99.99$/mo for premium because you’ll not going to be able to use it….,Do not download if you’re not going to pay 99.99$/mo for premium because you’ll not going to be able to use it….,,,,,1,,0.0762,0.058,0,0.942,positive
app_store,2026-03-21,,"Way too many fake profiles. Sometime’s I wonder, if the app steals pictures from the internet just to make it appear as if more people are on here then there really are. This is a tactic used by many apps, which is stupid! So many profiles claim to be photo verified. They are not. The catfish people just take a picture of them selves, and they get verified and then they change their pictures. 🙄🤦🏻‍♀️😂 I was forced to upgrade the app. Now since the app is out of profiles the app keeps showing me the same profiles every day. When your app runs out of profiles don’t show people the same profiles again, because it is annoying. This is the quickest way for a person to delete their profile and your companies app. Finally, don’t ask me what ethnicity I prefer and then show me nothing but other ethnicities I didn’t ask to see because that ethnicity dominates the app. 🤬","Way too many fake profiles. Sometime’s I wonder, if the app steals pictures from the internet just to make it appear as if more people are on here then there really are. This is a tactic used by many apps, which is stupid! So many profiles claim to be photo verified. They are not. The catfish people just take a picture of them selves, and they get verified and then they change their pictures. 🙄🤦🏻‍♀️😂 I was forced to upgrade the app. Now since the app is out of profiles the app keeps showing me the same profiles every day. When your app runs out of profiles don’t show people the same profiles again, because it is annoying. This is the quickest way for a person to delete their profile and your companies app. Finally, don’t ask me what ethnicity I prefer and then show me nothing but other ethnicities I didn’t ask to see because that ethnicity dominates the app. 🤬",,,,,1,,-0.7424,0.02,0.064,0.917,negative
app_store,2026-03-21,,"Another app that has shady transactions appear, and they tell you the transactions aren’t eligible for refund. Good luck finding a living decent person to talk to, they use AI chat bots as customer service.","Another app that has shady transactions appear, and they tell you the transactions aren’t eligible for refund. Good luck finding a living decent person to talk to, they use AI chat bots as customer service.",,,,,1,,0.7096,0.152,0,0.848,positive
app_store,2026-03-21,,"I’m trying this app for the first time, and I don’t know if it’s real or a scam. The experience feels bumpy, and asking for payment immediately is frustrating.
It should offer a free trial, like 3 days, so new users can test the app first and decide if they like it before paying.
This way, people won’t feel like they’re wasting their time, and it would make the app much more user-friendly and trustworthy.","I’m trying this app for the first time, and I don’t know if it’s real or a scam. The experience feels bumpy, and asking for payment immediately is frustrating.
It should offer a free trial, like 3 days, so new users can test the app first and decide if they like it before paying.
This way, people won’t feel like they’re wasting their time, and it would make the app much more user-friendly and trustworthy.",,,,,1,,0.6557,0.161,0.102,0.737,positive
app_store,2026-03-21,,Great when you eventually get a match but who’s idea was it to pressure users to text each other cause they give you like 12 hours to text someone or they disappear,Great when you eventually get a match but who’s idea was it to pressure users to text each other cause they give you like 12 hours to text someone or they disappear,,,,,3,,0.1655,0.149,0.132,0.719,positive
app_store,2026-03-21,,Make this app more intentional so people can actually find connections. Lots of people without bios (bare minimum) and lots of people only seem to be here to get more followers on their Instagram/snapchat. Ban sharing social media handles. Have a more thorough process so only people who are looking to be in serious relationships are allowed on this app. If a person doesn’t message multiple matches  they need to be banned as well. There needs to be more strict parameters.. the dating pool sucks as is and bumble you’re not helping hopeless situation become hopeful,Make this app more intentional so people can actually find connections. Lots of people without bios (bare minimum) and lots of people only seem to be here to get more followers on their Instagram/snapchat. Ban sharing social media handles. Have a more thorough process so only people who are looking to be in serious relationships are allowed on this app. If a person doesn’t message multiple matches  they need to be banned as well. There needs to be more strict parameters.. the dating pool sucks as is and bumble you’re not helping hopeless situation become hopeful,,,,,1,,-0.1551,0.097,0.112,0.791,negative
app_store,2026-03-21,,Idk why I’ve been having issues getting a code to create a profile,Idk why I’ve been having issues getting a code to create a profile,,,,,1,,0.1779,0.145,0.097,0.759,positive
app_store,2026-03-21,,"Requiring us to verify, then keeping that info for 3 YEARS is giving surveillance state and I’d rather be single.","Requiring us to verify, then keeping that info for 3 YEARS is giving surveillance state and I’d rather be single.",,,,,1,,0.34,0.112,0,0.888,positive
app_store,2026-03-21,,"This is a good app. The matches aren’t bad. I’ve been on and off dating apps but never ever have I once sent an inappropriate message. 
I went back to the app one day and told me my account was blocked for
Going against community guidelines. Sending an inappropriate message. Never have i once ever sent such messages. I tried to tell them this thinking my account got hacked or someone was salty. I tried to fight it & They still said they’re blocking my account and a request to get it back was denied. I didn’t even get to see evidence of this so called message. Just saying someone who’s never had any offenses and has no idea what they’ve done should be heard out.. good luck to the rest.","This is a good app. The matches aren’t bad. I’ve been on and off dating apps but never ever have I once sent an inappropriate message. 
I went back to the app one day and told me my account was blocked for
Going against community guidelines. Sending an inappropriate message. Never have i once ever sent such messages. I tried to tell them this thinking my account got hacked or someone was salty. I tried to fight it & They still said they’re blocking my account and a request to get it back was denied. I didn’t even get to see evidence of this so called message. Just saying someone who’s never had any offenses and has no idea what they’ve done should be heard out.. good luck to the rest.",,,,,1,,-0.8568,0.081,0.142,0.777,negative
app_store,2026-03-21,,What a crummy business. Bans decent people for life without explanation even with appeal still keeps the ban. Ridiculous service!,What a crummy business. Bans decent people for life without explanation even with appeal still keeps the ban. Ridiculous service!,,,,,1,,-0.75,0,0.262,0.738,negative
app_store,2026-03-21,,"$70 for a 1 month premium subscription is absolutely absurd considering the app will also nerf your account if you don’t pay. Basically you won’t get any likes or matches unless you pay for the subscription.


Would give a 0/5 if I could.","$70 for a 1 month premium subscription is absolutely absurd considering the app will also nerf your account if you don’t pay. Basically you won’t get any likes or matches unless you pay for the subscription.


Would give a 0/5 if I could.",,,,,1,,0.25,0.061,0.061,0.877,positive
app_store,2026-03-20,,"Unbearably low swipes with inconsistent refresh on them. “To encourage mindful swiping” bull. Its to encourage paying for the expensive premium subscription. It sucks because I actually really like everything else about bumble but god, its pretty munch unusable without paying up.","Unbearably low swipes with inconsistent refresh on them. “To encourage mindful swiping” bull. Its to encourage paying for the expensive premium subscription. It sucks because I actually really like everything else about bumble but god, its pretty munch unusable without paying up.",,,,,2,,0.8704,0.256,0.064,0.68,positive
app_store,2026-03-20,,"You will see many fake or AI generated profiles, and probably report many of them. But they increase engagement so Bumble will do nothing about it. They will however have their own portal to bill you and allow you to forget your subscription will renew. Hinge is much better. Buyer beware.","You will see many fake or AI generated profiles, and probably report many of them. But they increase engagement so Bumble will do nothing about it. They will however have their own portal to bill you and allow you to forget your subscription will renew. Hinge is much better. Buyer beware.",,,,,1,,0.8674,0.21,0.07,0.719,positive
app_store,2026-03-20,,"What’s the point of giving users the option to report people (especially when this app is flooded with bots) if no accounts actually get banned? I’ve submitted a couple dozen accounts that were blatant scammers, bots, or AI profiles trying to milk money off people, but no action was ever taken against them. I would never recommend that any user spend money on this app","What’s the point of giving users the option to report people (especially when this app is flooded with bots) if no accounts actually get banned? I’ve submitted a couple dozen accounts that were blatant scammers, bots, or AI profiles trying to milk money off people, but no action was ever taken against them. I would never recommend that any user spend money on this app",,,,,1,,-0.748,0.024,0.128,0.848,negative
app_store,2026-03-20,,This is easily the worst dating app of them all. You’re barely allowed any likes and bumble makes it nearly impossible to cancel your subscription. I canceled mine and was still charged and had to report it to my bank. Consider this a warning! Don’t download this app or spend money you’ll regret it!,This is easily the worst dating app of them all. You’re barely allowed any likes and bumble makes it nearly impossible to cancel your subscription. I canceled mine and was still charged and had to report it to my bank. Consider this a warning! Don’t download this app or spend money you’ll regret it!,,,,,1,,-0.8293,0.075,0.209,0.716,negative
app_store,2026-03-20,,"I ran an experiment with the three big dating apps. I paid for one month of each subscription and compared the results. Bumble gave me zero success. The dating pool is much smaller too. I had to increase my radius after running out of options pretty quickly; which is saying something considering I live in one of the biggest cities in the US. Your experience might be different but from the looks of recent reviews I doubt that’s the case.


You pay for extra features like super likes and spotlights each week but they don’t roll over. If I’m paying for features they should stay there. I regularly get matches on the other two apps and even consistently using Bumble I got one match that was a person I am *positive* I didn’t swipe right on. This leads me to believe they’re matching you with bots to keep engagement. Don’t waste your time on the free version and definitely do not pay for it either.","I ran an experiment with the three big dating apps. I paid for one month of each subscription and compared the results. Bumble gave me zero success. The dating pool is much smaller too. I had to increase my radius after running out of options pretty quickly; which is saying something considering I live in one of the biggest cities in the US. Your experience might be different but from the looks of recent reviews I doubt that’s the case.


You pay for extra features like super likes and spotlights each week but they don’t roll over. If I’m paying for features they should stay there. I regularly get matches on the other two apps and even consistently using Bumble I got one match that was a person I am *positive* I didn’t swipe right on. This leads me to believe they’re matching you with bots to keep engagement. Don’t waste your time on the free version and definitely do not pay for it either.",,,,,1,,0.9821,0.187,0.044,0.769,positive
app_store,2026-03-19,,"Money grabbing tactics, easy to accidentally swipe incorrectly","Money grabbing tactics, easy to accidentally swipe incorrectly",,,,,1,,0.128,0.257,0.212,0.531,positive
app_store,2026-03-19,,"My account was blocked in error per Bumble and they refused to compensate for the inconvenience.  No customer service, only email & bots.","My account was blocked in error per Bumble and they refused to compensate for the inconvenience.  No customer service, only email & bots.",,,,,1,,-0.8658,0,0.394,0.606,negative
app_store,2026-03-19,,"I’ve come across many profiles where after matching in their msg prompt will be some sketchy Snapchat and weird msg with it. Clearly fake profiles are getting passed the photo verified option. It’s also lame how expensive it is to see who liked you and most of the girls are super random with totally opposite interests. Frustrating app. Not worth spending money on, be careful guys!","I’ve come across many profiles where after matching in their msg prompt will be some sketchy Snapchat and weird msg with it. Clearly fake profiles are getting passed the photo verified option. It’s also lame how expensive it is to see who liked you and most of the girls are super random with totally opposite interests. Frustrating app. Not worth spending money on, be careful guys!",,,,,1,,0.2825,0.165,0.152,0.683,positive