source,original_date,comment_date,text,comment,subreddit,post_title,post_score,comment_score,rating,thumbs_up,vader_compound,vader_positive,vader_negative,vader_neutral,sentiment_label
google_play,2026-05-17,,"The filters are awful, just like all the other apps. You cannot filter out the single moms, religious people, body type, etc. I got tons of matches and dates, but cannot justify a high rating when it's a massive time sink to swipe left on people you have zero interest in but can't filter.","The filters are awful, just like all the other apps. You cannot filter out the single moms, religious people, body type, etc. I got tons of matches and dates, but cannot justify a high rating when it's a massive time sink to swipe left on people you have zero interest in but can't filter.",,,,,2,0,0.5789,0.098,0.034,0.868,positive
google_play,2026-05-17,,"it's very slow and lagging, no matter how many times you update it, nothing changes!","it's very slow and lagging, no matter how many times you update it, nothing changes!",,,,,1,0,-0.4078,0,0.223,0.777,negative
google_play,2026-05-17,,"Creepy! Unmatched guys keep coming back, liking you again and again. This is insane. As a dating app, you should fix your bugs in a way that ""no really means no""!","Creepy! Unmatched guys keep coming back, liking you again and again. This is insane. As a dating app, you should fix your bugs in a way that ""no really means no""!",,,,,2,0,-0.2225,0.077,0.13,0.794,negative
google_play,2026-05-17,,"update: this app is making a huge AI pivot to take away the choices (swiping) with their own AI based matching. shameless, I'm done with this, as a long time paying user. Taking away the one thing your app was doing right, I hope the stakeholders eat well, at least, since those are the customers that matter. :p","update: this app is making a huge AI pivot to take away the choices (swiping) with their own AI based matching. shameless, I'm done with this, as a long time paying user. Taking away the one thing your app was doing right, I hope the stakeholders eat well, at least, since those are the customers that matter. :p",,,,,1,0,0.7184,0.16,0.037,0.802,positive
google_play,2026-05-17,,no genuine connection everything is premium,no genuine connection everything is premium,,,,,1,0,-0.296,0,0.306,0.694,negative
google_play,2026-05-17,,waste of money,waste of money,,,,,1,0,-0.4215,0,0.583,0.417,negative
google_play,2026-05-17,,i can't log in.,i can't log in.,,,,,1,0,0,0,0,1,neutral
google_play,2026-05-17,,I took a premium plan and maintaining a good profile but I don't even get a good match i almost liked all profiles in my state having same intrest but still no macth,I took a premium plan and maintaining a good profile but I don't even get a good match i almost liked all profiles in my state having same intrest but still no macth,,,,,1,0,0.74,0.222,0.069,0.71,positive
google_play,2026-05-17,,all of a sudden I can't access my bumble if it opens it keep telling me that am offline even when my data is fully on,all of a sudden I can't access my bumble if it opens it keep telling me that am offline even when my data is fully on,,,,,2,0,-0.128,0,0.057,0.943,negative
google_play,2026-05-17,,whats the point in a dating app if youre not going to show me the people that like me while im swiping? dumb moneygrab,whats the point in a dating app if youre not going to show me the people that like me while im swiping? dumb moneygrab,,,,,1,1,-0.2023,0.09,0.119,0.791,negative
google_play,2026-05-17,,"Too many bugs, too slow an app, just a waste of money. Don't download it. Give me my refund.","Too many bugs, too slow an app, just a waste of money. Don't download it. Give me my refund.",,,,,1,0,-0.4215,0,0.135,0.865,negative
google_play,2026-05-17,,"Best app for dating made three gf soo farr very easy to use, guess I was bit lucky for this","Best app for dating made three gf soo farr very easy to use, guess I was bit lucky for this",,,,,5,0,0.8805,0.375,0,0.625,positive
google_play,2026-05-17,,need to meet South Indian girls,need to meet South Indian girls,,,,,4,0,0,0,0,1,neutral
google_play,2026-05-17,,if I wanted catfish I'd go to a lake.,if I wanted catfish I'd go to a lake.,,,,,1,0,0,0,0,1,neutral
google_play,2026-05-17,,now beginning to use ai instead of swiping? guess you guys really want our personal data you jerks,now beginning to use ai instead of swiping? guess you guys really want our personal data you jerks,,,,,1,1,-0.1298,0.081,0.107,0.812,negative
google_play,2026-05-17,,you literally can't find anything who liked you without paying for it which is ridiculous especially when they have ADS!!,you literally can't find anything who liked you without paying for it which is ridiculous especially when they have ADS!!,,,,,1,0,0.2225,0.142,0.105,0.754,positive
google_play,2026-05-17,,helpful for singles,helpful for singles,,,,,5,0,0.4215,0.583,0,0.417,positive
google_play,2026-05-17,,"Lots of fake accounts, when you purchase anything, you're automatically signed up for recurring billing. Do not get this app. It is fraudulent. Go get the FEELD app. This one gets ZERO stars.","Lots of fake accounts, when you purchase anything, you're automatically signed up for recurring billing. Do not get this app. It is fraudulent. Go get the FEELD app. This one gets ZERO stars.",,,,,1,2,-0.743,0,0.169,0.831,negative
google_play,2026-05-17,,"was a great idea until women complained that making the frist move was hard so now guys are strugglingagain, you get no reply, spotlight is a joke dont waste money on that, over it was a great app at the beginning but now it's a waste","was a great idea until women complained that making the frist move was hard so now guys are strugglingagain, you get no reply, spotlight is a joke dont waste money on that, over it was a great app at the beginning but now it's a waste",,,,,1,0,0.0041,0.153,0.153,0.694,neutral
google_play,2026-05-17,,We don't need AI in dating!!! Boo!,We don't need AI in dating!!! Boo!,,,,,1,8,0,0,0,1,neutral
google_play,2026-05-17,,get rid of the bots,get rid of the bots,,,,,1,0,0,0,0,1,neutral
google_play,2026-05-16,,Biggest waste of time and money. You might as well throw your money in the garbage because that's exactly what this app is. Garbage. Touch grass instead.,Biggest waste of time and money. You might as well throw your money in the garbage because that's exactly what this app is. Garbage. Touch grass instead.,,,,,1,2,-0.1779,0.07,0.094,0.836,negative
google_play,2026-05-16,,i tried logging in put in correct details and my account gets blocked horrible experience infact 0 stars if possible that one is the effort of putting the app on playstore to and successfuly waste my data nkt,i tried logging in put in correct details and my account gets blocked horrible experience infact 0 stars if possible that one is the effort of putting the app on playstore to and successfuly waste my data nkt,,,,,1,0,-0.8126,0,0.194,0.806,negative
google_play,2026-05-16,,"You found me the woman of my dreams, too bad 5 stars is the highest I can rate to","You found me the woman of my dreams, too bad 5 stars is the highest I can rate to",,,,,5,0,-0.2023,0.116,0.151,0.733,negative
google_play,2026-05-16,,"Solid app, other than the fact that it interprets about 10,% of my taps or vertical swipes as a horizontal swipe, so it arbitrarily matches me or passes on someone based on how the app is feeling in that moment; it was a horrible experience in that regard.","Solid app, other than the fact that it interprets about 10,% of my taps or vertical swipes as a horizontal swipe, so it arbitrarily matches me or passes on someone based on how the app is feeling in that moment; it was a horrible experience in that regard.",,,,,2,0,-0.34,0.06,0.068,0.872,negative
google_play,2026-05-16,,the most basic filter of what type of connection you're looking for is behind a pay wall. Beyond ridiculous.,the most basic filter of what type of connection you're looking for is behind a pay wall. Beyond ridiculous.,,,,,1,0,-0.4404,0,0.187,0.813,negative
google_play,2026-05-16,,This app is total waste. You need complete 10 puzzles after that it says verification failed. what a losser,This app is total waste. You need complete 10 puzzles after that it says verification failed. what a losser,,,,,1,0,-0.7501,0,0.273,0.727,negative
google_play,2026-05-16,,"deleted my profile when I heard the awful ""AI Profile"". I don't want an AI summary on my Google search so why would I want it on a person? I'm sure they just needed more of our data to sell","deleted my profile when I heard the awful ""AI Profile"". I don't want an AI summary on my Google search so why would I want it on a person? I'm sure they just needed more of our data to sell",,,,,1,1,-0.1586,0.082,0.096,0.822,negative
google_play,2026-05-16,,"Terrible app, horrible for connecting people with similar interest, forces you to pay to win for dating, totally scummy.","Terrible app, horrible for connecting people with similar interest, forces you to pay to win for dating, totally scummy.",,,,,1,1,-0.0516,0.236,0.278,0.486,negative
google_play,2026-05-16,,this app has more verified people,this app has more verified people,,,,,5,0,0,0,0,1,neutral
google_play,2026-05-16,,This trash app ban me and this is my first time on there? Don't waste your time its a scam app,This trash app ban me and this is my first time on there? Don't waste your time its a scam app,,,,,1,0,-0.7156,0.084,0.264,0.651,negative
google_play,2026-05-16,,can't switch dark mode hurts eye,can't switch dark mode hurts eye,,,,,1,0,-0.4767,0,0.383,0.617,negative
google_play,2026-05-16,,You should put some restrictions on who is matching and not responding. Otherwise it will remain as an useless app. Total useless,You should put some restrictions on who is matching and not responding. Otherwise it will remain as an useless app. Total useless,,,,,1,1,-0.7089,0,0.228,0.772,negative
google_play,2026-05-16,,user unfriendly app. easy to swipe the wrong way. can't search for people in your location. if you go out of town you get people from that area instead of where you actually live. hard to find answers to help questions. pressure to respond rather than let you think about someone. not enough space to give a detailed profile.,user unfriendly app. easy to swipe the wrong way. can't search for people in your location. if you go out of town you get people from that area instead of where you actually live. hard to find answers to help questions. pressure to respond rather than let you think about someone. not enough space to give a detailed profile.,,,,,1,0,-0.3818,0.083,0.136,0.782,negative
google_play,2026-05-16,,"Horrible registration process, I few years ago was straight foward and easy.","Horrible registration process, I few years ago was straight foward and easy.",,,,,1,0,0.0772,0.277,0.202,0.52,positive
google_play,2026-05-16,,Meet my chud wife on dis app! 🤤🤤🤤🤌,Meet my chud wife on dis app! 🤤🤤🤤🤌,,,,,5,0,0,0,0,1,neutral
google_play,2026-05-16,,AI is not the future of dating,AI is not the future of dating,,,,,1,1,0,0,0,1,neutral
google_play,2026-05-16,,"great idea, unfortunately it doesn't work. there seems to be a fundamental misunderstanding between the company's systems and the populations it's trying to work with.","great idea, unfortunately it doesn't work. there seems to be a fundamental misunderstanding between the company's systems and the populations it's trying to work with.",,,,,2,0,-0.0258,0.131,0.166,0.703,neutral
google_play,2026-05-16,,"Just an haux , doing fraud and collection personal information, It's a Pegasus illegal Software to steal your data.","Just an haux , doing fraud and collection personal information, It's a Pegasus illegal Software to steal your data.",,,,,1,0,-0.891,0,0.398,0.602,negative
google_play,2026-05-16,,too many scammers out there. Be careful guys.,too many scammers out there. Be careful guys.,,,,,1,1,0.1531,0.186,0,0.814,positive
google_play,2026-05-16,,It just blocked my account for no reason,It just blocked my account for no reason,,,,,1,1,-0.5106,0,0.417,0.583,negative
google_play,2026-05-16,,"Make sure you pay by PayPal if you want to unlock the fake likes Bumble have given you as bait. I opened a case and won a refund immediately, PayPal know these sites run scams, that's why there wasn't any responce from Bumble. Don't let them fool you into thinking you're not eligible for a refund, you've paid for a service which can't prove to its users that its paid for ""features"" actually do anything, so they have no case to make against you.","Make sure you pay by PayPal if you want to unlock the fake likes Bumble have given you as bait. I opened a case and won a refund immediately, PayPal know these sites run scams, that's why there wasn't any responce from Bumble. Don't let them fool you into thinking you're not eligible for a refund, you've paid for a service which can't prove to its users that its paid for ""features"" actually do anything, so they have no case to make against you.",,,,,1,1,0.1882,0.127,0.11,0.763,positive
google_play,2026-05-16,,"This is a time wasting app, I don't get any match and keep asking for money again and again, even if I get some match it is still giving notification and when I put money in it and matching is 0 , this app is making a fool of us.","This is a time wasting app, I don't get any match and keep asking for money again and again, even if I get some match it is still giving notification and when I put money in it and matching is 0 , this app is making a fool of us.",,,,,1,1,-0.4939,0.044,0.102,0.855,negative
google_play,2026-05-16,,very poor and third class app don't people interst and download only add and add,very poor and third class app don't people interst and download only add and add,,,,,1,0,-0.5256,0,0.195,0.805,negative
google_play,2026-05-16,,it's not a genuine app I didn't even have the chance to create my profile let alone to explore and I just got banned for no good reason I did nothing.bumble this isn't okay I'm very disappointed,it's not a genuine app I didn't even have the chance to create my profile let alone to explore and I just got banned for no good reason I did nothing.bumble this isn't okay I'm very disappointed,,,,,1,1,-0.8108,0.088,0.268,0.644,negative
google_play,2026-05-16,,"bruh. i'm sure others were abke to get in, but they just wouldn't send me the verifcation code.","bruh. i'm sure others were abke to get in, but they just wouldn't send me the verifcation code.",,,,,1,1,0.1655,0.088,0,0.912,positive
google_play,2026-05-16,,so far so good. I'm yet to find out what is In stock for me.,so far so good. I'm yet to find out what is In stock for me.,,,,,5,0,0.6213,0.225,0,0.775,positive
google_play,2026-05-16,,"this app literally will make you hate the opposite sex. it's just the same people deleting and resetting their profile, because there isn't AI that can detect the same garbage pictures or anything.","this app literally will make you hate the opposite sex. it's just the same people deleting and resetting their profile, because there isn't AI that can detect the same garbage pictures or anything.",,,,,1,7,-0.5719,0,0.104,0.896,negative
google_play,2026-05-16,,"hides matches, chats are one way, expensive subscription, low quality users.","hides matches, chats are one way, expensive subscription, low quality users.",,,,,2,1,-0.4215,0,0.297,0.703,negative
google_play,2026-05-16,,"bruh, i can't verify my age","bruh, i can't verify my age",,,,,1,1,0,0,0,1,neutral
google_play,2026-05-16,,"I have paid for spotlight , yet its not credited...your support function isnt helpful. paid for 30 spotlights. how u will credit..its not helpful","I have paid for spotlight , yet its not credited...your support function isnt helpful. paid for 30 spotlights. how u will credit..its not helpful",,,,,1,1,-0.7115,0,0.248,0.752,negative
google_play,2026-05-16,,Purchased premium and the features don't work. Ended up deleting the app altogether. This might be the worst platform of the Big 3.,Purchased premium and the features don't work. Ended up deleting the app altogether. This might be the worst platform of the Big 3.,,,,,1,1,-0.6249,0,0.157,0.843,negative
google_play,2026-05-16,,"Unable to add new photos even though 2 out of 6 slots are available. After uploading, the photos appear for a few seconds and then disappear from the photos section.","Unable to add new photos even though 2 out of 6 slots are available. After uploading, the photos appear for a few seconds and then disappear from the photos section.",,,,,1,1,-0.2263,0,0.061,0.939,negative
google_play,2026-05-16,,costs too much. not impressed.,costs too much. not impressed.,,,,,1,1,-0.3724,0,0.39,0.61,negative
google_play,2026-05-16,,"I had a one time life membership paid 150 a long time ago. the past year or so, I dont get the extra stuff that originally came with it like the 1 free comment on a profile. I also only get 2 or 3 girls to swipe a day. pointless for a lifetime membership. I have my filters the same as every other dating app but it only give 2 or 3 swipes and then it says expand your filters. why would I when the same kind of app let me swipe and be on there app for at least a couple mins. yall app is a waste","I had a one time life membership paid 150 a long time ago. the past year or so, I dont get the extra stuff that originally came with it like the 1 free comment on a profile. I also only get 2 or 3 girls to swipe a day. pointless for a lifetime membership. I have my filters the same as every other dating app but it only give 2 or 3 swipes and then it says expand your filters. why would I when the same kind of app let me swipe and be on there app for at least a couple mins. yall app is a waste",,,,,1,1,0.2846,0.06,0.032,0.908,positive
google_play,2026-05-16,,dont know why unnecessary blocking account once I paid money dont pay,dont know why unnecessary blocking account once I paid money dont pay,,,,,1,1,-0.3191,0.093,0.187,0.72,negative
google_play,2026-05-16,,"freezes constantly, terrible app. as soon as you get a lot of matches it glitches","freezes constantly, terrible app. as soon as you get a lot of matches it glitches",,,,,1,1,-0.4939,0,0.244,0.756,negative
google_play,2026-05-16,,"Posting a 1 star due to their habit of asking ""are you enjoying the app?"" Take a guess which response then gets asked if they'd rate the app - putting their thumb on the scale. Also their primary thing that they sell appears to just be FOMO; like they've been monetarily incentivised to make the app as bad as possible. After experimenting, they make sure to hide people who have liked you for multiple days to encourage you to get premium.","Posting a 1 star due to their habit of asking ""are you enjoying the app?"" Take a guess which response then gets asked if they'd rate the app - putting their thumb on the scale. Also their primary thing that they sell appears to just be FOMO; like they've been monetarily incentivised to make the app as bad as possible. After experimenting, they make sure to hide people who have liked you for multiple days to encourage you to get premium.",,,,,1,5,0.8442,0.153,0.056,0.791,positive
google_play,2026-05-16,,Whether it's apps fault or just fault of gender ratio in India not getting matches at all even after using spotlight or whatever premium they have,Whether it's apps fault or just fault of gender ratio in India not getting matches at all even after using spotlight or whatever premium they have,,,,,2,0,-0.6597,0,0.184,0.816,negative
google_play,2026-05-16,,"bots, fakes and foreigners...","bots, fakes and foreigners...",,,,,1,1,-0.4215,0,0.483,0.517,negative
google_play,2026-05-16,,"very cheap app 😡,🤐🤐","very cheap app 😡,🤐🤐",,,,,1,1,0,0,0,1,neutral
google_play,2026-05-16,,actually algo is not very bad but personal impaffffkk !!,actually algo is not very bad but personal impaffffkk !!,,,,,5,0,0.3854,0.225,0,0.775,positive
google_play,2026-05-16,,I have been on this for like 4 months now and nothing is happening. There are alot of potential matches but you have to pay just to send a note.,I have been on this for like 4 months now and nothing is happening. There are alot of potential matches but you have to pay just to send a note.,,,,,2,1,0.0387,0.056,0.051,0.893,neutral
google_play,2026-05-16,,i love this dating site,i love this dating site,,,,,5,0,0.6369,0.512,0,0.488,positive
google_play,2026-05-16,,totally nonsense only pictures are to showing,totally nonsense only pictures are to showing,,,,,1,1,-0.4576,0,0.333,0.667,negative
google_play,2026-05-16,,Please don't waste your money. What a scam.,Please don't waste your money. What a scam.,,,,,1,1,-0.0176,0.347,0.278,0.375,neutral
google_play,2026-05-16,,Muja to abhi tak koi nhi mila,Muja to abhi tak koi nhi mila,,,,,4,1,0,0,0,1,neutral
google_play,2026-05-16,,"Phone verification does not work, even if you enter the exact code that was sent it just stays stuck","Phone verification does not work, even if you enter the exact code that was sent it just stays stuck",,,,,1,1,-0.25,0,0.1,0.9,negative
google_play,2026-05-16,,Need black theme for app 🙏 Works very slow in Asia (Bali).,Need black theme for app 🙏 Works very slow in Asia (Bali).,,,,,4,0,0,0,0,1,neutral
google_play,2026-05-16,,Dark mode danmn It,Dark mode danmn It,,,,,3,1,0,0,0,1,neutral
google_play,2026-05-16,,"Terrible. Most people are just bot profiles and its a chargeable service. Trying this application for the last year has been a horrendous waste of time, just like all the other ones.","Terrible. Most people are just bot profiles and its a chargeable service. Trying this application for the last year has been a horrendous waste of time, just like all the other ones.",,,,,1,1,-0.802,0.062,0.241,0.697,negative
google_play,2026-05-16,,excellent 👍,excellent 👍,,,,,5,0,0.5719,0.649,0,0.351,positive
google_play,2026-05-16,,"terrible scam of an app, you subscribe for 1 week, and then they charge a day before the week ends automatically before you can subscribe","terrible scam of an app, you subscribe for 1 week, and then they charge a day before the week ends automatically before you can subscribe",,,,,1,1,-0.7783,0,0.228,0.772,negative
google_play,2026-05-16,,this is by far the worst app ever banning me for life and I did nothing wrong even after submitting a appeal this is wrong on all level and there is no amount of evidence that can keep people banned 🚫 horrible app the people who invented this app are basically saying if a women you rejected on the app didn't like it you get a permanent ban that's what happened to me!,this is by far the worst app ever banning me for life and I did nothing wrong even after submitting a appeal this is wrong on all level and there is no amount of evidence that can keep people banned 🚫 horrible app the people who invented this app are basically saying if a women you rejected on the app didn't like it you get a permanent ban that's what happened to me!,,,,,1,2,-0.9707,0.028,0.275,0.698,negative
google_play,2026-05-16,,"Swiping mechanics deeply flawed. No matter how carefully I try to scroll vertically, Bumble inevitably interprets it as a swipe right. It is so frustrating to have to go and unmatch every other person because bumble interprets 2 pixels away from vertical as a swipe right.","Swiping mechanics deeply flawed. No matter how carefully I try to scroll vertically, Bumble inevitably interprets it as a swipe right. It is so frustrating to have to go and unmatch every other person because bumble interprets 2 pixels away from vertical as a swipe right.",,,,,3,1,-0.7713,0.053,0.162,0.785,negative
google_play,2026-05-16,,Unsubscribing is hidden so they can sneak extra payments even if you manage through google play subscriptions,Unsubscribing is hidden so they can sneak extra payments even if you manage through google play subscriptions,,,,,1,1,0.34,0.13,0,0.87,positive
google_play,2026-05-16,,sax..sup lady's need a man...when ull be ready 4rman,sax..sup lady's need a man...when ull be ready 4rman,,,,,1,0,0.3612,0.238,0,0.762,positive
google_play,2026-05-16,,They renewed my subscription even though I canceled it 2 weeks before it expired. Beware.,They renewed my subscription even though I canceled it 2 weeks before it expired. Beware.,,,,,1,1,0,0,0,1,neutral
google_play,2026-05-16,,this app sucks,this app sucks,,,,,1,1,-0.3612,0,0.556,0.444,negative
google_play,2026-05-16,,some knuckle dragger living off of 10% oxygen and 90% their own farts assumes people want even more of their data slurpped up into the goop product that is bumble. If you're of the mindset that AI should choose your partner you should just buy this bridge I own,some knuckle dragger living off of 10% oxygen and 90% their own farts assumes people want even more of their data slurpped up into the goop product that is bumble. If you're of the mindset that AI should choose your partner you should just buy this bridge I own,,,,,1,1,0.0772,0.026,0,0.974,positive
google_play,2026-05-15,,The fact that bumble is replacing swiping with AI just guaranteed I will never use it ever again. Why would I want a language model that makes things up when it can't find an answer to decide who I date? Not to mention how terrible it is for the environment and the communities data centres are built in. Stop trying to shove AI down our throats. Shame on you.,The fact that bumble is replacing swiping with AI just guaranteed I will never use it ever again. Why would I want a language model that makes things up when it can't find an answer to decide who I date? Not to mention how terrible it is for the environment and the communities data centres are built in. Stop trying to shove AI down our throats. Shame on you.,,,,,1,1,-0.7964,0.017,0.112,0.87,negative
google_play,2026-05-15,,"If I could rate this app 0 stars, I would. Lifetime ban for violating community guidelines? No explanation, no investigation, no justification. Someone reports you and your account is gone with zero elaboration. I asked the team to review, and they provided no insight or information. I hadn't even messaged anyone during the time frame. I've contacted Bumble Support TWICE, and they flat-out refused to explain anything, stating that was their policy. What's the point?","If I could rate this app 0 stars, I would. Lifetime ban for violating community guidelines? No explanation, no investigation, no justification. Someone reports you and your account is gone with zero elaboration. I asked the team to review, and they provided no insight or information. I hadn't even messaged anyone during the time frame. I've contacted Bumble Support TWICE, and they flat-out refused to explain anything, stating that was their policy. What's the point?",,,,,1,8,-0.8217,0.074,0.161,0.765,negative
google_play,2026-05-15,,Large selection of people app works best so far compared to other apps dating would be great if we could match on economics income something else more than just making money for the app,Large selection of people app works best so far compared to other apps dating would be great if we could match on economics income something else more than just making money for the app,,,,,3,0,0.8519,0.206,0,0.794,positive
google_play,2026-05-15,,MC BC CC absolutely rubbish app,MC BC CC absolutely rubbish app,,,,,1,1,0,0,0,1,neutral
google_play,2026-05-15,,"I would rate 5, but it took 3 years to find my life partner.","I would rate 5, but it took 3 years to find my life partner.",,,,,4,1,0,0,0,1,neutral
google_play,2026-05-15,,bumble is poo - should rename itself to pooble,bumble is poo - should rename itself to pooble,,,,,1,1,0,0,0,1,neutral
google_play,2026-05-15,,"predatory algorithm that inhibits matchmaking for money, removed the defining feature where women had to message first, and now they're implementing AI to deal the killing blow. useless app, avoid at all costs","predatory algorithm that inhibits matchmaking for money, removed the defining feature where women had to message first, and now they're implementing AI to deal the killing blow. useless app, avoid at all costs",,,,,1,1,-0.8834,0,0.28,0.72,negative
google_play,2026-05-15,,I should be able to filter by distance,I should be able to filter by distance,,,,,3,0,0,0,0,1,neutral
google_play,2026-05-15,,App does not provide match easily and also took subscription and it's shows the same profile after every 7 days even if yius end superlike the same profile will reappear again and then again your superlike is wasted ?? so question to Bumbble is how many active profile you have and show that profile only to paid member apart from wasting and shows improper profile of no use,App does not provide match easily and also took subscription and it's shows the same profile after every 7 days even if yius end superlike the same profile will reappear again and then again your superlike is wasted ?? so question to Bumbble is how many active profile you have and show that profile only to paid member apart from wasting and shows improper profile of no use,,,,,1,1,-0.778,0.035,0.138,0.827,negative
google_play,2026-05-15,,"Honestly, this is one of the more effective dating apps with a large community. Not as big as Hinge but I get a lot more real matches. That said, I have to rate the app itself very low. Hopefully not everyone has this experience but on Google Pixel 9, the app can be almost unusable. I don't have any issues with any other apps on Pixel 9, but with Bumble, the app is so hyper sensitive that it matches or swipes away without me even touching the screen. I have reported this bug many times.","Honestly, this is one of the more effective dating apps with a large community. Not as big as Hinge but I get a lot more real matches. That said, I have to rate the app itself very low. Hopefully not everyone has this experience but on Google Pixel 9, the app can be almost unusable. I don't have any issues with any other apps on Pixel 9, but with Bumble, the app is so hyper sensitive that it matches or swipes away without me even touching the screen. I have reported this bug many times.",,,,,2,0,0.6217,0.08,0.03,0.89,positive
google_play,2026-05-15,,My account was blocked after 1 day of use without reason,My account was blocked after 1 day of use without reason,,,,,1,1,-0.2732,0,0.174,0.826,negative
google_play,2026-05-15,,"came back after about a year and the app seems like it's less active. basic dealbreaker filters (substance use, children) are hidden behind a paywall, women no longer have to message first, subscriptions are hilariously expensive. the one positive thing I can say is that profiles can actually be useful and give an overview of what a person is like","came back after about a year and the app seems like it's less active. basic dealbreaker filters (substance use, children) are hidden behind a paywall, women no longer have to message first, subscriptions are hilariously expensive. the one positive thing I can say is that profiles can actually be useful and give an overview of what a person is like",,,,,2,2,0.8935,0.198,0.031,0.77,positive
google_play,2026-05-15,,"Another app claiming to be free to use, but realistically, you can't do anything in the app unless you pay. it advertises women are more prone to message you first with this app, but that's simply not true. Even if you match with someone, you can't see who they are, so you can't message them even if you wanted to. The app consistently shows me potential matches that are not in my preferences filter. Just more false hope and a waste of time in my experience.","Another app claiming to be free to use, but realistically, you can't do anything in the app unless you pay. it advertises women are more prone to message you first with this app, but that's simply not true. Even if you match with someone, you can't see who they are, so you can't message them even if you wanted to. The app consistently shows me potential matches that are not in my preferences filter. Just more false hope and a waste of time in my experience.",,,,,1,1,-0.2217,0.067,0.087,0.846,negative
google_play,2026-05-15,,ever since they got rid of wemon talk first it became pointless and allot worse off,ever since they got rid of wemon talk first it became pointless and allot worse off,,,,,1,1,-0.4767,0,0.171,0.829,negative
google_play,2026-05-15,,1. should be able to choose a location like Hinge instead selecting an entire state or district. 2. load so slow even in a medium speed wifi,1. should be able to choose a location like Hinge instead selecting an entire state or district. 2. load so slow even in a medium speed wifi,,,,,1,1,0.3612,0.088,0,0.912,positive
google_play,2026-05-15,,"Would have gave it a 5 but no option to filter using distance... Not everyone is interested in meeting someone many KM away from you. Introduce a distance filter! Reduced to 1 star.. This app intentionally hides you from being seen. Even on premium, liked over 100 profiles a day and you won't get a single like back.. Statistically impossible. Pay for spotlight, you still won't get seen.. Absolute scams","Would have gave it a 5 but no option to filter using distance... Not everyone is interested in meeting someone many KM away from you. Introduce a distance filter! Reduced to 1 star.. This app intentionally hides you from being seen. Even on premium, liked over 100 profiles a day and you won't get a single like back.. Statistically impossible. Pay for spotlight, you still won't get seen.. Absolute scams",,,,,1,2,-0.7832,0.082,0.175,0.743,negative
google_play,2026-05-15,,It's a trap never use,It's a trap never use,,,,,1,1,-0.3182,0,0.365,0.635,negative
google_play,2026-05-15,,"would be great if you had a way to connetc YouTube music, not Spotify","would be great if you had a way to connetc YouTube music, not Spotify",,,,,4,1,0.6249,0.24,0,0.76,positive
google_play,2026-05-15,,"Best in fake profiles, no distance filter.","Best in fake profiles, no distance filter.",,,,,1,1,-0.0258,0.311,0.393,0.296,neutral
google_play,2026-05-15,,"3 days stuck on ""Get Help"" and no matter I try it leads me to ""Help Hub"". It turns out I am Premium Subscriber and have waste 3 days of sub so far. No human support, no email, phone number, but a stupid trash AI chat. Deleting this app. Don't waste your time and money, no one will support you. Go to Inner Circle or Tinder.","3 days stuck on ""Get Help"" and no matter I try it leads me to ""Help Hub"". It turns out I am Premium Subscriber and have waste 3 days of sub so far. No human support, no email, phone number, but a stupid trash AI chat. Deleting this app. Don't waste your time and money, no one will support you. Go to Inner Circle or Tinder.",,,,,1,1,-0.5279,0.14,0.207,0.653,negative
google_play,2026-05-15,,"matched with 7 people today, doesn't let you speak to any of em, they aren't there to chat to instantly. must be some weird bug","matched with 7 people today, doesn't let you speak to any of em, they aren't there to chat to instantly. must be some weird bug",,,,,1,0,-0.1779,0,0.066,0.934,negative
google_play,2026-05-15,,"I find no matches for a month, useless app, even after taking paid versions, spotlights, and any other payments, it's just no use.","I find no matches for a month, useless app, even after taking paid versions, spotlights, and any other payments, it's just no use.",,,,,1,0,-0.7351,0,0.265,0.735,negative
google_play,2026-05-15,,profile verification does not work,profile verification does not work,,,,,1,0,0,0,0,1,neutral
google_play,2026-05-15,,"useless pay to play app, it seems your profile is not visible to others unless you pay these greedy devs","useless pay to play app, it seems your profile is not visible to others unless you pay these greedy devs",,,,,1,1,-0.5423,0.095,0.312,0.593,negative
google_play,2026-05-15,,"quick likes and matches, but $30 for a week to see your likes is INSANE","quick likes and matches, but $30 for a week to see your likes is INSANE",,,,,2,1,-0.0128,0.252,0.209,0.539,neutral
google_play,2026-05-15,,Algorithm is diabolical on this thing. If you are not a hot female be prepared to spend a lot of $ or don't bother.,Algorithm is diabolical on this thing. If you are not a hot female be prepared to spend a lot of $ or don't bother.,,,,,1,0,0.4471,0.152,0,0.848,positive
google_play,2026-05-15,,supposedly it just matches you with deleted accounts twice in a row. only matches I get are deleted accounts. seems like to much of coincidence to not be a issue. Jen the chatbot beats around the bush and is useless. dont bother with this app unless you want no contact because it matches you with deleted accounts only.,supposedly it just matches you with deleted accounts twice in a row. only matches I get are deleted accounts. seems like to much of coincidence to not be a issue. Jen the chatbot beats around the bush and is useless. dont bother with this app unless you want no contact because it matches you with deleted accounts only.,,,,,1,1,-0.0423,0.091,0.078,0.83,neutral
google_play,2026-05-15,,why do I have to pay to like someone who liked me 👎👎,why do I have to pay to like someone who liked me 👎👎,,,,,1,1,0.5994,0.269,0.071,0.66,positive
google_play,2026-05-15,,that's good,that's good,,,,,5,0,0.4404,0.744,0,0.256,positive
google_play,2026-05-15,,very safe app.,very safe app.,,,,,5,0,0.4927,0.615,0,0.385,positive
google_play,2026-05-15,,seems to be alot better than the other apps I've tryed not everything is locked behind a pay wall for the broke people out there,seems to be alot better than the other apps I've tryed not everything is locked behind a pay wall for the broke people out there,,,,,4,0,-0.0772,0.1,0.144,0.756,negative
google_play,2026-05-15,,"Why do I have to go through the stupid captcha everytime I log into my account? I uninstalled the app. Honestly, being a monk and attaining nirvana might be a path with less frustrations than using this app. On my way to the Himalayas.","Why do I have to go through the stupid captcha everytime I log into my account? I uninstalled the app. Honestly, being a monk and attaining nirvana might be a path with less frustrations than using this app. On my way to the Himalayas.",,,,,1,1,-0.4779,0.06,0.122,0.818,negative
google_play,2026-05-15,,This doesn't seem to be a very active app. Its a waste of time in my opinion.,This doesn't seem to be a very active app. Its a waste of time in my opinion.,,,,,1,1,0.0498,0.144,0.135,0.721,neutral
google_play,2026-05-15,,"for some reason I meet a lot of great women on other dating sites, but i have never had a match on bumble. I dont know why. maybe im doing it wrong or maybe all the girls on here have crazy high standards, but I think bumble hides your page and likes unless you pay for premium membership. this is the worst dating app iv found.","for some reason I meet a lot of great women on other dating sites, but i have never had a match on bumble. I dont know why. maybe im doing it wrong or maybe all the girls on here have crazy high standards, but I think bumble hides your page and likes unless you pay for premium membership. this is the worst dating app iv found.",,,,,1,5,-0.8834,0.076,0.202,0.721,negative
google_play,2026-05-15,,"After the last update the refresh of messages list is for garbage. You must do more smoothly the section of messages. Also if you scroll down to see old messages and you open one and then close, it returns to the top of the list and no in the point you stopped. So annoying. Fix it urgently","After the last update the refresh of messages list is for garbage. You must do more smoothly the section of messages. Also if you scroll down to see old messages and you open one and then close, it returns to the top of the list and no in the point you stopped. So annoying. Fix it urgently",,,,,1,0,-0.6995,0.029,0.122,0.849,negative
google_play,2026-05-15,,These crazy people want $50 a month for premium. Best I'll do is $15.,These crazy people want $50 a month for premium. Best I'll do is $15.,,,,,1,1,0.4767,0.291,0.127,0.582,positive
google_play,2026-05-15,,"Bumble Premium/Premium+ is not worth the cost. The quality of matches isn’t great, and the paid features don’t make any real difference. I didn’t see any improvement at all, just wasted money.","Bumble Premium/Premium+ is not worth the cost. The quality of matches isn’t great, and the paid features don’t make any real difference. I didn’t see any improvement at all, just wasted money.",,,,,1,23,0.4997,0.178,0.122,0.701,positive
google_play,2026-05-15,,they're about to replace swiping with AI matches. When this happens I'm deleting it.,they're about to replace swiping with AI matches. When this happens I'm deleting it.,,,,,1,3,0,0,0,1,neutral
google_play,2026-05-14,,they're implementing garbage AI,they're implementing garbage AI,,,,,1,1,0,0,0,1,neutral
google_play,2026-05-14,,waste of time and money don't even feel like there's real people talking to you I don't recommend it,waste of time and money don't even feel like there's real people talking to you I don't recommend it,,,,,2,1,-0.7202,0,0.305,0.695,negative
google_play,2026-05-14,,lost to the AI slop monster,lost to the AI slop monster,,,,,1,1,-0.3182,0,0.315,0.685,negative
google_play,2026-05-14,,"Do NOT pay for this app to see likes if you are looking for women. 95-100% of the likes will be from Africa or Southeast Asia. It is HIGHLY unlikely they will be from the US or wherever you live. Premium is also overpriced for the features available, and a lot of profiles seem to be inactive or for walking red flags for many reasons (not personal disagreements, but more like you might end up robbed, stabbed, or both). This app does not feel like a safe place to meet women.","Do NOT pay for this app to see likes if you are looking for women. 95-100% of the likes will be from Africa or Southeast Asia. It is HIGHLY unlikely they will be from the US or wherever you live. Premium is also overpriced for the features available, and a lot of profiles seem to be inactive or for walking red flags for many reasons (not personal disagreements, but more like you might end up robbed, stabbed, or both). This app does not feel like a safe place to meet women.",,,,,1,1,0.6847,0.137,0.063,0.801,positive
google_play,2026-05-14,,"you guys are very unreasonable, requesting so many ID verification and I even tried showing you my NIN which is widely known in Nigeria but you kept telling me its not recognised and closed my account, that's very bad!!!","you guys are very unreasonable, requesting so many ID verification and I even tried showing you my NIN which is widely known in Nigeria but you kept telling me its not recognised and closed my account, that's very bad!!!",,,,,5,0,-0.7944,0,0.138,0.862,negative
google_play,2026-05-14,,I really enjoy,I really enjoy,,,,,5,0,0.5413,0.636,0,0.364,positive
google_play,2026-05-14,,there's no support. it says I have a subscription awaiting approval. it's stuck on that screen whenever I want to sign up. said I will be contacted in 24-48hrs but no contact. I'm writing something here in hopes I get contacted.,there's no support. it says I have a subscription awaiting approval. it's stuck on that screen whenever I want to sign up. said I will be contacted in 24-48hrs but no contact. I'm writing something here in hopes I get contacted.,,,,,2,1,0.2432,0.144,0.124,0.732,positive
google_play,2026-05-14,,"A scam like all the others. Have to pay insane fees to access anything useful. And now they're abandoning swiping in favor of ""AI matching"". That will be terrible. Good riddance to this garbage.","A scam like all the others. Have to pay insane fees to access anything useful. And now they're abandoning swiping in favor of ""AI matching"". That will be terrible. Good riddance to this garbage.",,,,,1,1,-0.3612,0.222,0.273,0.505,negative
google_play,2026-05-14,,My profile was suddenly blocked without any warning or specific reasons why.,My profile was suddenly blocked without any warning or specific reasons why.,,,,,1,1,-0.0165,0.144,0.149,0.707,neutral
google_play,2026-05-14,,bahut kharab hai,bahut kharab hai,,,,,1,0,0,0,0,1,neutral
google_play,2026-05-14,,Wow what a scam. 60 dollars they want... Per month. I can't see who liked me to see if I want to like them back. I can't chat with who liked me. Huge waste of time unless you are rich. I can't even put into words what a joke this is.,Wow what a scam. 60 dollars they want... Per month. I can't see who liked me to see if I want to like them back. I can't chat with who liked me. Huge waste of time unless you are rich. I can't even put into words what a joke this is.,,,,,1,1,0.8388,0.288,0.129,0.583,positive
google_play,2026-05-14,,"if you noticed that the 5 star reviews for this app seem fake and automated, it's because they are. The profiles are also fake. Everything about the app is fake except for the money you spend on it. If you notice Bumble's stock price, it's been plummeting. They will rip you off, lie, cheat, and steal every penny from you using fake profiles and fraud until they finally go out of business. They use fraud, and refuse refunds. Bumble should be sued heavily.","if you noticed that the 5 star reviews for this app seem fake and automated, it's because they are. The profiles are also fake. Everything about the app is fake except for the money you spend on it. If you notice Bumble's stock price, it's been plummeting. They will rip you off, lie, cheat, and steal every penny from you using fake profiles and fraud until they finally go out of business. They use fraud, and refuse refunds. Bumble should be sued heavily.",,,,,1,3,-0.9806,0,0.277,0.723,negative
google_play,2026-05-14,,Disgusting verification takes forever just to creat an account,Disgusting verification takes forever just to creat an account,,,,,1,1,-0.5267,0,0.298,0.702,negative
google_play,2026-05-14,,if there was a way to sue a dating app and get my money back I would Bumble is too expensive and I feel like I have been robbed of $70 for a month none of the perks work on here it says I got noticed when I did the spotlight but I cant see the viewers and the super likes do not work or do the notes out of all the dating apps ive been on I would recommend POF so much cheaper than Bumble and get more perks with your package,if there was a way to sue a dating app and get my money back I would Bumble is too expensive and I feel like I have been robbed of $70 for a month none of the perks work on here it says I got noticed when I did the spotlight but I cant see the viewers and the super likes do not work or do the notes out of all the dating apps ive been on I would recommend POF so much cheaper than Bumble and get more perks with your package,,,,,1,1,0.9331,0.136,0,0.864,positive
google_play,2026-05-14,,only purchase,only purchase,,,,,1,0,0,0,0,1,neutral
google_play,2026-05-14,,this app was the getting charges foolish service which I've seen here after paid their subscription plans we never replied to anyone i am not recommend to any one it's a waste of money as well time also app just wants to spend time over the interface that's it,this app was the getting charges foolish service which I've seen here after paid their subscription plans we never replied to anyone i am not recommend to any one it's a waste of money as well time also app just wants to spend time over the interface that's it,,,,,2,0,-0.7193,0.038,0.165,0.797,negative
google_play,2026-05-14,,esh pr koi acha kam nhi hinge best esh ki jgah to,esh pr koi acha kam nhi hinge best esh ki jgah to,,,,,1,0,0.6369,0.276,0,0.724,positive
google_play,2026-05-14,,dating apps feel abusive,dating apps feel abusive,,,,,2,1,-0.6369,0,0.583,0.417,negative
google_play,2026-05-14,,"worst, dumbest verification ever","worst, dumbest verification ever",,,,,1,1,-0.8126,0,0.787,0.213,negative
google_play,2026-05-14,,"this app auto charge to my shoppe paylater, i only pay using my gopay, how did you dare charge to shoppe paylater? who give you permission ?? this app desperate to get money? i already canceled it but why it still auto charge? becarefull people, this is nonsense, give me back my money!","this app auto charge to my shoppe paylater, i only pay using my gopay, how did you dare charge to shoppe paylater? who give you permission ?? this app desperate to get money? i already canceled it but why it still auto charge? becarefull people, this is nonsense, give me back my money!",,,,,1,0,-0.7685,0,0.133,0.867,negative
google_play,2026-05-14,,Dating is not just talking to somebody on the app. Plus women never start the conversation. Like all apps today involved with dating they block exchange of direct contact information like phone number email etc. I've been on this app for several years now. I come back to it every so often hoping something has changed. But like all the others it's just a scam.,Dating is not just talking to somebody on the app. Plus women never start the conversation. Like all apps today involved with dating they block exchange of direct contact information like phone number email etc. I've been on this app for several years now. I come back to it every so often hoping something has changed. But like all the others it's just a scam.,,,,,1,1,-0.0157,0.133,0.093,0.774,neutral
google_play,2026-05-14,,"you have to pay for everything, its definitely predatory behavior, as women will ""like"" when you dont have a monthly subscription and you cant see them, but once you buy a membership the ""LIKES"" magically stop appearing, even if you use their boost feature. I had more interest pop up when I didn't pay for a membership. so they are definitely either fake profiles just to gain your attention or they are doing it on purpose in order to get you to sign up. disgusting behavior","you have to pay for everything, its definitely predatory behavior, as women will ""like"" when you dont have a monthly subscription and you cant see them, but once you buy a membership the ""LIKES"" magically stop appearing, even if you use their boost feature. I had more interest pop up when I didn't pay for a membership. so they are definitely either fake profiles just to gain your attention or they are doing it on purpose in order to get you to sign up. disgusting behavior",,,,,1,2,0.9278,0.233,0.113,0.654,positive
google_play,2026-05-14,,Just like all the other apps and u have to pay to see who liked u which won't matter because people don't know how to communicate.,Just like all the other apps and u have to pay to see who liked u which won't matter because people don't know how to communicate.,,,,,1,1,0.5894,0.178,0.083,0.739,positive
google_play,2026-05-14,,I'm just now checking it out looks good so fare,I'm just now checking it out looks good so fare,,,,,5,0,0.4404,0.244,0,0.756,positive
google_play,2026-05-14,,Practically NOTHING is free on this app.,Practically NOTHING is free on this app.,,,,,1,1,-0.4023,0,0.311,0.689,negative
google_play,2026-05-14,,"I will never use again, getting rid of the swipe option and shoving AI down our throats is not the way to go. having AI avatars meet and if they click then it will let us know??? y'all have lost the dang plot. good bye bumble!","I will never use again, getting rid of the swipe option and shoving AI down our throats is not the way to go. having AI avatars meet and if they click then it will let us know??? y'all have lost the dang plot. good bye bumble!",,,,,1,1,0.3468,0.075,0.046,0.879,positive
google_play,2026-05-14,,"terrible app , very biased and maybe won't get matches . Don't take premium just waste of money","terrible app , very biased and maybe won't get matches . Don't take premium just waste of money",,,,,1,1,-0.807,0,0.356,0.644,negative
google_play,2026-05-14,,"1 star. Terrible experience. I signed up, uploaded normal photos of myself, and then got locked out during photo verification for no clear reason. Their facial recognition technology is awful. I literally took the verification selfies in the same pose, same clothes, same person, and the app still couldn’t recognize me. Imagine an app failing to identify the exact same person standing in front of the camera. Support was slow and mostly automated, with no real help or transparency. Not recommended","1 star. Terrible experience. I signed up, uploaded normal photos of myself, and then got locked out during photo verification for no clear reason. Their facial recognition technology is awful. I literally took the verification selfies in the same pose, same clothes, same person, and the app still couldn’t recognize me. Imagine an app failing to identify the exact same person standing in front of the camera. Support was slow and mostly automated, with no real help or transparency. Not recommended",,,,,1,1,-0.9175,0.029,0.189,0.782,negative
google_play,2026-05-14,,"Just a bunch of bots, scammers and inactive profiles now. This app is essentially a scam at this point. What an insane rip off","Just a bunch of bots, scammers and inactive profiles now. This app is essentially a scam at this point. What an insane rip off",,,,,1,1,-0.7506,0,0.225,0.775,negative
google_play,2026-05-14,,"bumble feature now is the worst. boost not effective, we even cannot see the new likes, the menu is mess. only recently active, really into you and all likes (when i clicked all likes; no new like appear, just old likes there). so buying premium and boost are useless. and please use the old appearance of grid menu for likes list. i usually accidentally like people in my like list when i scroll up the list. this is not user friendly anymore","bumble feature now is the worst. boost not effective, we even cannot see the new likes, the menu is mess. only recently active, really into you and all likes (when i clicked all likes; no new like appear, just old likes there). so buying premium and boost are useless. and please use the old appearance of grid menu for likes list. i usually accidentally like people in my like list when i scroll up the list. this is not user friendly anymore",,,,,1,1,0.7968,0.259,0.187,0.554,positive
google_play,2026-05-14,,Only for premium members,Only for premium members,,,,,1,1,0,0,0,1,neutral
google_play,2026-05-14,,"i am facing opt issue, i am not able to receive opt during registration process","i am facing opt issue, i am not able to receive opt during registration process",,,,,1,1,0,0,0,1,neutral
google_play,2026-05-14,,I subscribed but guess what it's taking forever to load,I subscribed but guess what it's taking forever to load,,,,,1,1,0,0,0,1,neutral
google_play,2026-05-14,,too expensuve for disabled people to use nurodiversity makes dating difficult as it is without being extorted to make a conection for an extream fee,too expensuve for disabled people to use nurodiversity makes dating difficult as it is without being extorted to make a conection for an extream fee,,,,,1,1,-0.3612,0,0.094,0.906,negative
google_play,2026-05-14,,I would rated zero stars if I could. they decided to block my account and did not give me an explanation. I have to absolutely nothing at violates their guidelines.,I would rated zero stars if I could. they decided to block my account and did not give me an explanation. I have to absolutely nothing at violates their guidelines.,,,,,1,1,0.017,0.088,0.086,0.827,neutral
google_play,2026-05-14,,"I'll be honest, I wasn't expecting much. But I matched with someone on here who is now the mother of my son and my fiancée. We met on Bumble, built something real, and I proposed to her last week. If that's not a five-star review, I don't know what is. Don't sleep on this app.","I'll be honest, I wasn't expecting much. But I matched with someone on here who is now the mother of my son and my fiancée. We met on Bumble, built something real, and I proposed to her last week. If that's not a five-star review, I don't know what is. Don't sleep on this app.",,,,,5,0,0.2846,0.038,0,0.962,positive
google_play,2026-05-14,,"I have used this app for over a year. Never got matches or dates or Matt anyon. You might get one match. If you pay the monthly ascription if you don't pay, you are ignored. Like you do not exist so, your options become either pay and get nothing. But fake profiles, or if you do get a real profile, they are mentally unstable. Or don't pay and just be ignored. A huge waste of time and money and don't recommend","I have used this app for over a year. Never got matches or dates or Matt anyon. You might get one match. If you pay the monthly ascription if you don't pay, you are ignored. Like you do not exist so, your options become either pay and get nothing. But fake profiles, or if you do get a real profile, they are mentally unstable. Or don't pay and just be ignored. A huge waste of time and money and don't recommend",,,,,1,1,-0.7177,0.11,0.173,0.717,negative
google_play,2026-05-14,,"Everything's behind a pay wall. a very very expensive pay wall. I have 20 likes. but can't see them unless I pay or happen on them in the feed. Then I go through like 6 people on the feed and ""you've seen everyone"". Brother i have 20 likes. Eventually, if you get on like 5 times a day and scroll through the refreshed feed you can start to get the likes down. But you also never know who liked you the entire time until after you swiped😑terrible app. Use Hinge","Everything's behind a pay wall. a very very expensive pay wall. I have 20 likes. but can't see them unless I pay or happen on them in the feed. Then I go through like 6 people on the feed and ""you've seen everyone"". Brother i have 20 likes. Eventually, if you get on like 5 times a day and scroll through the refreshed feed you can start to get the likes down. But you also never know who liked you the entire time until after you swiped😑terrible app. Use Hinge",,,,,1,1,0.8893,0.149,0.069,0.783,positive
google_play,2026-05-14,,"This app has to be one of, if not THE worst dating apps out there. I've been using using Bumble for almost two years now, and I've gotten maybe 3 matches during that time. With that being said, I am a young adult male looking for a serious long-term relationship with a female (I know. Keep dreaming, right?). I've even tried getting their predatory membership and still nothing. Furthermore, and to close off, I paid for that membership and didn't even get the promised benefits. Horrible 0/10","This app has to be one of, if not THE worst dating apps out there. I've been using using Bumble for almost two years now, and I've gotten maybe 3 matches during that time. With that being said, I am a young adult male looking for a serious long-term relationship with a female (I know. Keep dreaming, right?). I've even tried getting their predatory membership and still nothing. Furthermore, and to close off, I paid for that membership and didn't even get the promised benefits. Horrible 0/10",,,,,1,0,0.5565,0.088,0.05,0.861,positive
google_play,2026-05-13,,one of the worst apps.. barely loads.. fake profiles,one of the worst apps.. barely loads.. fake profiles,,,,,1,1,-0.7859,0,0.497,0.503,negative
google_play,2026-05-13,,"Phony numbers of hidden likes to get you to pay. So stupid, virtually useless, it shows you people who live elsewhere if they happen to be in your area on a trip, and shows the same people you've already swiped! Becomes useless after the first month. Allows only short profiles. More and more ads, lol, must be another Millennial/Genz jerkoff run company. Too many come-ons for upsells like stupid ""compliments""","Phony numbers of hidden likes to get you to pay. So stupid, virtually useless, it shows you people who live elsewhere if they happen to be in your area on a trip, and shows the same people you've already swiped! Becomes useless after the first month. Allows only short profiles. More and more ads, lol, must be another Millennial/Genz jerkoff run company. Too many come-ons for upsells like stupid ""compliments""",,,,,1,4,-0.6421,0.127,0.175,0.698,negative
google_play,2026-05-13,,"It lacks the most basic function of any dating app : To see who liked your profile. you need to pay a hefty amount for this whilst other apps offer it for free. Every profile gets 30likes and there's no way to comment and express your opinion in every picture, your like is submerged under thousands of profiles and to see those profiles, you need to pay. Absolutely worse marketing move. probably watching an ad for 10 like reveal would make sense and generate revenue but bumble team is just greedy","It lacks the most basic function of any dating app : To see who liked your profile. you need to pay a hefty amount for this whilst other apps offer it for free. Every profile gets 30likes and there's no way to comment and express your opinion in every picture, your like is submerged under thousands of profiles and to see those profiles, you need to pay. Absolutely worse marketing move. probably watching an ad for 10 like reveal would make sense and generate revenue but bumble team is just greedy",,,,,1,1,-0.1522,0.076,0.093,0.831,negative
google_play,2026-05-13,,Online dating is bad enough without also turning it into another AI slop app. Shame on you for removing even more humanity from the process.,Online dating is bad enough without also turning it into another AI slop app. Shame on you for removing even more humanity from the process.,,,,,1,1,-0.765,0,0.223,0.777,negative
google_play,2026-05-13,,"***STAY AWAY FROM THIS APP*** One of the worst dating apps i've used. Stated miles of how far another user is away from me is incorrect by up to 20 miles sometimes, membership isn't worth its cost, app has a very high number of FAKE/SCAM profiles and you get very few quality matches or responses. The amount of profiles you're presented with is heavily controled and you get more likes etc when you're not subscribed.","***STAY AWAY FROM THIS APP*** One of the worst dating apps i've used. Stated miles of how far another user is away from me is incorrect by up to 20 miles sometimes, membership isn't worth its cost, app has a very high number of FAKE/SCAM profiles and you get very few quality matches or responses. The amount of profiles you're presented with is heavily controled and you get more likes etc when you're not subscribed.",,,,,1,71,-0.272,0.057,0.071,0.872,negative
google_play,2026-05-13,,4 like limit per day is ridiculous. make money but not like this,4 like limit per day is ridiculous. make money but not like this,,,,,1,0,-0.395,0.108,0.273,0.619,negative
google_play,2026-05-13,,"I think you would encourage people to pay for subscription if you were able to see your likes. If there's someone of interest, they're going to renew so they can chat","I think you would encourage people to pay for subscription if you were able to see your likes. If there's someone of interest, they're going to renew so they can chat",,,,,2,1,0.8271,0.243,0.037,0.72,positive
google_play,2026-05-13,,Tbh.... Shows me people very distant from the likes I give. The algorithm takes its sweet time,Tbh.... Shows me people very distant from the likes I give. The algorithm takes its sweet time,,,,,3,0,0.7003,0.279,0,0.721,positive
google_play,2026-05-13,,worst experience... they just block profile randomly! absolutely insane!!!!¡!!!!!,worst experience... they just block profile randomly! absolutely insane!!!!¡!!!!!,,,,,1,0,-0.8469,0,0.539,0.461,negative
google_play,2026-05-13,,batter application,batter application,,,,,5,0,0,0,0,1,neutral
google_play,2026-05-13,,hardly nothing happens and got ride of my super swipe and compliments before I even used them,hardly nothing happens and got ride of my super swipe and compliments before I even used them,,,,,1,0,0.765,0.306,0,0.694,positive
google_play,2026-05-13,,salo kuch hota to hai nhi!!,salo kuch hota to hai nhi!!,,,,,1,0,0,0,0,1,neutral
google_play,2026-05-13,,way too much money,way too much money,,,,,1,1,0,0,0,1,neutral
google_play,2026-05-13,,we don't want ai...,we don't want ai...,,,,,2,1,-0.0572,0,0.289,0.711,negative
google_play,2026-05-13,,"I liked the idea at first. But, the constant reminders that you're not attractive made me uninstall the app. If I just created my profile and within a week you're saying that it's stale and it needs to be ""refreshed"" you're calling me ugly. I'm not stupid, no one is engaging in my profile. Tell me the truth, don't sugarcoat the engagement fallacy. The answer is not ""refresh my profile"" it's ""delete the app"" and stop wasting my time. Also, we all see what you're doing with the fake profiles.","I liked the idea at first. But, the constant reminders that you're not attractive made me uninstall the app. If I just created my profile and within a week you're saying that it's stale and it needs to be ""refreshed"" you're calling me ugly. I'm not stupid, no one is engaging in my profile. Tell me the truth, don't sugarcoat the engagement fallacy. The answer is not ""refresh my profile"" it's ""delete the app"" and stop wasting my time. Also, we all see what you're doing with the fake profiles.",,,,,1,1,-0.7804,0.142,0.184,0.674,negative
google_play,2026-05-13,,"Mało ludzi, łapie mi jakieś same kobiety z Warszawy, gdzie ja mieszkam 220 km od niej. Puste matche, osoby odpowiadające jednym słowem. To już chyba nie wina appki, tylko społeczna.","Mało ludzi, łapie mi jakieś same kobiety z Warszawy, gdzie ja mieszkam 220 km od niej. Puste matche, osoby odpowiadające jednym słowem. To już chyba nie wina appki, tylko społeczna.",,,,,1,1,0,0,0,1,neutral
google_play,2026-05-13,,BUMBLE WORKING TOO SLOW ITS TAKE LONG TIME THIS PROBLEM HAPPENING FROM LAST 5 DAYS,BUMBLE WORKING TOO SLOW ITS TAKE LONG TIME THIS PROBLEM HAPPENING FROM LAST 5 DAYS,,,,,1,0,-0.6176,0,0.224,0.776,negative
google_play,2026-05-13,,No filtering by location. Why would I want to match with someone who's 300+ km away.,No filtering by location. Why would I want to match with someone who's 300+ km away.,,,,,1,1,-0.2263,0.074,0.126,0.8,negative
google_play,2026-05-13,,"i literally went to take a nap and come back a blocked account saying im trying to sell stuff. Then their AI review and stayed the ban within 3mins Since you cant login, support doesnt work. Email them doesnt reply. Reddit no response. Took the money for subscription and blocked my account. Took no actions on real scam accounts but punished ppl who got falsely reported","i literally went to take a nap and come back a blocked account saying im trying to sell stuff. Then their AI review and stayed the ban within 3mins Since you cant login, support doesnt work. Email them doesnt reply. Reddit no response. Took the money for subscription and blocked my account. Took no actions on real scam accounts but punished ppl who got falsely reported",,,,,1,3,-0.8894,0.019,0.201,0.779,negative
google_play,2026-05-13,,"When trying to open a new account, after entering my number, no OTP comes to number.","When trying to open a new account, after entering my number, no OTP comes to number.",,,,,1,0,-0.1531,0.146,0.124,0.73,negative
google_play,2026-05-13,,"App not working at all, just see loading page. Tried reporting error through the app but not loading. Samsung s26 ultra since 10/05/26","App not working at all, just see loading page. Tried reporting error through the app but not loading. Samsung s26 ultra since 10/05/26",,,,,1,0,-0.2144,0,0.078,0.922,negative
google_play,2026-05-13,,I found the sweetest guy on this app. thank you so much💗,I found the sweetest guy on this app. thank you so much💗,,,,,5,0,0.8378,0.448,0,0.552,positive
google_play,2026-05-13,,"Dating apps are not created people to meet each other, they are created to earn money So in this app - you install it and see people that are completely not suitable for you. Ok - you pay for subscription. You see likes, but - surprise - you receive it for may be 2-3 days. Then almost zero. Because -ofc - you need to pay for ""stand out"" - additionally to the subscription fee. So guys if you're normal let's somehow meet in real life. Apps just spend your time and money with 0 output","Dating apps are not created people to meet each other, they are created to earn money So in this app - you install it and see people that are completely not suitable for you. Ok - you pay for subscription. You see likes, but - surprise - you receive it for may be 2-3 days. Then almost zero. Because -ofc - you need to pay for ""stand out"" - additionally to the subscription fee. So guys if you're normal let's somehow meet in real life. Apps just spend your time and money with 0 output",,,,,1,3,0.5393,0.077,0.042,0.882,positive
google_play,2026-05-13,,its average,its average,,,,,3,0,0,0,0,1,neutral
google_play,2026-05-13,,"Not actually finding those with commonalities. Not impressed with the options. The only version worth using is paid, and if my options aren't great, who wants to pay? You can't see who likes you unless you pay. When I finally DO match with someone, they have 24 hours to reply. People have lives, they don't check it every day. Otherwise, surprise surprise, you have to pay. It's also super expensive, like unreasonably so. It's all a money grab.","Not actually finding those with commonalities. Not impressed with the options. The only version worth using is paid, and if my options aren't great, who wants to pay? You can't see who likes you unless you pay. When I finally DO match with someone, they have 24 hours to reply. People have lives, they don't check it every day. Otherwise, surprise surprise, you have to pay. It's also super expensive, like unreasonably so. It's all a money grab.",,,,,1,1,0.2778,0.136,0.135,0.729,positive
google_play,2026-05-13,,not good app,not good app,,,,,1,0,-0.3412,0,0.546,0.454,negative
google_play,2026-05-13,,worst app not good it is totally fake,worst app not good it is totally fake,,,,,1,0,-0.872,0,0.664,0.336,negative
google_play,2026-05-13,,useless rubbish,useless rubbish,,,,,1,0,-0.4215,0,0.737,0.263,negative
google_play,2026-05-13,,micro transaction trickery pay to play like tinder,micro transaction trickery pay to play like tinder,,,,,1,1,0.34,0.395,0.282,0.323,positive
google_play,2026-05-13,,waste of time waste of money completely fake this is money heating machine they realise you some people like you but completely fake don't trust it,waste of time waste of money completely fake this is money heating machine they realise you some people like you but completely fake don't trust it,,,,,1,1,-0.915,0.048,0.401,0.551,negative
google_play,2026-05-13,,good app toeet new friends,good app toeet new friends,,,,,5,0,0.7184,0.667,0,0.333,positive
google_play,2026-05-13,,fun to meet new people,fun to meet new people,,,,,4,0,0.5106,0.452,0,0.548,positive
google_play,2026-05-13,,registration process is so involved. I'm gonna use different apps,registration process is so involved. I'm gonna use different apps,,,,,1,0,0,0,0,1,neutral
google_play,2026-05-13,,they need to let people delete all their photos before deleting their profile.,they need to let people delete all their photos before deleting their profile.,,,,,3,1,0,0,0,1,neutral
google_play,2026-05-13,,"I’m living in Mumbai and purchased Bumble Premium Plus with extra Super Likes. I used filters from 18–80+ and distance up to 161km+, swiping across MH, GJ, MP, KA, OD, TN, TS, UP, etc and completed all women. I verified my profile and even I compared it with 50+ male profiles, still my profile is strong, but still got no single matches. After spending money, the app feels more like a money-making platform than a real dating app. Totally frustrating and time-wasting experience. 😡😡😡","I’m living in Mumbai and purchased Bumble Premium Plus with extra Super Likes. I used filters from 18–80+ and distance up to 161km+, swiping across MH, GJ, MP, KA, OD, TN, TS, UP, etc and completed all women. I verified my profile and even I compared it with 50+ male profiles, still my profile is strong, but still got no single matches. After spending money, the app feels more like a money-making platform than a real dating app. Totally frustrating and time-wasting experience. 😡😡😡",,,,,1,0,0.2732,0.102,0.071,0.828,positive
google_play,2026-05-13,,"The quality of people on here is good, but the app is very prone to glitching. At least once a day, it will show me a new profile only to snatch it away before I can swipe anything. It is extremely frustrating.","The quality of people on here is good, but the app is very prone to glitching. At least once a day, it will show me a new profile only to snatch it away before I can swipe anything. It is extremely frustrating.",,,,,2,0,-0.517,0.042,0.093,0.865,negative
google_play,2026-05-13,,READ THIS!!!!!!! AVOID THIS APP. This app bans members for NO REASON and I tested it. I reported another member on Bumble for a fake reason. I simply lied. I made a fake report about another member and Bumble emailed me 3 days later and they said they banned that member based on my report which was actually a fake report. That proves you can lie about anyone and Bumble will ban that person based on what you said about them. BUMBLE MAKES NO EFFORT AT ALL TO CONFIRM if the user reports are true.,READ THIS!!!!!!! AVOID THIS APP. This app bans members for NO REASON and I tested it. I reported another member on Bumble for a fake reason. I simply lied. I made a fake report about another member and Bumble emailed me 3 days later and they said they banned that member based on my report which was actually a fake report. That proves you can lie about anyone and Bumble will ban that person based on what you said about them. BUMBLE MAKES NO EFFORT AT ALL TO CONFIRM if the user reports are true.,,,,,1,1,-0.9768,0.024,0.245,0.731,negative
google_play,2026-05-13,,yea no don't AI my personality,yea no don't AI my personality,,,,,1,1,-0.296,0,0.306,0.694,negative
google_play,2026-05-13,,"Deleted when they announced they would be heavily using AI, an absolute no from me, big deal breaker.","Deleted when they announced they would be heavily using AI, an absolute no from me, big deal breaker.",,,,,1,1,-0.296,0,0.115,0.885,negative
google_play,2026-05-13,,"The algorithm is built to prioritize microtransactions. It's pay to play, and even when you do, it's hit or miss. Delete this app","The algorithm is built to prioritize microtransactions. It's pay to play, and even when you do, it's hit or miss. Delete this app",,,,,1,1,0.1027,0.094,0.118,0.787,positive
google_play,2026-05-13,,"killing boredom, this app will entertaining","killing boredom, this app will entertaining",,,,,5,0,-0.5859,0.23,0.532,0.238,negative
google_play,2026-05-12,,Didn't need an app or AI to find someone! Go outside folks! Find a hobby group!,Didn't need an app or AI to find someone! Go outside folks! Find a hobby group!,,,,,1,1,0,0,0,1,neutral
google_play,2026-05-12,,AI supporting CEO,AI supporting CEO,,,,,1,1,0.4404,0.592,0,0.408,positive
google_play,2026-05-12,,"For more serious dating apps bumble has always been my fav. I just vibe most with the guys on here. And I also found some really good female friends as well. I think they did a great job and I can just spend hours looking through profiles, some of them are sooo funny ❤️😄","For more serious dating apps bumble has always been my fav. I just vibe most with the guys on here. And I also found some really good female friends as well. I think they did a great job and I can just spend hours looking through profiles, some of them are sooo funny ❤️😄",,,,,5,0,0.9704,0.315,0.021,0.664,positive
google_play,2026-05-12,,"Worst experience ever, I've had this app for almost 10 years with no success and can't believe it took me this long to delete it. Everyday I held on a little hope that maybe I'd finally match with someone that actually likes me and wants to get to know me. Almost all of the time I got a match, I got mislead, ghosted/blocked. The nerve of this company to charge you to see a potential match is just laughable and ridiculous. The only thing this app does is keep you single.","Worst experience ever, I've had this app for almost 10 years with no success and can't believe it took me this long to delete it. Everyday I held on a little hope that maybe I'd finally match with someone that actually likes me and wants to get to know me. Almost all of the time I got a match, I got mislead, ghosted/blocked. The nerve of this company to charge you to see a potential match is just laughable and ridiculous. The only thing this app does is keep you single.",,,,,1,1,-0.6112,0.065,0.095,0.84,negative
google_play,2026-05-12,,Me and a friend swiped on a eacher other and we did not have the match.Thats the proof they scam people to buy their products.Game over.,Me and a friend swiped on a eacher other and we did not have the match.Thats the proof they scam people to buy their products.Game over.,,,,,1,1,-0.128,0.104,0.12,0.777,negative
google_play,2026-05-12,,"every time i open the app it takes 15-30secs to load everything, I end up closing the app again and move to tinder..","every time i open the app it takes 15-30secs to load everything, I end up closing the app again and move to tinder..",,,,,1,0,0,0,0,1,neutral
google_play,2026-05-12,,"Horrifically slow app. Also, the few people who do match generally fail to initiate a conversation. In short, the app is a near complete waste of time and money.","Horrifically slow app. Also, the few people who do match generally fail to initiate a conversation. In short, the app is a near complete waste of time and money.",,,,,1,4,-0.8807,0,0.282,0.718,negative
google_play,2026-05-12,,"like every other dating app. that is to say: trash. Seriously, you have a better shot finding a lady by standing by the highway exit with a cardboard sign","like every other dating app. that is to say: trash. Seriously, you have a better shot finding a lady by standing by the highway exit with a cardboard sign",,,,,1,1,0.5719,0.163,0.051,0.785,positive
google_play,2026-05-12,,"They do not take complaints against men seriously. They will block a females account when a guy reports you in retaliation. I would never recommend this app to anyone actually looking for a date. The support staff just sends auto replies for any issues. I reported the same guy multiple times that just kept making new profiles. I had my profile block ""investigated"" and it was not overturned. There's nothing inappropriate in my profile. All excuses. The reply from bumble to this review is a joke.","They do not take complaints against men seriously. They will block a females account when a guy reports you in retaliation. I would never recommend this app to anyone actually looking for a date. The support staff just sends auto replies for any issues. I reported the same guy multiple times that just kept making new profiles. I had my profile block ""investigated"" and it was not overturned. There's nothing inappropriate in my profile. All excuses. The reply from bumble to this review is a joke.",,,,,1,1,-0.351,0.075,0.1,0.825,negative
google_play,2026-05-12,,its a total scam towards men. no thanks,its a total scam towards men. no thanks,,,,,1,3,-0.7506,0,0.516,0.484,negative
google_play,2026-05-12,,"When swipping down in the people likes you, it is not fast while swipping.","When swipping down in the people likes you, it is not fast while swipping.",,,,,4,0,0.4215,0.177,0,0.823,positive
google_play,2026-05-12,,"""There's been ○ little glitch Things should be up and running again in just a moment. Please try restarting the app to move things along."" I don't know why. What is this?","""There's been ○ little glitch Things should be up and running again in just a moment. Please try restarting the app to move things along."" I don't know why. What is this?",,,,,1,0,0.3182,0.069,0,0.931,positive
google_play,2026-05-12,,"worst app, took too much time to log in","worst app, took too much time to log in",,,,,1,0,-0.6249,0,0.339,0.661,negative
google_play,2026-05-12,,I've met some nice friends on here but I have to say that paying for the app actually does the opposite. I found more friends and had way more exposure when I DIDN'T have premium. Now I barely get any matches.,I've met some nice friends on here but I have to say that paying for the app actually does the opposite. I found more friends and had way more exposure when I DIDN'T have premium. Now I barely get any matches.,,,,,2,1,0.8196,0.183,0,0.817,positive
google_play,2026-05-12,,Sign up is too lengthy,Sign up is too lengthy,,,,,1,0,0,0,0,1,neutral
google_play,2026-05-12,,u ain't getting nowhere if u chopped,u ain't getting nowhere if u chopped,,,,,1,0,0,0,0,1,neutral
google_play,2026-05-12,,"cannot access to my account. tried to log in again after reset my phone and it does not accept my phone number anymore. I send email and it say to contact Jen, the assistant, in the app. how I can ask for assistance if I can't log in ????","cannot access to my account. tried to log in again after reset my phone and it does not accept my phone number anymore. I send email and it say to contact Jen, the assistant, in the app. how I can ask for assistance if I can't log in ????",,,,,1,1,-0.4299,0.025,0.061,0.914,negative
google_play,2026-05-12,,accounts are fake. no replies. Too much leeway for cowards. need to require everyone to become verified before making an account,accounts are fake. no replies. Too much leeway for cowards. need to require everyone to become verified before making an account,,,,,1,1,-0.6486,0,0.218,0.782,negative
google_play,2026-05-12,,"slow, can't open it as soon I got a message","slow, can't open it as soon I got a message",,,,,1,0,0,0,0,1,neutral
google_play,2026-05-12,,They ban you just because someone reports you. Hadn't spoken to anyone yet and had nothing inappropriate on profile. Edit: Don't care about your 100% BS reply. 2023 and the app is still garbage. 2026 the app is even worse,They ban you just because someone reports you. Hadn't spoken to anyone yet and had nothing inappropriate on profile. Edit: Don't care about your 100% BS reply. 2023 and the app is still garbage. 2026 the app is even worse,,,,,1,1,-0.8529,0,0.201,0.799,negative
google_play,2026-05-12,,This app has got good features but it's pretty much useless if the end user is not paying for their premium membership (can't even see who liked my profile if I'm not a premium member??),This app has got good features but it's pretty much useless if the end user is not paying for their premium membership (can't even see who liked my profile if I'm not a premium member??),,,,,4,1,0.7657,0.229,0.082,0.689,positive
google_play,2026-05-12,,"Stuck on verifying phone number page. Can't use the app. Tried reinstalling, clearing cache/storage, etc","Stuck on verifying phone number page. Can't use the app. Tried reinstalling, clearing cache/storage, etc",,,,,1,0,-0.1779,0.08,0.123,0.798,negative
google_play,2026-05-12,,paisa mang rha h,paisa mang rha h,,,,,2,0,0,0,0,1,neutral
google_play,2026-05-12,,worst app on decision making .... using an app for years and they do u dirty without proper check up Work on ur app properly and stop banning innocent account that are been accused by silly men,worst app on decision making .... using an app for years and they do u dirty without proper check up Work on ur app properly and stop banning innocent account that are been accused by silly men,,,,,1,0,-0.836,0.076,0.248,0.675,negative
google_play,2026-05-12,,I canceled my subscription long time ago but they keep charging me. Avoid this scam.,I canceled my subscription long time ago but they keep charging me. Avoid this scam.,,,,,1,1,-0.8709,0,0.405,0.595,negative
google_play,2026-05-12,,it take alot of annoying time before you create an account. waste of time,it take alot of annoying time before you create an account. waste of time,,,,,1,0,-0.5267,0.113,0.296,0.591,negative
google_play,2026-05-12,,Hey look the first person I matched was a chat ai bot who only responded to questions and none of what you said. This is pathetic and hardcore preying on men. Don't waste your money on this or any other dating app they are all using bots to thirst men or some kid in his basement. What a joke!,Hey look the first person I matched was a chat ai bot who only responded to questions and none of what you said. This is pathetic and hardcore preying on men. Don't waste your money on this or any other dating app they are all using bots to thirst men or some kid in his basement. What a joke!,,,,,1,1,-0.1179,0.075,0.057,0.868,negative
google_play,2026-05-12,,It's great and relevant link,It's great and relevant link,,,,,5,0,0.6249,0.506,0,0.494,positive
google_play,2026-05-12,,They take forever in renewing subscription,They take forever in renewing subscription,,,,,1,0,0,0,0,1,neutral
google_play,2026-05-12,,"SIGNED UP FOR PREMIUM+. ACCOUNT WENT ALL BUGGY AND COULDN'T ACCESS MY PROFILE TAB. UNINSTALLED AND REINSTALLED THE APP ONLY TO BE TOLD MY ACCOUNT DOESN'T EXIST. LOGGED IN WITH THE PHONE NUMBER BUT IT TRIED TO MAKE ME CREATE A NEW PROFILE. BEEN OVER A WEEK AND NOW I'M DOUBLE CHARGE FOR A SERVICE I CAN'T USE, I HAVE NO CONTACT WITH MATCHES, AND I CHANGED COUNTRIES ALREADY. NO ONE HAS RESOLVED THIS ISSUE AND I'M NOT GETTING ANSWERED WITHIN THE PROMISED 48HR WINDOW. WORST EXPERIENCE","SIGNED UP FOR PREMIUM+. ACCOUNT WENT ALL BUGGY AND COULDN'T ACCESS MY PROFILE TAB. UNINSTALLED AND REINSTALLED THE APP ONLY TO BE TOLD MY ACCOUNT DOESN'T EXIST. LOGGED IN WITH THE PHONE NUMBER BUT IT TRIED TO MAKE ME CREATE A NEW PROFILE. BEEN OVER A WEEK AND NOW I'M DOUBLE CHARGE FOR A SERVICE I CAN'T USE, I HAVE NO CONTACT WITH MATCHES, AND I CHANGED COUNTRIES ALREADY. NO ONE HAS RESOLVED THIS ISSUE AND I'M NOT GETTING ANSWERED WITHIN THE PROMISED 48HR WINDOW. WORST EXPERIENCE",,,,,1,3,-0.631,0.091,0.112,0.797,negative
google_play,2026-05-12,,Unable to sign in as they don't send the verification code,Unable to sign in as they don't send the verification code,,,,,1,0,0,0,0,1,neutral
google_play,2026-05-12,,"Shittiest algorithms used, the algo is designed in a way that forces you to pay for subscription. I'm not gonna fall for the trap, and you, who's reading the review, also don't fall for the trap unless you are very much desparate.","Shittiest algorithms used, the algo is designed in a way that forces you to pay for subscription. I'm not gonna fall for the trap, and you, who's reading the review, also don't fall for the trap unless you are very much desparate.",,,,,1,1,-0.8555,0,0.215,0.785,negative
google_play,2026-05-12,,I hate that I have to pay just to meet people,I hate that I have to pay just to meet people,,,,,4,0,-0.6249,0,0.362,0.638,negative
google_play,2026-05-12,,Worst app waste of time suddenly your account blocked not give you any reason and you don't take action against. Naa hi aapki suni jaygi aur na hi aapkk iska reason denge account kyu blocked kiya..,Worst app waste of time suddenly your account blocked not give you any reason and you don't take action against. Naa hi aapki suni jaygi aur na hi aapkk iska reason denge account kyu blocked kiya..,,,,,2,1,-0.8779,0,0.258,0.742,negative
google_play,2026-05-12,,"whats up with the scammers? i reported the scammers and willing to provide chat history, yet they still exist. and the apps loading is stuck for hours and hours, cant pay ur bills for data infrastructure or not many customers willing to pay to match scams?","whats up with the scammers? i reported the scammers and willing to provide chat history, yet they still exist. and the apps loading is stuck for hours and hours, cant pay ur bills for data infrastructure or not many customers willing to pay to match scams?",,,,,1,2,-0.7402,0.025,0.149,0.826,negative
google_play,2026-05-12,,not all will like the profile! even I spend for premium all useless,not all will like the profile! even I spend for premium all useless,,,,,1,0,-0.6372,0,0.321,0.679,negative
google_play,2026-05-12,,don't pay for a subscription . After paying there will be no match . They will side line your profile after payment,don't pay for a subscription . After paying there will be no match . They will side line your profile after payment,,,,,1,1,-0.2273,0.055,0.094,0.851,negative
google_play,2026-05-12,,worst experience they can't even issue a refund of my premium subscription they blocked my account within 24 hrs of creating I would never recommend bumble to anyone,worst experience they can't even issue a refund of my premium subscription they blocked my account within 24 hrs of creating I would never recommend bumble to anyone,,,,,1,1,-0.7278,0.064,0.241,0.695,negative
google_play,2026-05-12,,"it uses Google, but doesnt check age using that? I dont have an ID yet because of my parents being annoying","it uses Google, but doesnt check age using that? I dont have an ID yet because of my parents being annoying",,,,,1,0,-0.5499,0,0.151,0.849,negative
google_play,2026-05-12,,One of the most pro dating apps,One of the most pro dating apps,,,,,5,0,0,0,0,1,neutral
google_play,2026-05-12,,Hate that it deletes old matches,Hate that it deletes old matches,,,,,3,0,-0.5719,0,0.425,0.575,negative
google_play,2026-05-12,,"Finally paid to see who's liked me - over 100 likes & not a single one in the same state as me! They're so far away it is pointless that the app even showed my profile to them! What a waste of money. *Edit* PLEASE STOP SHOWING ME MEN IN OTHER STATES!!!!!! It's gotten to the point I have to scroll down everyone's profiles to the bottom, to check where they live before I bother reading their profiles, because all the time I've wasted reading, only to find they live a 150 hours drive away!! 😡🤦‍♀️","Finally paid to see who's liked me - over 100 likes & not a single one in the same state as me! They're so far away it is pointless that the app even showed my profile to them! What a waste of money. *Edit* PLEASE STOP SHOWING ME MEN IN OTHER STATES!!!!!! It's gotten to the point I have to scroll down everyone's profiles to the bottom, to check where they live before I bother reading their profiles, because all the time I've wasted reading, only to find they live a 150 hours drive away!! 😡🤦‍♀️",,,,,2,1,-0.5951,0.075,0.109,0.816,negative
google_play,2026-05-12,,"Have pretty much given up with this service after far too long of disappointing results. I don't feel that the brief experience of some of the paid features, such as spotlight, were worth it either and failed to return any real matches when they were used. It all amounts to endless doomswiping and the problems all that causes.","Have pretty much given up with this service after far too long of disappointing results. I don't feel that the brief experience of some of the paid features, such as spotlight, were worth it either and failed to return any real matches when they were used. It all amounts to endless doomswiping and the problems all that causes.",,,,,1,1,-0.6249,0.076,0.137,0.788,negative
google_play,2026-05-11,,they announced changing from swiping to some vauge potentially ai thing this year and so I deleted my account as I dont want that and might as well do it now rather than wait till they implement it.,they announced changing from swiping to some vauge potentially ai thing this year and so I deleted my account as I dont want that and might as well do it now rather than wait till they implement it.,,,,,1,0,0.2211,0.053,0.031,0.916,positive
google_play,2026-05-11,,no good when you first go on you get a few likes then its just like a dead app nothing happens have more interactions striking up a convo just going to local super market. just uninstalled waste of time,no good when you first go on you get a few likes then its just like a dead app nothing happens have more interactions striking up a convo just going to local super market. just uninstalled waste of time,,,,,1,4,-0.0788,0.178,0.184,0.638,negative
google_play,2026-05-11,,Basically unusable unless you pay for it.,Basically unusable unless you pay for it.,,,,,1,1,-0.1027,0,0.189,0.811,negative
google_play,2026-05-11,,"Honestly it's one of the few dating apps that feels worth using. It has decent sized user base and relatively few scammers. The app has its fair share of bugs and quirks, and it's not free user friendly as Hinge. Still, it's a good complement to other apps because you may find people who only use Bumble over competitors.","Honestly it's one of the few dating apps that feels worth using. It has decent sized user base and relatively few scammers. The app has its fair share of bugs and quirks, and it's not free user friendly as Hinge. Still, it's a good complement to other apps because you may find people who only use Bumble over competitors.",,,,,4,2,0.7158,0.177,0.077,0.747,positive
google_play,2026-05-11,,"I still have 3 women liked me on Bumble i ignored it, because I have given up liking people back because of having to wait for them to message back before 24hrs (extended 24hrs) expired and nothing happens and lose the match. For a long time I have set the distance to <1 miles and turn off (see people slightly further away if i run out) to stop people seeing my profile. I sometimes snooze my profile.","I still have 3 women liked me on Bumble i ignored it, because I have given up liking people back because of having to wait for them to message back before 24hrs (extended 24hrs) expired and nothing happens and lose the match. For a long time I have set the distance to <1 miles and turn off (see people slightly further away if i run out) to stop people seeing my profile. I sometimes snooze my profile.",,,,,2,0,0.5037,0.092,0.053,0.855,positive
google_play,2026-05-11,,"designed to take your money, not to find you a partner","designed to take your money, not to find you a partner",,,,,1,1,0,0,0,1,neutral
google_play,2026-05-11,,"A complete and utter waste of time and money. Mostly fake profiles of gorgeous women, and scammers trying to trick you into signing up for their fake websites so they can steal your credit card number. They make zero effort to clear out all the bots, fake profiles and scammers. They don't care about you- they just want your money.","A complete and utter waste of time and money. Mostly fake profiles of gorgeous women, and scammers trying to trick you into signing up for their fake websites so they can steal your credit card number. They make zero effort to clear out all the bots, fake profiles and scammers. They don't care about you- they just want your money.",,,,,1,1,-0.8353,0.148,0.248,0.604,negative
google_play,2026-05-11,,Fake Profiles... on at least three occasions I started talking to someone texting back and forth over a week and when I asked for their phone number all of a sudden their app or their profile got deleted. 🤔,Fake Profiles... on at least three occasions I started talking to someone texting back and forth over a week and when I asked for their phone number all of a sudden their app or their profile got deleted. 🤔,,,,,1,1,-0.4215,0.031,0.073,0.896,negative
google_play,2026-05-11,,"Uběhly tři měsíce a jsme zasnoubení. Měl jsem k takovým aplikacím podpor, ale já a moje láska bychom se bez nich nikdy nepotkali. Máme velké štěstí, ale jak se říká, štěstí přeje připraveným. Ona se modlila, já jsem se nemodlil, ale já ji miluju víc. Jako bonus sdílím domácnost s ďáblem.","Uběhly tři měsíce a jsme zasnoubení. Měl jsem k takovým aplikacím podpor, ale já a moje láska bychom se bez nich nikdy nepotkali. Máme velké štěstí, ale jak se říká, štěstí přeje připraveným. Ona se modlila, já jsem se nemodlil, ale já ji miluju víc. Jako bonus sdílím domácnost s ďáblem.",,,,,5,0,0.5423,0.065,0,0.935,positive
google_play,2026-05-11,,"Couple of things, Need to increase amount of characters for bio, really hard to get enough info in. This is the big one, a paid users likes should be able to be seen and responded to by unpaid members. Not everyone will pay, but those that do should have that advantage.","Couple of things, Need to increase amount of characters for bio, really hard to get enough info in. This is the big one, a paid users likes should be able to be seen and responded to by unpaid members. Not everyone will pay, but those that do should have that advantage.",,,,,3,6,0.5929,0.132,0.025,0.843,positive
google_play,2026-05-11,,nice dating app,nice dating app,,,,,5,0,0.4215,0.583,0,0.417,positive
google_play,2026-05-11,,100 % useless if you paid you will literally get nothing if the subscription ends it will show you that you have likes so that you pay again to see them only to figure out that they are all fake bots and accounts made by bumble Scaming app that should be sued in court,100 % useless if you paid you will literally get nothing if the subscription ends it will show you that you have likes so that you pay again to see them only to figure out that they are all fake bots and accounts made by bumble Scaming app that should be sued in court,,,,,1,8,-0.5809,0.046,0.125,0.828,negative
google_play,2026-05-11,,good app for dating,good app for dating,,,,,5,0,0.4404,0.492,0,0.508,positive
google_play,2026-05-11,,"WORST APP EVER : THEY DID SOMETHING WITH MY PROFILE AND NOW I HAVE 0 VISIBILITY, EVEN AFTER POSTING DIFFERENT PICTURES AND PROMPTS I AM NOT GETTING A SINGLE LIKE, EARLIER I USED TO GET VERY FREQUENT MATCHES","WORST APP EVER : THEY DID SOMETHING WITH MY PROFILE AND NOW I HAVE 0 VISIBILITY, EVEN AFTER POSTING DIFFERENT PICTURES AND PROMPTS I AM NOT GETTING A SINGLE LIKE, EARLIER I USED TO GET VERY FREQUENT MATCHES",,,,,1,1,-0.3818,0.073,0.11,0.817,negative
google_play,2026-05-11,,"Absolute abomination of an app. Everything is so user aggressive. Likes not refreshing at a fixed time in day but after 24 hours of my last like. It's not even exactly 24 hours, there is some extra time, I tested. They have copied Hinge but did not even do it properly. What is the point of prompts if you can't even reply to them for free. There is no intensive to check user profile. Just swipe on pics. Not to mention the UI is absolute garbage. Need better design.","Absolute abomination of an app. Everything is so user aggressive. Likes not refreshing at a fixed time in day but after 24 hours of my last like. It's not even exactly 24 hours, there is some extra time, I tested. They have copied Hinge but did not even do it properly. What is the point of prompts if you can't even reply to them for free. There is no intensive to check user profile. Just swipe on pics. Not to mention the UI is absolute garbage. Need better design.",,,,,1,1,0.8845,0.135,0.042,0.823,positive
google_play,2026-05-11,,"5 months no matches in a city of over 1.8 million people, yep working out great. if I could give a zero I would. getting hit with ads for the premium services every third or fourth swipe, you could try and be a little less obvious. no money no matchy.","5 months no matches in a city of over 1.8 million people, yep working out great. if I could give a zero I would. getting hit with ads for the premium services every third or fourth swipe, you could try and be a little less obvious. no money no matchy.",,,,,1,1,0.652,0.144,0.068,0.789,positive
google_play,2026-05-11,,these all apps just ask for money and not anymore 😔,these all apps just ask for money and not anymore 😔,,,,,1,1,-0.0572,0,0.1,0.9,negative
google_play,2026-05-11,,good feeling about deting personal,good feeling about deting personal,,,,,5,0,0.5267,0.595,0,0.405,positive
google_play,2026-05-11,,Who would you like to date? Women. Shows me men in dresses.,Who would you like to date? Women. Shows me men in dresses.,,,,,1,3,0.3612,0.185,0,0.815,positive
google_play,2026-05-11,,great cheater app,great cheater app,,,,,5,0,0.1531,0.477,0.407,0.116,positive
google_play,2026-05-11,,I paid a lot of money for premium for it to just disappear. Very annoyed.,I paid a lot of money for premium for it to just disappear. Very annoyed.,,,,,1,0,-0.5849,0,0.269,0.731,negative
google_play,2026-05-11,,"i paid for a subscription, and i deleted the app. now when i download it again, it doesn't automatically restore my subscription","i paid for a subscription, and i deleted the app. now when i download it again, it doesn't automatically restore my subscription",,,,,1,0,-0.2235,0,0.082,0.918,negative
google_play,2026-05-11,,"Despite having a premium subscription, the bumble support team is not responding. your AI chat bot in support, I need to tell it the whole story again..... and nothing happens? it's just a simple issue, I created a new account with the same email and I am asking you to transfer my subscription to my new account. that's your policy and you don't respond to the emails and your support system is really annoying. why have you mentioned that premium users will get support 24 by 7 when you don't?","Despite having a premium subscription, the bumble support team is not responding. your AI chat bot in support, I need to tell it the whole story again..... and nothing happens? it's just a simple issue, I created a new account with the same email and I am asking you to transfer my subscription to my new account. that's your policy and you don't respond to the emails and your support system is really annoying. why have you mentioned that premium users will get support 24 by 7 when you don't?",,,,,1,2,0.8468,0.131,0.03,0.839,positive
google_play,2026-05-11,,"Man it used to be badly biased against guys but its now worse because of the price increase. its 30$ for a week just to see who liked you. and guess what that person that liked you won't show up in your regular swipping either because someone from three states over liked you or someone that is wildly outside your preferences liked you. Anyways, calling it as it is its a rigged system meant to drain you of your money while baiting you with the hopes of finding someone. well too bad its a bot.","Man it used to be badly biased against guys but its now worse because of the price increase. its 30$ for a week just to see who liked you. and guess what that person that liked you won't show up in your regular swipping either because someone from three states over liked you or someone that is wildly outside your preferences liked you. Anyways, calling it as it is its a rigged system meant to drain you of your money while baiting you with the hopes of finding someone. well too bad its a bot.",,,,,1,3,0.8537,0.196,0.128,0.676,positive
google_play,2026-05-11,,"Absolutely ridiculous, where the hell is customer support? You say 24/48 hours and yet there's no answer for days. Beware to others using this app, do not pay. If you have any trouble with trying to restore subscriptions you won't get any help. Better off with Tinder or Hinge, at least they actually respond.","Absolutely ridiculous, where the hell is customer support? You say 24/48 hours and yet there's no answer for days. Beware to others using this app, do not pay. If you have any trouble with trying to restore subscriptions you won't get any help. Better off with Tinder or Hinge, at least they actually respond.",,,,,1,1,-0.7547,0.133,0.212,0.656,negative
google_play,2026-05-11,,very good and easy to operate,very good and easy to operate,,,,,5,0,0.7474,0.614,0,0.386,positive
google_play,2026-05-11,,not received matches is so bad aap,not received matches is so bad aap,,,,,1,0,-0.6696,0,0.428,0.572,negative
google_play,2026-05-11,,"it's.....okay I'd love to reduce the distance for free but oh well... haven't had any meet ups using yet nor have I talked to anyone real. Reduced rating because no women respond to just the initial ""hello "". the app informs me i have matches but none are near so it's not going to work. considering deleting the app after a year of no "" dates "".","it's.....okay I'd love to reduce the distance for free but oh well... haven't had any meet ups using yet nor have I talked to anyone real. Reduced rating because no women respond to just the initial ""hello "". the app informs me i have matches but none are near so it's not going to work. considering deleting the app after a year of no "" dates "".",,,,,2,1,0.2023,0.099,0.075,0.827,positive
google_play,2026-05-11,,it's so stupid that I'm only allowed to pick 5 things we are into (favorite interests) and they have like 100 different things to choose from ! like why can't it be way more then 5 it's so stupid,it's so stupid that I'm only allowed to pick 5 things we are into (favorite interests) and they have like 100 different things to choose from ! like why can't it be way more then 5 it's so stupid,,,,,2,1,-0.0903,0.2,0.157,0.643,negative
google_play,2026-05-11,,Features keep being shifted to higher levels of premium. Still no way to undo a swipe right on all levels of membership.,Features keep being shifted to higher levels of premium. Still no way to undo a swipe right on all levels of membership.,,,,,3,1,-0.296,0,0.095,0.905,negative
google_play,2026-05-11,,"don't like pay to play, give better options","don't like pay to play, give better options",,,,,1,0,0.5402,0.519,0.166,0.315,positive
google_play,2026-05-11,,Your Spotlight paid off! Zero likes....,Your Spotlight paid off! Zero likes....,,,,,1,1,0.4753,0.382,0,0.618,positive
google_play,2026-05-10,,Even verifying my number is a problem. Human beings can't even get puzzles right anymore. The verification too takes too long too. Very stupid app. It's like the developers don't want you to use it or what.,Even verifying my number is a problem. Human beings can't even get puzzles right anymore. The verification too takes too long too. Very stupid app. It's like the developers don't want you to use it or what.,,,,,1,1,-0.5879,0.088,0.175,0.737,negative
google_play,2026-05-10,,"move the super swipe button, omg...","move the super swipe button, omg...",,,,,3,0,0.5994,0.438,0,0.562,positive
google_play,2026-05-10,,I love this app,I love this app,,,,,5,0,0.6369,0.583,0,0.417,positive
google_play,2026-05-10,,struck in loop while logging in,struck in loop while logging in,,,,,1,0,-0.25,0,0.286,0.714,negative
google_play,2026-05-10,,It's alright but like every app most the women think they're 10s While a realistic 8/10 guy they treat like a 3,It's alright but like every app most the women think they're 10s While a realistic 8/10 guy they treat like a 3,,,,,3,0,0.8898,0.391,0,0.609,positive
google_play,2026-05-10,,I’m a real person and believe my account was incorrectly flagged. Happy to verify identity or comply with any review process. Did nothing offensive and had dozens of matches and dates who would vouch.,I’m a real person and believe my account was incorrectly flagged. Happy to verify identity or comply with any review process. Did nothing offensive and had dozens of matches and dates who would vouch.,,,,,1,0,0.7335,0.162,0,0.838,positive
google_play,2026-05-10,,user base has dropped off massively. predatory dynamic pricing - you are charged more spotlights the more you have.,user base has dropped off massively. predatory dynamic pricing - you are charged more spotlights the more you have.,,,,,1,1,0.2023,0.121,0.084,0.794,positive
google_play,2026-05-10,,bots bots bots,bots bots bots,,,,,1,1,0,0,0,1,neutral
google_play,2026-05-10,,Scam and fraud central,Scam and fraud central,,,,,1,1,-0.8176,0,0.789,0.211,negative
google_play,2026-05-10,,"Superlike is too easy, I accidentally pressed on it and it was instantly.","Superlike is too easy, I accidentally pressed on it and it was instantly.",,,,,4,1,0.128,0.178,0.147,0.675,positive
google_play,2026-05-10,,fake matches showing and pay for plan and after that no response from matches bcz bot users,fake matches showing and pay for plan and after that no response from matches bcz bot users,,,,,1,1,-0.6908,0,0.324,0.676,negative
google_play,2026-05-10,,Too many dating scams. Matched and met so many married men who tried to clickbait single women into dating. So dissapointed. Please do more thorough selection for men to be in this app.,Too many dating scams. Matched and met so many married men who tried to clickbait single women into dating. So dissapointed. Please do more thorough selection for men to be in this app.,,,,,1,1,-0.3008,0.069,0.102,0.829,negative
google_play,2026-05-10,,didn't get matches,didn't get matches,,,,,1,1,0,0,0,1,neutral
google_play,2026-05-10,,not able to view matches through premium subscription. Please fix it.,not able to view matches through premium subscription. Please fix it.,,,,,2,0,0.3182,0.187,0,0.813,positive
google_play,2026-05-10,,no paid option can guarantee a DM,no paid option can guarantee a DM,,,,,1,1,-0.0516,0.217,0.239,0.543,negative
google_play,2026-05-10,,so bad I just join the app with my real profile the block my account for no reason,so bad I just join the app with my real profile the block my account for no reason,,,,,1,1,-0.7713,0.088,0.354,0.558,negative
google_play,2026-05-10,,"The app is not working properly, taking time to load, paid weekly fee and not worth it. Do not use.","The app is not working properly, taking time to load, paid weekly fee and not worth it. Do not use.",,,,,1,0,-0.1695,0,0.081,0.919,negative
google_play,2026-05-10,,why is this app the slowest and not optimized at all ? checking for messages and just opening up the app takes 2 minutes at times and notifications are never recieved. absolute worst experience ever,why is this app the slowest and not optimized at all ? checking for messages and just opening up the app takes 2 minutes at times and notifications are never recieved. absolute worst experience ever,,,,,1,1,0.2057,0.085,0.064,0.851,positive
google_play,2026-05-10,,unable to download,unable to download,,,,,1,0,0,0,0,1,neutral
google_play,2026-05-10,,"Either; the algorithm keeps me from matching with actual potential; or, the women on this app have lost all sense with reality.","Either; the algorithm keeps me from matching with actual potential; or, the women on this app have lost all sense with reality.",,,,,2,1,-0.3182,0,0.099,0.901,negative
google_play,2026-05-10,,Awesome and trusting app,Awesome and trusting app,,,,,5,0,0.7783,0.773,0,0.227,positive
google_play,2026-05-10,,"re-download this app after deleting it awhile ago . trying to sign back into my old account get everything done up to the page where it wants you to verify your number , but won't go past that page I put my number in and a notification at the top pops up saying welcome back but then it just sends me right back to the phone number verification page","re-download this app after deleting it awhile ago . trying to sign back into my old account get everything done up to the page where it wants you to verify your number , but won't go past that page I put my number in and a notification at the top pops up saying welcome back but then it just sends me right back to the phone number verification page",,,,,1,0,0.8047,0.138,0,0.862,positive
google_play,2026-05-10,,The aggressive monetisation is absolutely disgraceful.,The aggressive monetisation is absolutely disgraceful.,,,,,1,34,-0.1531,0,0.242,0.758,negative
google_play,2026-05-10,,keeps longing me out and wont stop showing me fake morphed faces.,keeps longing me out and wont stop showing me fake morphed faces.,,,,,3,1,-0.3208,0.125,0.278,0.597,negative
google_play,2026-05-10,,"its business app not love app, poor people have to stay away they are not apart of this app","its business app not love app, poor people have to stay away they are not apart of this app",,,,,1,1,-0.2057,0.111,0.147,0.742,negative
google_play,2026-05-10,,so very nice,so very nice,,,,,5,0,0.5222,0.628,0,0.372,positive
google_play,2026-05-10,,stop giving those dumb puzzle and audio when we need to make a new account!! it's irritating,stop giving those dumb puzzle and audio when we need to make a new account!! it's irritating,,,,,1,0,-0.7707,0.098,0.371,0.531,negative
google_play,2026-05-10,,account blocked in 1 day while i entered zero false info and never sent anyon3 death threats,account blocked in 1 day while i entered zero false info and never sent anyon3 death threats,,,,,1,0,-0.1911,0.143,0.222,0.635,negative
google_play,2026-05-10,,bekar hai aap,bekar hai aap,,,,,1,0,0,0,0,1,neutral
google_play,2026-05-10,,Tecnichal support is a disaster and account can be locked suddenly,Tecnichal support is a disaster and account can be locked suddenly,,,,,1,1,-0.34,0.171,0.259,0.57,negative
google_play,2026-05-10,,"I made some friends and acquaintances, but it's the same as any other dating apps. best matches are behind a paywall, and no dating from a dating app.","I made some friends and acquaintances, but it's the same as any other dating apps. best matches are behind a paywall, and no dating from a dating app.",,,,,3,1,0.7227,0.22,0.079,0.701,positive
google_play,2026-05-10,,A waste app. I spent money to get premium membership but I didn't get any match. Please don't invest money in this app. No gain only loss of money.,A waste app. I spent money to get premium membership but I didn't get any match. Please don't invest money in this app. No gain only loss of money.,,,,,1,1,-0.6771,0.081,0.233,0.686,negative
google_play,2026-05-10,,It won't allow me to login anymore. I found out I was falsely reported on and they deactivated my account without notice or explaining the reason. Be careful with the fake bots on the app.,It won't allow me to login anymore. I found out I was falsely reported on and they deactivated my account without notice or explaining the reason. Be careful with the fake bots on the app.,,,,,1,0,-0.4881,0.042,0.124,0.834,negative
google_play,2026-05-10,,"witch. app take too much of time to load and message not getting send. even after 1 year and using it again, still having the same issue. and got worst when I buy the subscription. no solution provided just re download and useless stuff which don't even work.","witch. app take too much of time to load and message not getting send. even after 1 year and using it again, still having the same issue. and got worst when I buy the subscription. no solution provided just re download and useless stuff which don't even work.",,,,,1,1,-0.885,0,0.205,0.795,negative
google_play,2026-05-10,,stupid puzzle or voice recognition to register account,stupid puzzle or voice recognition to register account,,,,,1,0,-0.5267,0,0.327,0.673,negative
google_play,2026-05-10,,"Ahí conocí a mi esposo, ya vamos a cumplir 3 años de casados ❤️","Ahí conocí a mi esposo, ya vamos a cumplir 3 años de casados ❤️",,,,,5,0,0,0,0,1,neutral
google_play,2026-05-10,,"this is the roast app no likes come for month , so guys don't use","this is the roast app no likes come for month , so guys don't use",,,,,1,0,-0.3252,0,0.143,0.857,negative
google_play,2026-05-09,,It's a good app.,It's a good app.,,,,,5,0,0.4404,0.492,0,0.508,positive
google_play,2026-05-09,,"after taking premium, the app does not work, it keeps buffering","after taking premium, the app does not work, it keeps buffering",,,,,1,1,0,0,0,1,neutral
google_play,2026-05-09,,"waste of time and money and if you have any self-esteem you need to forget about it, I'm surprised people still use such apps with crazy payments and no matching if any sort, and I speak of the current state for dating apps in general, I used to match so often, now everything is bots or fakes, just delete and go somewhere where there are real people.","waste of time and money and if you have any self-esteem you need to forget about it, I'm surprised people still use such apps with crazy payments and no matching if any sort, and I speak of the current state for dating apps in general, I used to match so often, now everything is bots or fakes, just delete and go somewhere where there are real people.",,,,,1,2,-0.8481,0.025,0.161,0.813,negative
google_play,2026-05-09,,Why do you not have an ad and ad free subscription so users can choose to pay or not? No different than any other app out there. Customers that want to use your platform but not pay the high costs associated could still be targeted. it would increase your customer base. just make everyone watch an ad to view a like or send a message. this isn't rocket science on how to monetize your platform. and I'm provided this guidance to you free of charge. no need to watch an ad for my feedback.,Why do you not have an ad and ad free subscription so users can choose to pay or not? No different than any other app out there. Customers that want to use your platform but not pay the high costs associated could still be targeted. it would increase your customer base. just make everyone watch an ad to view a like or send a message. this isn't rocket science on how to monetize your platform. and I'm provided this guidance to you free of charge. no need to watch an ad for my feedback.,,,,,1,2,0.8965,0.159,0.038,0.803,positive
google_play,2026-05-09,,is was all goodp,is was all goodp,,,,,5,0,0,0,0,1,neutral
google_play,2026-05-09,,"if I get a match I will give five stars i Promise. I like the app so far. but people either are swiping the other way. Or bumbles , algorithms , is. not in my favor. im trying been trying since may 4.2026 if anything I'm starting to dought my self-esteem. please if you can fix your algorithm please fix it.","if I get a match I will give five stars i Promise. I like the app so far. but people either are swiping the other way. Or bumbles , algorithms , is. not in my favor. im trying been trying since may 4.2026 if anything I'm starting to dought my self-esteem. please if you can fix your algorithm please fix it.",,,,,1,0,0.6611,0.136,0.042,0.821,positive
google_play,2026-05-09,,worse than tinder.,worse than tinder.,,,,,1,1,-0.4767,0,0.608,0.392,negative
google_play,2026-05-09,,too expensive,too expensive,,,,,1,1,0,0,0,1,neutral
google_play,2026-05-09,,outstanding,outstanding,,,,,5,0,0.6124,1,0,0,positive
google_play,2026-05-09,,I hate this app because of a misunderstanding they blocked my account,I hate this app because of a misunderstanding they blocked my account,,,,,1,1,-0.8225,0,0.489,0.511,negative
google_play,2026-05-09,,"app loading forever, takes too long to open chat when open via notification","app loading forever, takes too long to open chat when open via notification",,,,,1,0,0,0,0,1,neutral
google_play,2026-05-09,,Hi it's Lindiswa l I'm interested in a companion. My hobbies includes gym instructor long ago distance walker as well as hiking cooking watching TV as well as traveling,Hi it's Lindiswa l I'm interested in a companion. My hobbies includes gym instructor long ago distance walker as well as hiking cooking watching TV as well as traveling,,,,,5,0,0.836,0.284,0,0.716,positive
google_play,2026-05-09,,great. I am almost getting my future wife.,great. I am almost getting my future wife.,,,,,5,0,0.6249,0.369,0,0.631,positive
google_play,2026-05-09,,very lovely app and easy to use,very lovely app and easy to use,,,,,5,0,0.7902,0.583,0,0.417,positive
google_play,2026-05-09,,"they blocked my account for no reason and do not respond to me... I literally haven't used it in around 6 months and when I logged back in, the account just says blocked. terrible customer service, can never speak to a human and no explanation why I was banned. I am a normal girl who was just looking for love, I never had anything weird as photos or text. they are losing clients like that and I can only wish them bankruptcy because they really do deserve it at this point.","they blocked my account for no reason and do not respond to me... I literally haven't used it in around 6 months and when I logged back in, the account just says blocked. terrible customer service, can never speak to a human and no explanation why I was banned. I am a normal girl who was just looking for love, I never had anything weird as photos or text. they are losing clients like that and I can only wish them bankruptcy because they really do deserve it at this point.",,,,,1,1,-0.6577,0.101,0.16,0.739,negative
google_play,2026-05-09,,"They are only doing business with customers, i received an expired facewash from this app. when I came to know but I didn't complain about it as I was not having time to go on the app find that order then complain about it. you never know how many times u have received an expired product. please check. I am not going to use this app in future. i would suggest everyone not to use this kind of app who only wants to make profit from expired products.","They are only doing business with customers, i received an expired facewash from this app. when I came to know but I didn't complain about it as I was not having time to go on the app find that order then complain about it. you never know how many times u have received an expired product. please check. I am not going to use this app in future. i would suggest everyone not to use this kind of app who only wants to make profit from expired products.",,,,,1,0,0.7364,0.098,0.034,0.869,positive
google_play,2026-05-09,,so many scams,so many scams,,,,,1,1,-0.6222,0,0.671,0.329,negative
google_play,2026-05-09,,good one 👍,good one 👍,,,,,5,1,0.4404,0.492,0,0.508,positive
google_play,2026-05-09,,बहुत अच्छा सेफ्टी के हिसाबसे अप है जितनी तारीफ कीजाए उतनाही काम,बहुत अच्छा सेफ्टी के हिसाबसे अप है जितनी तारीफ कीजाए उतनाही काम,,,,,5,0,0,0,0,1,neutral
google_play,2026-05-09,,"Bumble br, não recomendo.. frescas demais! Bumble Europa, só recomendo!! Essas sabem o que querem!! 👍🏻","Bumble br, não recomendo.. frescas demais! Bumble Europa, só recomendo!! Essas sabem o que querem!! 👍🏻",,,,,1,0,0,0,0,1,neutral
google_play,2026-05-09,,Change it to because I noticed live how some shown good account dissapeared and replaced with something worse. Giving 1 star and not paying. Have no ideea after paying if this application become better or maybe usefull. I have it for years and it is just an apllication in my phone.,Change it to because I noticed live how some shown good account dissapeared and replaced with something worse. Giving 1 star and not paying. Have no ideea after paying if this application become better or maybe usefull. I have it for years and it is just an apllication in my phone.,,,,,1,0,0.7174,0.17,0.052,0.777,positive
google_play,2026-05-09,,"They're using generative AI now to judge your profile, which makes me want to vomit.","They're using generative AI now to judge your profile, which makes me want to vomit.",,,,,2,1,0.0772,0.085,0,0.915,positive
google_play,2026-05-09,,"is it a new scheme Bumble? The first week you brought out the worst kind of profiles and showed there is none left to search. suddenly all the good profiles are coming out after the premium ended. Now I don't know , should I buy premium again ? because your profile numbers ended last time","is it a new scheme Bumble? The first week you brought out the worst kind of profiles and showed there is none left to search. suddenly all the good profiles are coming out after the premium ended. Now I don't know , should I buy premium again ? because your profile numbers ended last time",,,,,3,1,-0.3736,0.048,0.074,0.878,negative
google_play,2026-05-09,,The moderation is horrible and filled to the brim with only fans models using VPN's to try and sell you their content. Never got a single match that wasn't a scam.,The moderation is horrible and filled to the brim with only fans models using VPN's to try and sell you their content. Never got a single match that wasn't a scam.,,,,,1,1,-0.1285,0.084,0.099,0.817,negative
google_play,2026-05-09,,almost impossible to match with someone even if you have likes.,almost impossible to match with someone even if you have likes.,,,,,1,1,0.4215,0.219,0,0.781,positive
google_play,2026-05-09,,too manyfake profiles,too manyfake profiles,,,,,1,1,0,0,0,1,neutral
google_play,2026-05-09,,technical error,technical error,,,,,1,0,-0.4019,0,0.73,0.27,negative
google_play,2026-05-09,,A bunch of flakes on here. they match and then don't want to respond to messages. and they match you with people that dont live nowhere near your location.,A bunch of flakes on here. they match and then don't want to respond to messages. and they match you with people that dont live nowhere near your location.,,,,,1,1,-0.0572,0,0.042,0.958,negative
google_play,2026-05-09,,exquisitely,exquisitely,,,,,5,0,0,0,0,1,neutral
google_play,2026-05-09,,"i can not rate this app. is bs. they think im a minor, and got me kicked out of, aand wont let me prove im not. even better, i cant delete my account.","i can not rate this app. is bs. they think im a minor, and got me kicked out of, aand wont let me prove im not. even better, i cant delete my account.",,,,,1,0,-0.3412,0,0.07,0.93,negative
google_play,2026-05-09,,"Horrible app and even worse customer service. I tried signing up, but was told I was banned. The person that used my number before me had been the one to get banned. I explained that to them with proof, and they kept calling me a name that wasn't mine. They then refused to even listen and just said, ""We uphold our rules"" in the most AI-generated response ever.","Horrible app and even worse customer service. I tried signing up, but was told I was banned. The person that used my number before me had been the one to get banned. I explained that to them with proof, and they kept calling me a name that wasn't mine. They then refused to even listen and just said, ""We uphold our rules"" in the most AI-generated response ever.",,,,,1,2,-0.928,0.018,0.192,0.789,negative
google_play,2026-05-08,,"This app is so good am just seeing handsome men left, right and center it's like Bumble knows my type ☺️ I would definitely recommend.","This app is so good am just seeing handsome men left, right and center it's like Bumble knows my type ☺️ I would definitely recommend.",,,,,5,0,0.9489,0.469,0,0.531,positive
google_play,2026-05-08,,this app honestly sucks. im 18 and had the lowest age range i was able to put be 18-22 which is just ew. then found out that seeing who liked my profile was locked behind an £18 subscription. this is honestly just ridiculous and extortionate,this app honestly sucks. im 18 and had the lowest age range i was able to put be 18-22 which is just ew. then found out that seeing who liked my profile was locked behind an £18 subscription. this is honestly just ridiculous and extortionate,,,,,1,0,0.296,0.159,0.137,0.704,positive
google_play,2026-05-08,,YOU HAVE TO PAY PAY PAY PAY PAY,YOU HAVE TO PAY PAY PAY PAY PAY,,,,,1,1,-0.4588,0,0.7,0.3,negative
google_play,2026-05-08,,this aap is amazing but now last 8 months i will use that app but hi could not show my match in feed,this aap is amazing but now last 8 months i will use that app but hi could not show my match in feed,,,,,5,0,0.34,0.098,0,0.902,positive
google_play,2026-05-08,,"I used Tinder Platinum plus subscriptions. Platinum gave me more visibility and matches after improving my profile, but my overall experience was not very good. More matches do not always mean genuine connections. In my opinion, dating apps can waste time and money if you are looking for something real. Meeting people naturally in real life feels more genuine and meaningful than depending only on apps. i strongly recommend you to not waste time and money here Thank you","I used Tinder Platinum plus subscriptions. Platinum gave me more visibility and matches after improving my profile, but my overall experience was not very good. More matches do not always mean genuine connections. In my opinion, dating apps can waste time and money if you are looking for something real. Meeting people naturally in real life feels more genuine and meaningful than depending only on apps. i strongly recommend you to not waste time and money here Thank you",,,,,1,0,0.8504,0.182,0.075,0.743,positive
google_play,2026-05-08,,"this app is like interacting with a void, 0/10","this app is like interacting with a void, 0/10",,,,,1,3,0.3612,0.238,0,0.762,positive
google_play,2026-05-08,,"Dating apps are garbage and way too expensive for the slim chance of meeting someone real. I joined just to see what’s out there. every profile feels the same, same looking pictures with the same AI written bios and same fake energy. what happen to individuals. No wonder dating culture feels dead. The standards are ridiculous. when you finally match with someone, the conversation feels more like talking to an AI chatbot than an actual person. its very sad to see how it is now.","Dating apps are garbage and way too expensive for the slim chance of meeting someone real. I joined just to see what’s out there. every profile feels the same, same looking pictures with the same AI written bios and same fake energy. what happen to individuals. No wonder dating culture feels dead. The standards are ridiculous. when you finally match with someone, the conversation feels more like talking to an AI chatbot than an actual person. its very sad to see how it is now.",,,,,1,1,-0.8625,0.069,0.156,0.775,negative
google_play,2026-05-08,,Love is no longer genuine.,Love is no longer genuine.,,,,,1,1,0.4588,0.447,0.234,0.319,positive
google_play,2026-05-08,,Support is terrible and unresponsive.,Support is terrible and unresponsive.,,,,,1,1,-0.1027,0.307,0.352,0.341,negative
google_play,2026-05-08,,lots of bug,lots of bug,,,,,1,1,0,0,0,1,neutral
google_play,2026-05-08,,Well I've only just joined. So I guess two stars. It does seem better than other dating apps but come on what kind of guy takes dating apps seriously? It's not like we get our hopes up upon joining 😆,Well I've only just joined. So I guess two stars. It does seem better than other dating apps but come on what kind of guy takes dating apps seriously? It's not like we get our hopes up upon joining 😆,,,,,2,1,0.6942,0.204,0.092,0.704,positive
google_play,2026-05-08,,need to pay first before you see them,need to pay first before you see them,,,,,2,1,-0.1027,0,0.167,0.833,negative
google_play,2026-05-08,,"thanks for the 3 weekly swipes, really enjoyable app, uninstalling","thanks for the 3 weekly swipes, really enjoyable app, uninstalling",,,,,1,1,0.7264,0.432,0,0.568,positive
google_play,2026-05-08,,I met my future husband here after the third match but I specially looked for people from a certain country due to my Balkan roots.,I met my future husband here after the third match but I specially looked for people from a certain country due to my Balkan roots.,,,,,4,0,0.3919,0.099,0,0.901,positive
google_play,2026-05-08,,how does absolutely no one like me after three days?,how does absolutely no one like me after three days?,,,,,1,0,-0.5949,0,0.378,0.622,negative
google_play,2026-05-08,,thanks bumble never knew I will get connected to such a classy person on this app. thanks a lot 💜,thanks bumble never knew I will get connected to such a classy person on this app. thanks a lot 💜,,,,,5,0,0.9169,0.431,0,0.569,positive
google_play,2026-05-08,,"I appear to have alot of likes yet despite swiping yes/no on like 2 thousand profiles I've not had a message say ""you missed a match"" or ""you've matched"" which tells me they're hidden behind a subscription, that's even if they're real profile or bumble put the likes there to encourage subscription? Also bumble seems fine with discriminating against height but not ethnicity (in the UK anyway) update: nothings changed","I appear to have alot of likes yet despite swiping yes/no on like 2 thousand profiles I've not had a message say ""you missed a match"" or ""you've matched"" which tells me they're hidden behind a subscription, that's even if they're real profile or bumble put the likes there to encourage subscription? Also bumble seems fine with discriminating against height but not ethnicity (in the UK anyway) update: nothings changed",,,,,1,5,0.6705,0.122,0.021,0.857,positive
google_play,2026-05-08,,"tried using it off and on for literal years. it ignores filters half the time, is full of women who don't understand they have to message first on a match/ are just unreliable. can't do anything for an even remotely reasonable price. want to do something as simple as look at the previous profile because you miss-swiped? $6.5 just for that for a single day. Tonnes of fake profiles everywhere. the application even goes out of its way to HIDE profiles that liked you!","tried using it off and on for literal years. it ignores filters half the time, is full of women who don't understand they have to message first on a match/ are just unreliable. can't do anything for an even remotely reasonable price. want to do something as simple as look at the previous profile because you miss-swiped? $6.5 just for that for a single day. Tonnes of fake profiles everywhere. the application even goes out of its way to HIDE profiles that liked you!",,,,,1,2,-0.5893,0.045,0.087,0.868,negative
google_play,2026-05-08,,not get any girls till iam using 1month,not get any girls till iam using 1month,,,,,2,1,0,0,0,1,neutral
google_play,2026-05-08,,I feel all these profiles are fake and made by the developers just to get money from people,I feel all these profiles are fake and made by the developers just to get money from people,,,,,1,2,-0.4767,0,0.154,0.846,negative
google_play,2026-05-08,,"the app is indeed full of fake or phised profiles used by persons who look for theft not dating, maybe even the owners of the app use them to scam people","the app is indeed full of fake or phised profiles used by persons who look for theft not dating, maybe even the owners of the app use them to scam people",,,,,1,2,-0.7783,0,0.19,0.81,negative
google_play,2026-05-08,,Donot subscribe to premium more than 1 month... they suddenly lock you out and wont refund even if you havent violated any comm standard.i wasnt talkinh to anyone i was new and just swiping.. locked out. lost 3 Months of payment. and the review team sucks. you talk to a robot with always a dead end answer,Donot subscribe to premium more than 1 month... they suddenly lock you out and wont refund even if you havent violated any comm standard.i wasnt talkinh to anyone i was new and just swiping.. locked out. lost 3 Months of payment. and the review team sucks. you talk to a robot with always a dead end answer,,,,,1,2,-0.7449,0.043,0.14,0.817,negative
google_play,2026-05-08,,yah bahut achcha hai paise app jaisa koi,yah bahut achcha hai paise app jaisa koi,,,,,5,0,0,0,0,1,neutral
google_play,2026-05-08,,Everything has been sorted👍,Everything has been sorted👍,,,,,1,1,0,0,0,1,neutral
google_play,2026-05-08,,Nice app 👍👍😎😎,Nice app 👍👍😎😎,,,,,4,0,0.8316,0.444,0,0.556,positive
google_play,2026-05-08,,"My experience on Bumble has been disappointing overall. I’ve encountered low-effort communication, fetishizing behavior, racialized comments, and hostility the moment boundaries are expressed respectfully. As a Black woman, being treated like a novelty instead of an individual person becomes exhausting very quickly. The app needs stronger moderation and higher standards for respectful behavior.","My experience on Bumble has been disappointing overall. I’ve encountered low-effort communication, fetishizing behavior, racialized comments, and hostility the moment boundaries are expressed respectfully. As a Black woman, being treated like a novelty instead of an individual person becomes exhausting very quickly. The app needs stronger moderation and higher standards for respectful behavior.",,,,,1,1,0.1531,0.164,0.139,0.697,positive
google_play,2026-05-08,,"They have this stupid feature where someone can end a chat and it basically prevents the other person from interacting with you but it doesn't unmatch them: what's the point? Just unmatch them, clearly they don't want to talk so why even leave that thread hanging? Otherwise, it's a waste of time to be on there. Most of the profiles there are derelict and the few people there who interact with you just ghost you right after matching. I know the latter isn't the app's fault but it's what it is.","They have this stupid feature where someone can end a chat and it basically prevents the other person from interacting with you but it doesn't unmatch them: what's the point? Just unmatch them, clearly they don't want to talk so why even leave that thread hanging? Otherwise, it's a waste of time to be on there. Most of the profiles there are derelict and the few people there who interact with you just ghost you right after matching. I know the latter isn't the app's fault but it's what it is.",,,,,1,3,-0.6061,0.074,0.122,0.805,negative
google_play,2026-05-08,,"monetized to hell, will be looking for alternatives","monetized to hell, will be looking for alternatives",,,,,2,2,-0.6808,0,0.397,0.603,negative
google_play,2026-05-08,,The absolute worst experience. I couldn't even get on the app. Had to solve over 20 eye sight questions and if you fail just one you start all over. I mean who writes a 2 hour exams just to get on an app?,The absolute worst experience. I couldn't even get on the app. Had to solve over 20 eye sight questions and if you fail just one you start all over. I mean who writes a 2 hour exams just to get on an app?,,,,,1,0,-0.7783,0.036,0.154,0.81,negative
google_play,2026-05-08,,"my friends got me the paid membership, now the spotlight and super likes have not reloaded in 2 months. Support has not resolved it","my friends got me the paid membership, now the spotlight and super likes have not reloaded in 2 months. Support has not resolved it",,,,,1,0,0.8997,0.379,0.046,0.575,positive
google_play,2026-05-08,,"insane that I can have a 50 mile radius and run out of people. you're telling me that with only the liberal and don't want kids filters on, there's no one around??? I live in a major city, so I highly doubt that's the case.","insane that I can have a 50 mile radius and run out of people. you're telling me that with only the liberal and don't want kids filters on, there's no one around??? I live in a major city, so I highly doubt that's the case.",,,,,1,1,-0.828,0,0.192,0.808,negative
google_play,2026-05-08,,Excellent application got real matches and our type and vibe matches I got one or two or more yesterday was first date from bumble it was amazing experience fully verified and real people I love this application 😍😍😍but the timer of the chat's has to be removed put it simple why timer ⏳ this notification as the message come from one person also it should be shown quickly overall app is amazing 😍,Excellent application got real matches and our type and vibe matches I got one or two or more yesterday was first date from bumble it was amazing experience fully verified and real people I love this application 😍😍😍but the timer of the chat's has to be removed put it simple why timer ⏳ this notification as the message come from one person also it should be shown quickly overall app is amazing 😍,,,,,5,0,0.9664,0.216,0,0.784,positive
google_play,2026-05-07,,"It's a disgrace that I can't give this less than 1 star. It should be zero or honestly deep into the negatives. “ Terrible"" is too good a word.","It's a disgrace that I can't give this less than 1 star. It should be zero or honestly deep into the negatives. “ Terrible"" is too good a word.",,,,,1,1,-0.1027,0.159,0.169,0.672,negative
google_play,2026-05-07,,"👎 la aplicacion solo funciona cuando pagas, las interacciones son pocas.","👎 la aplicacion solo funciona cuando pagas, las interacciones son pocas.",,,,,1,1,0,0,0,1,neutral
google_play,2026-05-07,,"too long for likes , so expensive to buy","too long for likes , so expensive to buy",,,,,1,0,0.4215,0.259,0,0.741,positive
google_play,2026-05-07,,"I deleted this app offy iPhone. All you get from this website are likes. They advertise that the ladies write you first. If they were so interested in you, they wouldn't be giving likes and not writing you. Go figure that out for yourself. The app is worthless.","I deleted this app offy iPhone. All you get from this website are likes. They advertise that the ladies write you first. If they were so interested in you, they wouldn't be giving likes and not writing you. Go figure that out for yourself. The app is worthless.",,,,,1,0,0.006,0.111,0.129,0.76,neutral
google_play,2026-05-07,,"Not designed to help you find someone. Unless you pay, even then your profile is not shown","Not designed to help you find someone. Unless you pay, even then your profile is not shown",,,,,1,1,-0.3935,0,0.196,0.804,negative
google_play,2026-05-07,,Your pricing is terrible. Who in their right mind would pay $60 for a month of premium.,Your pricing is terrible. Who in their right mind would pay $60 for a month of premium.,,,,,1,1,-0.5423,0,0.231,0.769,negative
google_play,2026-05-07,,Pretty good 👍 one of the apps I use when I’m looking for an actual date or feel lonely and want to connect. Haven’t found the one yet but who knows. At this point most my friends met through dating apps,Pretty good 👍 one of the apps I use when I’m looking for an actual date or feel lonely and want to connect. Haven’t found the one yet but who knows. At this point most my friends met through dating apps,,,,,5,0,0.7916,0.201,0.036,0.763,positive
google_play,2026-05-07,,"Annoying notifications keep coming that I have someone who ""liked"" me but then it does let me see any of them.","Annoying notifications keep coming that I have someone who ""liked"" me but then it does let me see any of them.",,,,,1,1,0.0129,0.084,0.081,0.835,neutral
google_play,2026-05-07,,why my face id don't math i am 20 times face image click on this aap but don't math why reject,why my face id don't math i am 20 times face image click on this aap but don't math why reject,,,,,1,0,0.438,0.126,0,0.874,positive
google_play,2026-05-07,,"full of scammers, only women in other countries will message you. so I always say give me money. I get the ban hammer but they dont? hinge is way better, i get alot of likes and matches that are in my area. best part is not once has one of them tried to scam me or try to snap chat me. this site is a scam and they dont care bout the people. dont waste your time or money.","full of scammers, only women in other countries will message you. so I always say give me money. I get the ban hammer but they dont? hinge is way better, i get alot of likes and matches that are in my area. best part is not once has one of them tried to scam me or try to snap chat me. this site is a scam and they dont care bout the people. dont waste your time or money.",,,,,1,1,0.1295,0.158,0.154,0.688,positive
google_play,2026-05-07,,"won't even let me make a account cuz as soon as I put my phone number in it says that my account is blocked because I'm ""under age"" even though I'm 19 an I've never used this app before","won't even let me make a account cuz as soon as I put my phone number in it says that my account is blocked because I'm ""under age"" even though I'm 19 an I've never used this app before",,,,,1,0,-0.2023,0.032,0.052,0.916,negative
google_play,2026-05-07,,I installed this app and used more than 2 months. its charging me for everything. This app is too expancive but no match found.,I installed this app and used more than 2 months. its charging me for everything. This app is too expancive but no match found.,,,,,1,0,-0.4215,0,0.109,0.891,negative
google_play,2026-05-07,,"Não recomendo o app. A ideia geral é boa e não tive problemas técnicos, mas o número de likes é baixíssimo, mesmo possuindo um plano pago, tendo completado todo o meu perfil e curtido uma enorme quantidade de pessoas. Os poucos matches resultam em quase nenhuma conversa, pois são perdidos no desnecessário limite de 24h. Fica a impressão de que pouca gente usa e que a maioria dos perfis apresentados são de pessoas inativas há muito tempo - o app evita dar qualquer informação a esse respeito.","Não recomendo o app. A ideia geral é boa e não tive problemas técnicos, mas o número de likes é baixíssimo, mesmo possuindo um plano pago, tendo completado todo o meu perfil e curtido uma enorme quantidade de pessoas. Os poucos matches resultam em quase nenhuma conversa, pois são perdidos no desnecessário limite de 24h. Fica a impressão de que pouca gente usa e que a maioria dos perfis apresentados são de pessoas inativas há muito tempo - o app evita dar qualquer informação a esse respeito.",,,,,2,0,0.1531,0.031,0.024,0.944,positive
google_play,2026-05-07,,Why can't I filter out unhealthy people? Respect my time.,Why can't I filter out unhealthy people? Respect my time.,,,,,2,0,-0.0772,0.214,0.234,0.552,negative
google_play,2026-05-07,,"Location data presented to other users provides far too specific of a location and presents a significant safety risk to users. Even with ""precise location"" turned off. And the app is entirely unusable without having location turned on. You are unnecessarily putting users at risk of criminal behavior.","Location data presented to other users provides far too specific of a location and presents a significant safety risk to users. Even with ""precise location"" turned off. And the app is entirely unusable without having location turned on. You are unnecessarily putting users at risk of criminal behavior.",,,,,1,1,-0.4588,0.083,0.138,0.779,negative
google_play,2026-05-07,,very bad experience,very bad experience,,,,,1,0,-0.5849,0,0.655,0.345,negative
google_play,2026-05-07,,app is as advertised. only can chat with girls if they message you first. no bot problems at all.,app is as advertised. only can chat with girls if they message you first. no bot problems at all.,,,,,4,0,0.015,0.105,0.103,0.792,neutral
google_play,2026-05-07,,I don't no but I like it 🫡,I don't no but I like it 🫡,,,,,2,0,0.571,0.439,0,0.561,positive
google_play,2026-05-07,,not giving me more likes,not giving me more likes,,,,,5,0,0.2633,0.38,0.25,0.369,positive
google_play,2026-05-07,,"Not a single match in last 4 months, how can this be happen, and that to with a premium account. If you have inactive profiles, atleast show profiles which are active, put a filter or something like after 4 days profile will be invisible if not using. But how will app make money if they do that.","Not a single match in last 4 months, how can this be happen, and that to with a premium account. If you have inactive profiles, atleast show profiles which are active, put a filter or something like after 4 days profile will be invisible if not using. But how will app make money if they do that.",,,,,1,1,0.3818,0.061,0,0.939,positive
google_play,2026-05-07,,Registration on this app is cumbersome and deters many prospective clients from registration. Thank you,Registration on this app is cumbersome and deters many prospective clients from registration. Thank you,,,,,1,0,0.3612,0.152,0,0.848,positive
google_play,2026-05-07,,"keep matching and then being told I've just missed this one when trying to message, not ideal when girl has to message first. please advise how to fix","keep matching and then being told I've just missed this one when trying to message, not ideal when girl has to message first. please advise how to fix",,,,,1,0,-0.3971,0.071,0.154,0.775,negative
google_play,2026-05-07,,"On this app, there aren’t many Indian or Tamil-speaking girls...feel like wasting time","On this app, there aren’t many Indian or Tamil-speaking girls...feel like wasting time",,,,,1,0,-0.0516,0.154,0.167,0.679,negative
google_play,2026-05-07,,I have been using this app on and off for years. Its one of the better ones. However in the last few weeks there has been a staggering amount of fake profiles in London. I am reporting as many as I can but it seems a real issue right now. I am really good at spotting them but others may not be and it places people at risk from scams!! This is not acceptable. Bumble needs to be doing more as something clearly isn't working in terms of photo verification process. Urgently look into this please!,I have been using this app on and off for years. Its one of the better ones. However in the last few weeks there has been a staggering amount of fake profiles in London. I am reporting as many as I can but it seems a real issue right now. I am really good at spotting them but others may not be and it places people at risk from scams!! This is not acceptable. Bumble needs to be doing more as something clearly isn't working in terms of photo verification process. Urgently look into this please!,,,,,3,3,0.4863,0.126,0.107,0.766,positive
google_play,2026-05-07,,impossible to login on a new device,impossible to login on a new device,,,,,1,0,0,0,0,1,neutral
google_play,2026-05-07,,"I've only just made an account and i can't match with anyone because it won't show me anyone else's profiles, just says ""adjust your settings""","I've only just made an account and i can't match with anyone because it won't show me anyone else's profiles, just says ""adjust your settings""",,,,,1,0,0,0,0,1,neutral
google_play,2026-05-07,,I am very disappointed from photo verification process I tried so many times 😭 and everytime it's failed so so so so bad service,I am very disappointed from photo verification process I tried so many times 😭 and everytime it's failed so so so so bad service,,,,,1,0,-0.9429,0,0.405,0.595,negative
google_play,2026-05-07,,not working at all,not working at all,,,,,1,0,0,0,0,1,neutral
google_play,2026-05-07,,"I'm still stuck at creating an account, the part where I'm supposed to input my number; after I click verify then the app automatically changes my country code to Uganda, I mean what's going on here.","I'm still stuck at creating an account, the part where I'm supposed to input my number; after I click verify then the app automatically changes my country code to Uganda, I mean what's going on here.",,,,,1,1,0.128,0.091,0.052,0.857,positive
google_play,2026-05-07,,need to fix and make it more usable,need to fix and make it more usable,,,,,1,0,0,0,0,1,neutral
google_play,2026-05-07,,not helpful no people reply,not helpful no people reply,,,,,2,1,-0.1139,0.261,0.323,0.416,negative
google_play,2026-05-07,,Over priced. No one in my vicinity.,Over priced. No one in my vicinity.,,,,,1,1,-0.296,0,0.268,0.732,negative
google_play,2026-05-07,,some of the profiles seem fake,some of the profiles seem fake,,,,,1,1,-0.4767,0,0.383,0.617,negative
google_play,2026-05-07,,Asking an insane amount of money! This app used to be reasonable and for women by women.... They got greedy. They also just show you the same men over and over and won't show you anyone else unless you pay. The 24 hour to respond is so unreasonable as if people don't have lives and get busy.,Asking an insane amount of money! This app used to be reasonable and for women by women.... They got greedy. They also just show you the same men over and over and won't show you anyone else unless you pay. The 24 hour to respond is so unreasonable as if people don't have lives and get busy.,,,,,1,1,-0.69,0,0.11,0.89,negative
google_play,2026-05-07,,Never got match......,Never got match......,,,,,1,1,0,0,0,1,neutral
google_play,2026-05-07,,not paying to not be able to message,not paying to not be able to message,,,,,1,1,0,0,0,1,neutral
google_play,2026-05-07,,it's a very good app but I think the prices for inapp purchase are too high for some peoples so they should lower the prices a little. otherwise the app is very good and I would recommend it to my friends,it's a very good app but I think the prices for inapp purchase are too high for some peoples so they should lower the prices a little. otherwise the app is very good and I would recommend it to my friends,,,,,3,0,0.8907,0.26,0.06,0.679,positive
google_play,2026-05-06,,I like bumble overall. thanks,I like bumble overall. thanks,,,,,4,0,0.6597,0.643,0,0.357,positive
google_play,2026-05-06,,"i can't upload pictures, can't verify the email","i can't upload pictures, can't verify the email",,,,,1,2,0,0,0,1,neutral
google_play,2026-05-06,,definitely a fake dating app,definitely a fake dating app,,,,,1,1,-0.1027,0.307,0.352,0.341,negative
google_play,2026-05-06,,good and easy to use,good and easy to use,,,,,5,0,0.7003,0.659,0,0.341,positive
google_play,2026-05-06,,im not sure what happened to me. I made an account. had it for afree for a bit. then im suddenly banned from it. saying I violated something. I have no idea what happened.,im not sure what happened to me. I made an account. had it for afree for a bit. then im suddenly banned from it. saying I violated something. I have no idea what happened.,,,,,1,0,-0.8612,0,0.26,0.74,negative
google_play,2026-05-06,,"Cannot report tech glitches. Have previously used this app successfully and had a 3 year relationship. have used it intermittently. I am familiar with it. Suddenly lots of tech glitches, i know the app well enough to know there is a problem. AI bot kept telling me to reinstall and had no memory, so couldn't remember what Id reported, after 2 hours sent me 'to a person' and the email from person sent me back to a bot. What a frustrating experience. This app is decent unless there is a problem...","Cannot report tech glitches. Have previously used this app successfully and had a 3 year relationship. have used it intermittently. I am familiar with it. Suddenly lots of tech glitches, i know the app well enough to know there is a problem. AI bot kept telling me to reinstall and had no memory, so couldn't remember what Id reported, after 2 hours sent me 'to a person' and the email from person sent me back to a bot. What a frustrating experience. This app is decent unless there is a problem...",,,,,1,4,-0.6369,0.053,0.104,0.843,negative
google_play,2026-05-06,,"keeps bugging out and showing me the EXACT same people no matter what I change what I clear or if i uninstall and reinstall, also tried reaching out for help and im getting ignored even tho ive sent video proof of how annoying and unusable it is, horrible app","keeps bugging out and showing me the EXACT same people no matter what I change what I clear or if i uninstall and reinstall, also tried reaching out for help and im getting ignored even tho ive sent video proof of how annoying and unusable it is, horrible app",,,,,1,3,-0.3557,0.121,0.163,0.716,negative
google_play,2026-05-06,,Total scam. They cancel your account anytime without justification and they never give a refund because it is in the terms and conditions. Never pay for this and move with your contacts outside the app the soonest because you might loose them all.,Total scam. They cancel your account anytime without justification and they never give a refund because it is in the terms and conditions. Never pay for this and move with your contacts outside the app the soonest because you might loose them all.,,,,,1,2,-0.8053,0.027,0.175,0.798,negative
google_play,2026-05-06,,filled with bots and predatory scam,filled with bots and predatory scam,,,,,1,1,-0.5719,0,0.425,0.575,negative
google_play,2026-05-06,,nothing but bots,nothing but bots,,,,,1,1,0,0,0,1,neutral
google_play,2026-05-06,,Bad dating app.,Bad dating app.,,,,,1,1,-0.5423,0,0.636,0.364,negative
google_play,2026-05-06,,"Terrible really. they try to ask you for a payment for every basic thing. at least they could give say 5 chances and then ask for it. Instead, to even see who liked you you have to pay.","Terrible really. they try to ask you for a payment for every basic thing. at least they could give say 5 chances and then ask for it. Instead, to even see who liked you you have to pay.",,,,,1,1,0.0258,0.107,0.104,0.789,neutral
google_play,2026-05-06,,I am confident most of the people on here are either bots or inactive.,I am confident most of the people on here are either bots or inactive.,,,,,1,3,0.4939,0.198,0,0.802,positive
google_play,2026-05-06,,"doesn't work, asks for your your number to text, no text comes when they ring the number doesn't work","doesn't work, asks for your your number to text, no text comes when they ring the number doesn't work",,,,,1,1,-0.1531,0.125,0.106,0.769,negative
google_play,2026-05-06,,not a great experience. poor communication from matches. liking a profile doesn't always work they will show up on the feed again later or the next day. messages fail to deliver or be received. the users of this app are not really a good pool of people to be trying to flirt with. they act like children with no social skills i guess there is a reason there are on an app such as this. don't try this as your first dating app... also the app shows you genders your not interested in way too often,not a great experience. poor communication from matches. liking a profile doesn't always work they will show up on the feed again later or the next day. messages fail to deliver or be received. the users of this app are not really a good pool of people to be trying to flirt with. they act like children with no social skills i guess there is a reason there are on an app such as this. don't try this as your first dating app... also the app shows you genders your not interested in way too often,,,,,2,2,-0.8948,0.047,0.154,0.799,negative
google_play,2026-05-06,,This is NOT free.,This is NOT free.,,,,,1,1,-0.4023,0,0.474,0.526,negative
google_play,2026-05-06,,"I was blocked unfairly, I tried to appeal but both appeals came with different reasons. what a waste","I was blocked unfairly, I tried to appeal but both appeals came with different reasons. what a waste",,,,,1,1,-0.6428,0,0.247,0.753,negative
google_play,2026-05-06,,"Giving it 2 stars because they don't have Bots. Otherwise would be one star. Somehow the management thinks they are the smart ones. Purchased a lifetime membership about 2 years age. In 2 years less then 20 replies. I do better in a club in one night. If you ask why don't I just search in the club. Well, somehow ladies that are serious, don't look for a partner there. In any case, I realized that system is showing a very limited number of people. They are basically blocking me.","Giving it 2 stars because they don't have Bots. Otherwise would be one star. Somehow the management thinks they are the smart ones. Purchased a lifetime membership about 2 years age. In 2 years less then 20 replies. I do better in a club in one night. If you ask why don't I just search in the club. Well, somehow ladies that are serious, don't look for a partner there. In any case, I realized that system is showing a very limited number of people. They are basically blocking me.",,,,,2,1,0.6793,0.117,0.061,0.822,positive
google_play,2026-05-06,,"ok, can someone explain why it will be showing me a profile for someone within my filters then as I am reading through the profile it suddenly switches to the ""you've seen everyone nearby"" screen? absolute trash app.","ok, can someone explain why it will be showing me a profile for someone within my filters then as I am reading through the profile it suddenly switches to the ""you've seen everyone nearby"" screen? absolute trash app.",,,,,1,1,0,0,0,1,neutral
google_play,2026-05-06,,Asks your a phone number you put the digits no code sent you keep a call option nothing,Asks your a phone number you put the digits no code sent you keep a call option nothing,,,,,1,1,-0.2263,0.067,0.113,0.821,negative
google_play,2026-05-06,,"Could you please make the send button slightly bigger? it's really so small that it takes a couple of taps to send the message, very annoying.","Could you please make the send button slightly bigger? it's really so small that it takes a couple of taps to send the message, very annoying.",,,,,3,1,-0.1761,0.079,0.102,0.819,negative
google_play,2026-05-06,,"in 5 years, never had any interest....","in 5 years, never had any interest....",,,,,1,1,-0.357,0,0.292,0.708,negative
google_play,2026-05-06,,Utter waste,Utter waste,,,,,1,1,-0.4754,0,0.756,0.244,negative
google_play,2026-05-06,,"same old, all dating apps don't want you to meet the love of your life. they are designed to keep you coming back.","same old, all dating apps don't want you to meet the love of your life. they are designed to keep you coming back.",,,,,1,1,0.6096,0.159,0.046,0.795,positive
google_play,2026-05-06,,thank God for aap,thank God for aap,,,,,5,0,0.5574,0.697,0,0.303,positive
google_play,2026-05-06,,"I installed and then account blocked? I just installed it and verified my number which as we see I'm real. It's control freaks like these guys that are destroying date apps. They feel the need to overprotect and over regulate, but it's only to their rules or what they deem fit. What joke.","I installed and then account blocked? I just installed it and verified my number which as we see I'm real. It's control freaks like these guys that are destroying date apps. They feel the need to overprotect and over regulate, but it's only to their rules or what they deem fit. What joke.",,,,,1,1,0.5994,0.149,0.084,0.767,positive
google_play,2026-05-06,,"I would give 0 stars if I could. The human verification is unnecessarily long and ""sinister."" To make matters worse, the phone number verification fails every time, forcing me to redo the entire captcha. I’ve been trying for days and still can’t get in. Fix your onboarding process; it’s currently a loop of frustration.","I would give 0 stars if I could. The human verification is unnecessarily long and ""sinister."" To make matters worse, the phone number verification fails every time, forcing me to redo the entire captcha. I’ve been trying for days and still can’t get in. Fix your onboarding process; it’s currently a loop of frustration.",,,,,1,2,-0.91,0.038,0.204,0.758,negative
google_play,2026-05-06,,"algorithm is getting better, still hard to find a match tho gonna give it a 4","algorithm is getting better, still hard to find a match tho gonna give it a 4",,,,,4,10,0.3612,0.158,0.077,0.765,positive
google_play,2026-05-06,,This useless app won't let me create account nor sign in ! the developer was damn dead!,This useless app won't let me create account nor sign in ! the developer was damn dead!,,,,,1,2,-0.9042,0,0.484,0.516,negative
google_play,2026-05-06,,best Dating app by far. the only downside is that there are very few people using it in my region it seems... I always emoty my vue after a few swipes a day...,best Dating app by far. the only downside is that there are very few people using it in my region it seems... I always emoty my vue after a few swipes a day...,,,,,4,0,0.4939,0.113,0.054,0.833,positive
google_play,2026-05-06,,the worst dating app,the worst dating app,,,,,1,1,-0.6249,0,0.577,0.423,negative
google_play,2026-05-05,,"typical experience for males; swipe until you can't, get very minimal matches, then they try and get you to pay.","typical experience for males; swipe until you can't, get very minimal matches, then they try and get you to pay.",,,,,1,1,-0.1027,0,0.069,0.931,negative
google_play,2026-05-05,,"not worth it, it's a dating app that will further lure you into it by sending fake likes and then, once you bought your subscription, they will want you to buy premium+..","not worth it, it's a dating app that will further lure you into it by sending fake likes and then, once you bought your subscription, they will want you to buy premium+..",,,,,1,1,-0.1695,0.111,0.129,0.76,negative
google_play,2026-05-05,,"I'm giving bumble 1 star because I cant give them any less! I think I actually got far less matches with the premium account than I was with the free version! Total and utter con, don't fall for it! Like a slot machine, it's designed for you to fail! Not impressed with my 17.99 purchase!","I'm giving bumble 1 star because I cant give them any less! I think I actually got far less matches with the premium account than I was with the free version! Total and utter con, don't fall for it! Like a slot machine, it's designed for you to fail! Not impressed with my 17.99 purchase!",,,,,1,7,0.5129,0.143,0.093,0.764,positive
google_play,2026-05-05,,i hope their stocks go lower how horrible this app is OMG no matches for straight men. stupid verification ritual of useless puzzles that takes 10mins to complete then says not successful do it again. i hope this app goes extinct.,i hope their stocks go lower how horrible this app is OMG no matches for straight men. stupid verification ritual of useless puzzles that takes 10mins to complete then says not successful do it again. i hope this app goes extinct.,,,,,1,1,-0.8581,0.135,0.302,0.563,negative
google_play,2026-05-05,,Paid version is glitchy. Doesn't scroll or swipe well.,Paid version is glitchy. Doesn't scroll or swipe well.,,,,,1,1,0.2732,0.208,0,0.792,positive
google_play,2026-05-05,,ZERO MATCHES. horrible customer service. Ai or automatic messages and email that won't fix anything. As a male it's hopeless and depressing using this app. And they definitely shadow banned you and yoh will never know. Even if you pay premium. You have almost zero matches. It's really bad,ZERO MATCHES. horrible customer service. Ai or automatic messages and email that won't fix anything. As a male it's hopeless and depressing using this app. And they definitely shadow banned you and yoh will never know. Even if you pay premium. You have almost zero matches. It's really bad,,,,,1,1,-0.9273,0.044,0.279,0.677,negative
google_play,2026-05-05,,"This app is just taking money and doing nothing, I am about lose my few connections because of these lagging issues. can't reply the messages I'm receiving from my potential connections. why make an app subscription and not working on improving it? I wish I could give zero rating. I know you won't fix anything other than replying me here. pathetic!!!!","This app is just taking money and doing nothing, I am about lose my few connections because of these lagging issues. can't reply the messages I'm receiving from my potential connections. why make an app subscription and not working on improving it? I wish I could give zero rating. I know you won't fix anything other than replying me here. pathetic!!!!",,,,,1,1,-0.8519,0.038,0.17,0.792,negative
google_play,2026-05-05,,this feels unfair but do I rate this based on my terrible looks and poor personality or do I rate it based on what an awful platform this is?,this feels unfair but do I rate this based on my terrible looks and poor personality or do I rate it based on what an awful platform this is?,,,,,2,0,-0.9366,0,0.365,0.635,negative
google_play,2026-05-05,,"I am a life member and been using the app since 5 year in India and Nigeria, i had a more than satisfactory experience with the app.. My usage was always similar since 5 years.. Met some genuine dates and quite a few scamsters.. Got blackmailed and robbed once..but learnt to be extra careful when in foreign countries. Suddenly i got blocked and the reason cannot be given.","I am a life member and been using the app since 5 year in India and Nigeria, i had a more than satisfactory experience with the app.. My usage was always similar since 5 years.. Met some genuine dates and quite a few scamsters.. Got blackmailed and robbed once..but learnt to be extra careful when in foreign countries. Suddenly i got blocked and the reason cannot be given.",,,,,3,1,0.3134,0.061,0.029,0.909,positive
google_play,2026-05-05,,"It's actually pretty funny that a woman owns and operates bumble. Bumble just wants your money, algorithms never actually get you on dates.They just want to keep you on the app. if dating apps actually worked, they wouldn't make money. Way to many romance scams. Bumble isn't doing enough to stop them. dating apps are a total scam.","It's actually pretty funny that a woman owns and operates bumble. Bumble just wants your money, algorithms never actually get you on dates.They just want to keep you on the app. if dating apps actually worked, they wouldn't make money. Way to many romance scams. Bumble isn't doing enough to stop them. dating apps are a total scam.",,,,,1,2,0.0018,0.153,0.139,0.708,neutral
google_play,2026-05-05,,"0 exposure. Even with a paid plan, you are still not seen. don't waste your money.","0 exposure. Even with a paid plan, you are still not seen. don't waste your money.",,,,,1,1,-0.2466,0,0.117,0.883,negative
google_play,2026-05-05,,"Waste of money for subscription. Immediately I subscribed matches got limited and repetitive even after swiping profiles left. The app has also kept locking me out from my account several days at a time, bringing me a massage that Bumble is no longer operational in Russia yet my location is not set in Russia. The travel mode is also trash because it doesn't show me potential matches in any city I set for travel mode","Waste of money for subscription. Immediately I subscribed matches got limited and repetitive even after swiping profiles left. The app has also kept locking me out from my account several days at a time, bringing me a massage that Bumble is no longer operational in Russia yet my location is not set in Russia. The travel mode is also trash because it doesn't show me potential matches in any city I set for travel mode",,,,,1,2,-0.7845,0,0.111,0.889,negative
google_play,2026-05-05,,They want to you to get a paid account but then say you're under 18 and can't get one even though my age is verified that I am in my 30s. terrible app,They want to you to get a paid account but then say you're under 18 and can't get one even though my age is verified that I am in my 30s. terrible app,,,,,1,0,-0.6124,0.032,0.114,0.854,negative
google_play,2026-05-05,,"terrible, when I made my account everyone called my photos from google or safari","terrible, when I made my account everyone called my photos from google or safari",,,,,1,0,-0.4767,0,0.193,0.807,negative
google_play,2026-05-05,,Really poor experience. Im paying for the app and the algorithm does not work. I would have to pay more to be seen. What a waste.,Really poor experience. Im paying for the app and the algorithm does not work. I would have to pay more to be seen. What a waste.,,,,,1,0,-0.7645,0,0.248,0.752,negative
google_play,2026-05-05,,useless app full of same sex relationships used for 6 months straight zero matches because I'm a straight man. what a waste of time,useless app full of same sex relationships used for 6 months straight zero matches because I'm a straight man. what a waste of time,,,,,1,1,-0.4215,0.129,0.19,0.68,negative
google_play,2026-05-05,,I'm already paid but still showing me pending payment and i can't use the app,I'm already paid but still showing me pending payment and i can't use the app,,,,,2,0,0,0,0,1,neutral
google_play,2026-05-05,,Excellent 👍,Excellent 👍,,,,,5,0,0.5719,0.649,0,0.351,positive
google_play,2026-05-05,,"Do not use bumble it's a system generated dating apps and someone liked you message come before subscription after subscription no one message you, Totally fraud apps.","Do not use bumble it's a system generated dating apps and someone liked you message come before subscription after subscription no one message you, Totally fraud apps.",,,,,1,1,-0.5413,0.085,0.19,0.725,negative
google_play,2026-05-05,,"Why would they not let you filter by distance or city, so dumb.","Why would they not let you filter by distance or city, so dumb.",,,,,1,0,-0.6418,0,0.261,0.739,negative
google_play,2026-05-05,,worse than any dating app iv been on! having too pay too get more likes. you only get like 3 and then you get none for the next 100 years.,worse than any dating app iv been on! having too pay too get more likes. you only get like 3 and then you get none for the next 100 years.,,,,,1,1,0.3367,0.162,0.124,0.715,positive
google_play,2026-05-05,,you get like 15 swipes a day. the app basically just begs you for money at every turn would highly suggest using Facebook dating.,you get like 15 swipes a day. the app basically just begs you for money at every turn would highly suggest using Facebook dating.,,,,,2,1,0.3612,0.098,0,0.902,positive
google_play,2026-05-05,,"This is a total scam, almost $40. Just to see who liked my profile, absolutely insane.","This is a total scam, almost $40. Just to see who liked my profile, absolutely insane.",,,,,1,1,-0.6353,0.123,0.307,0.571,negative
google_play,2026-05-05,,"No matches, this app is an absolute c*ap, even when you pay for it. If you don't want to lose your time, money, nerves.. just don't even install it.","No matches, this app is an absolute c*ap, even when you pay for it. If you don't want to lose your time, money, nerves.. just don't even install it.",,,,,1,1,-0.2415,0.07,0.192,0.739,negative
google_play,2026-05-05,,"blocked my account because I had a bio saying “Don’t worry, I’ll act sweet, get you comfortable, then vanish. Gotta match the energy on this app c:” that's literally what every guy does on that app !! how does me saying it make it any different!? it's the pure truth though is it not ??? ban the bots and the ppl looking for hookups or selling Nudes !","blocked my account because I had a bio saying “Don’t worry, I’ll act sweet, get you comfortable, then vanish. Gotta match the energy on this app c:” that's literally what every guy does on that app !! how does me saying it make it any different!? it's the pure truth though is it not ??? ban the bots and the ppl looking for hookups or selling Nudes !",,,,,1,0,0.8946,0.193,0.061,0.746,positive
google_play,2026-05-05,,i verified myself 20 times to prove myself as a human!is that a joke?! trash app,i verified myself 20 times to prove myself as a human!is that a joke?! trash app,,,,,1,0,0.4184,0.157,0,0.843,positive
google_play,2026-05-05,,Terrible absolute was of money! dont fall for it.,Terrible absolute was of money! dont fall for it.,,,,,1,1,-0.5255,0,0.298,0.702,negative
google_play,2026-05-05,,"honestly, not good. the matching algorithm is horrible. I have 40 matches with the free version of the app. Continuing to swipe right or left, it never says ""match"" or ""missed match."" it just lets me swipe endlessly on profiles that have never and will never see me.","honestly, not good. the matching algorithm is horrible. I have 40 matches with the free version of the app. Continuing to swipe right or left, it never says ""match"" or ""missed match."" it just lets me swipe endlessly on profiles that have never and will never see me.",,,,,2,1,-0.2037,0.11,0.141,0.749,negative
google_play,2026-05-05,,why is it difficult to sign up on bumble with Android for 3days been trying can't sign up,why is it difficult to sign up on bumble with Android for 3days been trying can't sign up,,,,,1,0,-0.3612,0,0.128,0.872,negative
google_play,2026-05-05,,I couldn't create an account! it keeps telling me to check my number but mine is correct I don't get what the problem is.,I couldn't create an account! it keeps telling me to check my number but mine is correct I don't get what the problem is.,,,,,2,1,-0.6248,0.042,0.192,0.766,negative
google_play,2026-05-05,,Waste of time app,Waste of time app,,,,,1,1,-0.4215,0,0.483,0.517,negative
google_play,2026-05-05,,"I made the mistake of paying for the lifetime subscription from these guys a long time ago, finally decided to get back into the game after 3 years and got my subscription reactivated, and ive matched with nothing but bots in a whole week... I feel like they just want you to buy buy buy in order for you to be seen by anyone 😭","I made the mistake of paying for the lifetime subscription from these guys a long time ago, finally decided to get back into the game after 3 years and got my subscription reactivated, and ive matched with nothing but bots in a whole week... I feel like they just want you to buy buy buy in order for you to be seen by anyone 😭",,,,,1,3,-0.2846,0.064,0.08,0.857,negative
google_play,2026-05-05,,Recommend for everyone it's simply to use.,Recommend for everyone it's simply to use.,,,,,5,0,0.3612,0.294,0,0.706,positive
google_play,2026-05-04,,"Premium user here. The UX is a nightmare for high-volume accounts. Every reply jumps to the top, forcing a manual scroll through 40+ chats to find my place. The app already tags 'Your move' - why isn't this a filter? Cluttering the chat list with expiring matches makes it impossible to manage active dialogues. We need a 'Needs Response' filter to stop the endless scrolling loop. Great for discovery, terrible for actual communication. Please fix the sorting logic!","Premium user here. The UX is a nightmare for high-volume accounts. Every reply jumps to the top, forcing a manual scroll through 40+ chats to find my place. The app already tags 'Your move' - why isn't this a filter? Cluttering the chat list with expiring matches makes it impossible to manage active dialogues. We need a 'Needs Response' filter to stop the endless scrolling loop. Great for discovery, terrible for actual communication. Please fix the sorting logic!",,,,,1,0,0.7088,0.126,0.06,0.814,positive
google_play,2026-05-04,,"Trying to reinstall the app after 1 year. Not sending code to my number... I never get a call. Did the signup captcha, fails to sign up. on 2 different phones and 2 different numbers. a real disaster. No support to help too","Trying to reinstall the app after 1 year. Not sending code to my number... I never get a call. Did the signup captcha, fails to sign up. on 2 different phones and 2 different numbers. a real disaster. No support to help too",,,,,1,1,-0.7317,0.078,0.179,0.743,negative
google_play,2026-05-04,,attempted to cancel my subscription & was charged anyway? had to remove my visa from Google play to prevent bumble from taking money from my wallet without permission 🤬,attempted to cancel my subscription & was charged anyway? had to remove my visa from Google play to prevent bumble from taking money from my wallet without permission 🤬,,,,,1,1,-0.0772,0.096,0.105,0.799,negative
google_play,2026-05-04,,"Doesn't work for me. I try to sign in having been off the app for sometime, and it just keeps going round in circles asking me to verify my phone number over and over again. No way into to the app","Doesn't work for me. I try to sign in having been off the app for sometime, and it just keeps going round in circles asking me to verify my phone number over and over again. No way into to the app",,,,,1,0,-0.2263,0.031,0.052,0.918,negative
google_play,2026-05-04,,I really like their find friends feature but I think they also have a separate app for that. Feels respectful and fun,I really like their find friends feature but I think they also have a separate app for that. Feels respectful and fun,,,,,5,0,0.9081,0.408,0,0.592,positive
google_play,2026-05-04,,entire profiles being fed into ai. offering advice on how you set up your profile and what pictures to use and what to write. worthless. dating and meeting people should be as authentic as possible. it feels like they're sabotaging their users.,entire profiles being fed into ai. offering advice on how you set up your profile and what pictures to use and what to write. worthless. dating and meeting people should be as authentic as possible. it feels like they're sabotaging their users.,,,,,1,1,-0.1027,0.055,0.064,0.881,negative
google_play,2026-05-04,,"you should include a diet filter, one should have the option to search only for vegetarian profiles, also location wise filter should be there.c","you should include a diet filter, one should have the option to search only for vegetarian profiles, also location wise filter should be there.c",,,,,2,0,0.4767,0.119,0,0.881,positive
google_play,2026-05-04,,got charged 1 day BEFORE the weekly expiration date (premium),got charged 1 day BEFORE the weekly expiration date (premium),,,,,1,1,-0.2023,0,0.167,0.833,negative
google_play,2026-05-04,,"I paid one month subscription after accumulating 10 likes which I couldn't see. Those 10 likes when I opened them, nearly finished off my self-esteem. After I paid money, new likes went down to 1 in the same period. and now I wonder if those were some random accounts created to drag me into paying. I did connect with couple normal ladies, but, I expected a little bit more.","I paid one month subscription after accumulating 10 likes which I couldn't see. Those 10 likes when I opened them, nearly finished off my self-esteem. After I paid money, new likes went down to 1 in the same period. and now I wonder if those were some random accounts created to drag me into paying. I did connect with couple normal ladies, but, I expected a little bit more.",,,,,3,2,0.5789,0.099,0.02,0.881,positive
google_play,2026-05-04,,this app has went from being one of the most trusted dating apps to even worse than how tinder was. I promise you this app will give you a fake match notification every few months just to keep you from deleting it. also what's with the random dudes showing up if your preference is set to only women?,this app has went from being one of the most trusted dating apps to even worse than how tinder was. I promise you this app will give you a fake match notification every few months just to keep you from deleting it. also what's with the random dudes showing up if your preference is set to only women?,,,,,1,1,-0.1298,0.086,0.094,0.82,negative
google_play,2026-05-04,,"Possibly the worst dating app I've ever used. I've only spent 24 hours on the app, didn't get any matches, didn't interact or message anyone but I was still banned. It's not even worth 1 star.","Possibly the worst dating app I've ever used. I've only spent 24 hours on the app, didn't get any matches, didn't interact or message anyone but I was still banned. It's not even worth 1 star.",,,,,1,1,-0.82,0,0.206,0.794,negative
google_play,2026-05-04,,"this app used to be great to find people now it is completely useless and all hidden behind money walls.maybe get 4/5 swipes free then out of likes.you subscribe for money and it runs out of people to swipe very quickly and you have to ""upgrade"" again wat a terrible app!!","this app used to be great to find people now it is completely useless and all hidden behind money walls.maybe get 4/5 swipes free then out of likes.you subscribe for money and it runs out of people to swipe very quickly and you have to ""upgrade"" again wat a terrible app!!",,,,,1,2,0.4197,0.131,0.101,0.768,positive
google_play,2026-05-04,,0 likes in een jaar tijd. Je wordt er depressief van. En blijkbaar moeten vrouwen niet meer eerst sturen zoals vroeger de USP was?,0 likes in een jaar tijd. Je wordt er depressief van. En blijkbaar moeten vrouwen niet meer eerst sturen zoals vroeger de USP was?,,,,,1,0,0.4215,0.109,0,0.891,positive
google_play,2026-05-04,,"Dating apps don't work in India. The majority of women are looking for validation and attention, not a relationship or a date. I'm not even generalizing, just ask your female friends, they'll confirm it. Over the years, I've had close to 20 matches... but zero dates. So what's the point?? No point unless you buy premium and even then it's like... why bother","Dating apps don't work in India. The majority of women are looking for validation and attention, not a relationship or a date. I'm not even generalizing, just ask your female friends, they'll confirm it. Over the years, I've had close to 20 matches... but zero dates. So what's the point?? No point unless you buy premium and even then it's like... why bother",,,,,2,0,-0.2406,0.075,0.089,0.836,negative
google_play,2026-05-04,,I would rather die single than buying your premium to see who likes me,I would rather die single than buying your premium to see who likes me,,,,,1,1,-0.2732,0.15,0.209,0.642,negative
google_play,2026-05-04,,It's a decent dating app with good options to upgrade. I don't think the engagement from matches are different from other dating apps.,It's a decent dating app with good options to upgrade. I don't think the engagement from matches are different from other dating apps.,,,,,4,1,0.1078,0.11,0.094,0.796,positive
google_play,2026-05-04,,contacted support. location is broken still.,contacted support. location is broken still.,,,,,1,0,-0.1027,0.276,0.316,0.408,negative
google_play,2026-05-04,,This app makes tinder look good.,This app makes tinder look good.,,,,,2,1,0.4404,0.367,0,0.633,positive
google_play,2026-05-04,,"Your Greed does not match the app functionality ...gone up to $40 a week , just stop ✋🏾","Your Greed does not match the app functionality ...gone up to $40 a week , just stop ✋🏾",,,,,1,1,-0.1779,0.118,0.181,0.701,negative
google_play,2026-05-04,,"id leave zero stars if I could. the app won't let you delete your own information, despite trying to get it done with the support chat. the people on the are creepy or flaky and ghost you. predatory and useless app, you can't set distance parameters if you live in a border town. most of the profiles seem fake, despite setting specifications people you're not interested in show up repeatedly. I can't say enough bad stuff about this app.","id leave zero stars if I could. the app won't let you delete your own information, despite trying to get it done with the support chat. the people on the are creepy or flaky and ghost you. predatory and useless app, you can't set distance parameters if you live in a border town. most of the profiles seem fake, despite setting specifications people you're not interested in show up repeatedly. I can't say enough bad stuff about this app.",,,,,1,1,-0.6259,0.062,0.131,0.807,negative
google_play,2026-05-03,,"Shadowbaned, account creation verification like I am creating a NASA account","Shadowbaned, account creation verification like I am creating a NASA account",,,,,1,1,0.7003,0.459,0,0.541,positive
google_play,2026-05-03,,"Despite paying for Premium+, having a profile approved by my female friends, and lots of swiping, the only matches I got were with people who live in other continents (Bumble has a 'travel mode' epidemic) or people who are clearly 'professionals'.","Despite paying for Premium+, having a profile approved by my female friends, and lots of swiping, the only matches I got were with people who live in other continents (Bumble has a 'travel mode' epidemic) or people who are clearly 'professionals'.",,,,,3,1,0.8225,0.185,0,0.815,positive
google_play,2026-05-03,,Fake and abandoned profiles are all over. Bumble was a nice concept it's now just another example of the Dead Internet. Matched with multiple women and they turned out to be bots or scammers. reporting either does nothing or they just recreate their profile as I see the same fake profiles regardless of how often I report them. I think you'll have a less frustrating experience taking a class and meeting people IRL. For what Bumble charges you might as well.,Fake and abandoned profiles are all over. Bumble was a nice concept it's now just another example of the Dead Internet. Matched with multiple women and they turned out to be bots or scammers. reporting either does nothing or they just recreate their profile as I see the same fake profiles regardless of how often I report them. I think you'll have a less frustrating experience taking a class and meeting people IRL. For what Bumble charges you might as well.,,,,,1,1,-0.9233,0.051,0.189,0.76,negative
google_play,2026-05-03,,looking for BFF APP for friends 🧡 🙏,looking for BFF APP for friends 🧡 🙏,,,,,1,1,0.9175,0.63,0,0.37,positive
google_play,2026-05-03,,For some reason audio recording is needed for selfie verification,For some reason audio recording is needed for selfie verification,,,,,1,1,0,0,0,1,neutral
google_play,2026-05-03,,"this is a horrendous dating app... This app will lie to you... I just received a notification about someone wanting to meet me.... guess what... bumble sent me this fake notification but no one exist, nada,zero on the ""like me"" section.. this bumble app is gas lighting people like me.","this is a horrendous dating app... This app will lie to you... I just received a notification about someone wanting to meet me.... guess what... bumble sent me this fake notification but no one exist, nada,zero on the ""like me"" section.. this bumble app is gas lighting people like me.",,,,,1,1,-0.0032,0.11,0.127,0.763,neutral
google_play,2026-05-03,,This app become absolutely the worst. It's buggy. First full of I spent out of time to create a profile because it was saying that I don't have 18.After I finally created account it was keep deleting my photos even though I previously use them. it forces you to give personal information or to describe things about yourself you don't want. People and matches are a lot less than tinder.,This app become absolutely the worst. It's buggy. First full of I spent out of time to create a profile because it was saying that I don't have 18.After I finally created account it was keep deleting my photos even though I previously use them. it forces you to give personal information or to describe things about yourself you don't want. People and matches are a lot less than tinder.,,,,,1,1,-0.3612,0.054,0.074,0.872,negative
google_play,2026-05-03,,Terrible app. If you don't purchase a subscription they'll notify that someone has liked your profile but won't show their profile. once you buy a subscription you soon realize that's a fake profile because you won't be getting any reply further. and for the entire time of subscription you won't get any likes from anymore profiles and also you'll hardly get any accept if you send one. Once your subscription expires they'll again send a notification that someone has liked.,Terrible app. If you don't purchase a subscription they'll notify that someone has liked your profile but won't show their profile. once you buy a subscription you soon realize that's a fake profile because you won't be getting any reply further. and for the entire time of subscription you won't get any likes from anymore profiles and also you'll hardly get any accept if you send one. Once your subscription expires they'll again send a notification that someone has liked.,,,,,1,6,-0.1515,0.094,0.1,0.806,negative
google_play,2026-05-03,,"my account was blocked due to they said I did violating they rules meanwhile I never do that, not recommended 👎","my account was blocked due to they said I did violating they rules meanwhile I never do that, not recommended 👎",,,,,1,0,-0.7345,0,0.275,0.725,negative
google_play,2026-05-03,,stupid app,stupid app,,,,,1,0,-0.5267,0,0.773,0.227,negative
google_play,2026-05-03,,Useless app! After years of using just after single update it wiped out all my messages!! How's it possible?? Paid extra for some features and now its just wiped out😳 your ai obviously clueless what's going on... Thanks bumble people for ruining it!.. deleting for ever and sharing this with others!,Useless app! After years of using just after single update it wiped out all my messages!! How's it possible?? Paid extra for some features and now its just wiped out😳 your ai obviously clueless what's going on... Thanks bumble people for ruining it!.. deleting for ever and sharing this with others!,,,,,1,1,-0.4815,0.091,0.141,0.768,negative
google_play,2026-05-03,,"I had a frustrating experience using. Shortly after purchasing a one-month subscription, my account was blocked within a few hours. The reason provided for the block was unclear, and I was not given sufficient explanation or evidence to understand what led to the decision. What made the situation more concerning was the timing. The restriction happened almost immediately after I subscribed, which left me feeling disappointed and confused. As a paying user, I expected better transparency","I had a frustrating experience using. Shortly after purchasing a one-month subscription, my account was blocked within a few hours. The reason provided for the block was unclear, and I was not given sufficient explanation or evidence to understand what led to the decision. What made the situation more concerning was the timing. The restriction happened almost immediately after I subscribed, which left me feeling disappointed and confused. As a paying user, I expected better transparency",,,,,1,1,-0.9001,0.05,0.196,0.755,negative
google_play,2026-05-03,,"you spend 150 euro for a premium account , and they block you for spamming. they are thief !","you spend 150 euro for a premium account , and they block you for spamming. they are thief !",,,,,1,1,-0.8655,0,0.377,0.623,negative
google_play,2026-05-03,,no entendi la interfaz,no entendi la interfaz,,,,,2,0,-0.296,0,0.423,0.577,negative
google_play,2026-05-03,,"wish I read the reviews before paying for subscription...discover doesn't loads, photo insights doesn't work, not a single like is past 1 week, like everyone says with everything said and done....seems like a waste of money... disappointed ☹️","wish I read the reviews before paying for subscription...discover doesn't loads, photo insights doesn't work, not a single like is past 1 week, like everyone says with everything said and done....seems like a waste of money... disappointed ☹️",,,,,1,2,-0.4039,0.154,0.208,0.639,negative
google_play,2026-05-03,,"Customer support service is extremely terrible especially. If you encounter problems with paid premium benefits, you are going to have nightmares dealing with the ROBOT. Zero understanding of the issue.","Customer support service is extremely terrible especially. If you encounter problems with paid premium benefits, you are going to have nightmares dealing with the ROBOT. Zero understanding of the issue.",,,,,1,2,-0.2006,0.142,0.163,0.695,negative
google_play,2026-05-03,,I deleted my account today after several years after they had AI scanning my pictures without my consent and giving me really nasty feedback about my photos. I will NEVER use this company again,I deleted my account today after several years after they had AI scanning my pictures without my consent and giving me really nasty feedback about my photos. I will NEVER use this company again,,,,,1,5,-0.4869,0.062,0.143,0.796,negative
google_play,2026-05-03,,"This app is purely for making money , it has a algorithm for boys & girls, till you subscribe you will get request , once after payment u won't get any matches for boys... Don't try this app money waste , i invested a lot...","This app is purely for making money , it has a algorithm for boys & girls, till you subscribe you will get request , once after payment u won't get any matches for boys... Don't try this app money waste , i invested a lot...",,,,,1,0,-0.4215,0,0.06,0.94,negative
google_play,2026-05-02,,"This has to be one of the worst apps in this category. It appears to try to mimic other main apps features but it is way worse in every single detail. That's not my opinion only, all of my 10 close single friends have the same perspective. Also the number of likes is so limited that nobody has quality matches 🤣 (coming from someone using these apps for many many years) (I don't need any apologies from Bumble lol, I'm just giving a feedback from someone who's not using this app ever)","This has to be one of the worst apps in this category. It appears to try to mimic other main apps features but it is way worse in every single detail. That's not my opinion only, all of my 10 close single friends have the same perspective. Also the number of likes is so limited that nobody has quality matches 🤣 (coming from someone using these apps for many many years) (I don't need any apologies from Bumble lol, I'm just giving a feedback from someone who's not using this app ever)",,,,,1,1,0.8981,0.175,0.081,0.744,positive
google_play,2026-05-02,,This app is crying out for some new features. And it needs to be made easier to match with people. They should bring back the Speed Dating but make it 5 minute rounds as this was a fun and exciting feature. They should add some loyalty regards like spotlighting and free views of who has liked you.,This app is crying out for some new features. And it needs to be made easier to match with people. They should bring back the Speed Dating but make it 5 minute rounds as this was a fun and exciting feature. They should add some loyalty regards like spotlighting and free views of who has liked you.,,,,,3,21,0.9793,0.344,0.026,0.629,positive
google_play,2026-05-02,,joining the bandwagon... this is bad! make want to start my own.,joining the bandwagon... this is bad! make want to start my own.,,,,,1,1,-0.5411,0.086,0.251,0.663,negative
google_play,2026-05-02,,"While there are definitely some cool people on the app, it doesn't really make wading through an ocean of bots asking for your snapchat. Also why is it so hard to cancel these addition services like plus, etc. in the app. Do better.","While there are definitely some cool people on the app, it doesn't really make wading through an ocean of bots asking for your snapchat. Also why is it so hard to cancel these addition services like plus, etc. in the app. Do better.",,,,,2,1,0.7407,0.202,0.08,0.718,positive
google_play,2026-05-02,,"It's okay, but the time limit on messages is absolutely stupid.","It's okay, but the time limit on messages is absolutely stupid.",,,,,3,0,-0.6798,0.094,0.325,0.581,negative
google_play,2026-05-02,,just another money app not a dating app all they want is your money the women are just pictures and you can't send but so many notes to their pictures you like or super likes even after you pay $70. how ridiculous,just another money app not a dating app all they want is your money the women are just pictures and you can't send but so many notes to their pictures you like or super likes even after you pay $70. how ridiculous,,,,,1,1,0.8625,0.248,0.089,0.663,positive
google_play,2026-05-02,,"I've used this off an on for a bit and really haven't had any luck. If you set your filters in a way the app doesn't like, it simply will not show you anyone. Something as simple as minimum age filter being set to 21 will show 0 people in a 50 mile radius, which is extremely hard to believe when there are 2 major cities within that distance.","I've used this off an on for a bit and really haven't had any luck. If you set your filters in a way the app doesn't like, it simply will not show you anyone. Something as simple as minimum age filter being set to 21 will show 0 people in a 50 mile radius, which is extremely hard to believe when there are 2 major cities within that distance.",,,,,1,5,-0.6466,0,0.087,0.913,negative
google_play,2026-05-02,,they banned my number and account by saying it's inauthentic and they are not removing the ban and idk how to complain about that,they banned my number and account by saying it's inauthentic and they are not removing the ban and idk how to complain about that,,,,,1,0,-0.3971,0.14,0.229,0.631,negative
google_play,2026-05-02,,"Its a scam trash app. I hadn't had a like in a week, my subscription expired and magically I had a like but had to pay to see it.","Its a scam trash app. I hadn't had a like in a week, my subscription expired and magically I had a like but had to pay to see it.",,,,,1,1,-0.4127,0.054,0.171,0.775,negative
google_play,2026-05-02,,"There's no one on this app. In less than a single morning I swiped through everyone within a hundred mile radius. On top of that, the app keeps trying to force transvestites upon me. If I tell the app I'm only interested in women, I only want to see women.","There's no one on this app. In less than a single morning I swiped through everyone within a hundred mile radius. On top of that, the app keeps trying to force transvestites upon me. If I tell the app I'm only interested in women, I only want to see women.",,,,,1,0,0.3818,0.107,0.041,0.852,positive
google_play,2026-05-02,,very worst and stupid system of registration...if someone can't get a sms by network they block your number which one is in your use....clapping,very worst and stupid system of registration...if someone can't get a sms by network they block your number which one is in your use....clapping,,,,,1,2,-0.8923,0.04,0.34,0.62,negative
google_play,2026-05-02,,Boring and paywall. Lots of AI profiles...,Boring and paywall. Lots of AI profiles...,,,,,1,0,-0.3182,0,0.277,0.723,negative
google_play,2026-05-02,,$70 a month or $18 a week. For a lot of bots and nothing. You guys smoking meth other there? 🤣,$70 a month or $18 a week. For a lot of bots and nothing. You guys smoking meth other there? 🤣,,,,,1,1,0.4939,0.118,0,0.882,positive
google_play,2026-05-02,,"Pretty frustrating experience as a guy. The app is heavily monetised, and it feels like you have to pay just to get a fair shot at matches. Even when you do match, not being able to message first often means conversations never even start. Ends up feeling like a waste of time unless you’re constantly spending money.","Pretty frustrating experience as a guy. The app is heavily monetised, and it feels like you have to pay just to get a fair shot at matches. Even when you do match, not being able to message first often means conversations never even start. Ends up feeling like a waste of time unless you’re constantly spending money.",,,,,1,3,0.5994,0.176,0.104,0.72,positive
google_play,2026-05-02,,"Poor user experience. Unable to sign up because the image verification (Captcha) is way too complicated. One star from me.""","Poor user experience. Unable to sign up because the image verification (Captcha) is way too complicated. One star from me.""",,,,,1,0,-0.4767,0,0.14,0.86,negative
google_play,2026-05-02,,Stay away from this scam. Having trouble getting matches? Try standing out by sending them a personal note! ($4 per 2 notes minimum) Or send them a superlike to know your serious! (5 for $9 minimum..These cant be interacted with unless you both paid for a premium membership)... Got this cute add today. The app and the people profiting off of loneliness are disgusting. shame on you all.,Stay away from this scam. Having trouble getting matches? Try standing out by sending them a personal note! ($4 per 2 notes minimum) Or send them a superlike to know your serious! (5 for $9 minimum..These cant be interacted with unless you both paid for a premium membership)... Got this cute add today. The app and the people profiting off of loneliness are disgusting. shame on you all.,,,,,1,1,-0.9034,0.072,0.216,0.711,negative
google_play,2026-05-02,,Their plan is to keep you on the app forever. Save your money and look elsewhere.,Their plan is to keep you on the app forever. Save your money and look elsewhere.,,,,,1,3,0.4939,0.176,0,0.824,positive
google_play,2026-05-02,,I did not even get a match,I did not even get a match,,,,,2,0,0,0,0,1,neutral
google_play,2026-05-02,,Worst app in the dating apps sector. Sell this company for peanuts.,Worst app in the dating apps sector. Sell this company for peanuts.,,,,,1,1,-0.6249,0,0.272,0.728,negative
google_play,2026-05-02,,Should have deleted this a long time ago. The app takes advantage of people's inability to form functional relationships.,Should have deleted this a long time ago. The app takes advantage of people's inability to form functional relationships.,,,,,1,1,-0.1779,0.092,0.124,0.783,negative
google_play,2026-05-02,,"This is a complete ripoff as I never get matches as every that ""matched"" with me were always hidden behind a pay wall. So I foolishly paid for the forever subscription. Now I have no matches whatsoever anymore so either the system lied or Bumble is still trying to get me to pay. I honestly have an easier time and better matches on Hinge if someone is looking for a dating app","This is a complete ripoff as I never get matches as every that ""matched"" with me were always hidden behind a pay wall. So I foolishly paid for the forever subscription. Now I have no matches whatsoever anymore so either the system lied or Bumble is still trying to get me to pay. I honestly have an easier time and better matches on Hinge if someone is looking for a dating app",,,,,1,1,0.0056,0.104,0.128,0.768,neutral
google_play,2026-05-02,,Impossible to cancel. Not listed under Google subscriptions!!!,Impossible to cancel. Not listed under Google subscriptions!!!,,,,,1,0,-0.4359,0,0.291,0.709,negative
google_play,2026-05-02,,"Beautiful girls, ugly matches","Beautiful girls, ugly matches",,,,,2,0,0.1531,0.424,0.359,0.217,positive
google_play,2026-05-02,,"It's strange. I've been playing for a few months and suddenly my account was blocked due to underage indications, even though I'm 20 years old. I've appealed twice, but the team insists that I'm underage.","It's strange. I've been playing for a few months and suddenly my account was blocked due to underage indications, even though I'm 20 years old. I've appealed twice, but the team insists that I'm underage.",,,,,1,0,-0.1406,0.039,0.081,0.88,negative
google_play,2026-05-01,,focused only on money,focused only on money,,,,,1,1,0.3818,0.464,0,0.536,positive
google_play,2026-05-01,,"Scam of a dating app. do not spend money on likes or compliments or hearts or whatever other gimmick they run that dont actually make a difference on whether you make matches. app developers are incentivized to keep you here as long as possible, not to help meet people. do not give the scammers your money.","Scam of a dating app. do not spend money on likes or compliments or hearts or whatever other gimmick they run that dont actually make a difference on whether you make matches. app developers are incentivized to keep you here as long as possible, not to help meet people. do not give the scammers your money.",,,,,1,1,0.5916,0.147,0.089,0.764,positive
google_play,2026-05-01,,Overall a good experience. Lots of people in my area and beyond.,Overall a good experience. Lots of people in my area and beyond.,,,,,4,0,0.4404,0.209,0,0.791,positive
google_play,2026-05-01,,bumble has been acting for some days now it is frustrating to chat like it hanging,bumble has been acting for some days now it is frustrating to chat like it hanging,,,,,1,0,-0.1027,0.129,0.149,0.722,negative
google_play,2026-05-01,,"creating an account is a nightmare have had the application for over 6 months and still trying to create an account. so many irritating steps and constantly being told to start. i recommend Bumpy to anyone, easier to create an account . wish i could give 0 star","creating an account is a nightmare have had the application for over 6 months and still trying to create an account. so many irritating steps and constantly being told to start. i recommend Bumpy to anyone, easier to create an account . wish i could give 0 star",,,,,1,0,0.8451,0.245,0.056,0.699,positive
google_play,2026-05-01,,kuch click nahi ho raha is app me ghatiya ap hai,kuch click nahi ho raha is app me ghatiya ap hai,,,,,1,0,0,0,0,1,neutral
google_play,2026-05-01,,not gonna pay well over $25 just to see my likes. this app is a troll.,not gonna pay well over $25 just to see my likes. this app is a troll.,,,,,1,1,0.3142,0.217,0.096,0.687,positive
google_play,2026-05-01,,guys lots of fake account even though the picture was verified,guys lots of fake account even though the picture was verified,,,,,1,1,-0.4767,0,0.237,0.763,negative
google_play,2026-05-01,,"When will you bring the most important filter, the distance filter ??? how am I supposed to meet people 200km away from me","When will you bring the most important filter, the distance filter ??? how am I supposed to meet people 200km away from me",,,,,1,1,0.3885,0.107,0,0.893,positive
google_play,2026-05-01,,"the app is unusable for free account for men, waste of time unless you pay","the app is unusable for free account for men, waste of time unless you pay",,,,,1,1,0.0258,0.169,0.215,0.615,neutral
google_play,2026-05-01,,is there anyway to register with email only?? I don't want to use my phone number and primary email. can I register???,is there anyway to register with email only?? I don't want to use my phone number and primary email. can I register???,,,,,1,0,0.2589,0.096,0.052,0.852,positive
google_play,2026-05-01,,"app should have the ability to filter people who you don't want meet for example race, ethnicity,religion and travel mode.","app should have the ability to filter people who you don't want meet for example race, ethnicity,religion and travel mode.",,,,,1,1,0.2681,0.107,0.057,0.836,positive
google_play,2026-05-01,,waste of time,waste of time,,,,,1,0,-0.4215,0,0.583,0.417,negative
google_play,2026-05-01,,"have been trying to create new account as a first comer, have been trying after the ludo verification it will tell me I can't process with entering the app please correct it please it's frustrating","have been trying to create new account as a first comer, have been trying after the ludo verification it will tell me I can't process with entering the app please correct it please it's frustrating",,,,,2,0,0.4215,0.165,0.071,0.764,positive
google_play,2026-05-01,,This is the worst dating app of the lot! hands down bar none.,This is the worst dating app of the lot! hands down bar none.,,,,,1,5,-0.6588,0,0.268,0.732,negative
google_play,2026-05-01,,The app keeps saying I'm underage when I'm trying to set up my account even though I am not.,The app keeps saying I'm underage when I'm trying to set up my account even though I am not.,,,,,1,0,0,0,0,1,neutral
google_play,2026-05-01,,really helpful,really helpful,,,,,3,0,0.4754,0.756,0,0.244,positive
google_play,2026-05-01,,"I get a notification from this app, I open it, I get jumpscared. Repeat. Dating apps only work if you're in an area with attractive singles. Unfortunately I'm not and I'm ugly.","I get a notification from this app, I open it, I get jumpscared. Repeat. Dating apps only work if you're in an area with attractive singles. Unfortunately I'm not and I'm ugly.",,,,,3,0,0.4943,0.151,0.065,0.784,positive
google_play,2026-04-30,,Not worth the subscription. Discovery is always empty,Not worth the subscription. Discovery is always empty,,,,,1,2,-0.354,0,0.366,0.634,negative
google_play,2026-04-30,,"you have limited likes, so I can't even enjoy the app to look at profiles and get matches. when I do get matches these men don't even reply. your message says, you limit likes for meaningful connections but that's not the case because I get matches but men let the time run out. please fix this and stop uncharging for everything!!","you have limited likes, so I can't even enjoy the app to look at profiles and get matches. when I do get matches these men don't even reply. your message says, you limit likes for meaningful connections but that's not the case because I get matches but men let the time run out. please fix this and stop uncharging for everything!!",,,,,2,1,0.4442,0.13,0.088,0.782,positive
google_play,2026-04-30,,Never worked for me,Never worked for me,,,,,1,1,0,0,0,1,neutral
google_play,2026-04-30,,impossible to try and unsubscribe easily.,impossible to try and unsubscribe easily.,,,,,1,0,0.34,0.324,0,0.676,positive
google_play,2026-04-30,,my account's blocked because of an ex-girlfriend that I wouldn't sell my house to that is a bunch of BS out of this app even play fair beware anybody can get you blocked on this app for anything,my account's blocked because of an ex-girlfriend that I wouldn't sell my house to that is a bunch of BS out of this app even play fair beware anybody can get you blocked on this app for anything,,,,,1,0,0.128,0.11,0.098,0.793,positive
google_play,2026-04-30,,was good at first I enjoyed it made sure everything was within the guide lines of the app and completely forgot about the app for a few days went to log back on and my account was blocked saying I went against the guide lines but it didn't tell which rule I went against and I have no way of seeing what rule I went against this app is absolute dog water,was good at first I enjoyed it made sure everything was within the guide lines of the app and completely forgot about the app for a few days went to log back on and my account was blocked saying I went against the guide lines but it didn't tell which rule I went against and I have no way of seeing what rule I went against this app is absolute dog water,,,,,1,2,0.1027,0.075,0.056,0.869,positive
google_play,2026-04-30,,I should probably just stop using dating apps. the whole thing is wrong for them to do what they say they're doing will also lose a customer. if they actually tried to do a good job they'd be out of business.,I should probably just stop using dating apps. the whole thing is wrong for them to do what they say they're doing will also lose a customer. if they actually tried to do a good job they'd be out of business.,,,,,1,2,-0.6249,0.061,0.167,0.772,negative
google_play,2026-04-30,,Never download this app it's disgusting as hell😡😡,Never download this app it's disgusting as hell😡😡,,,,,4,0,-0.8402,0,0.444,0.556,negative
google_play,2026-04-30,,"I may be an uggo, but this app is just fomo money grubbing nonsense dressed up to look wholesome. 2 years and only get matches from scammers and barren women on the other side of the country. finally get one nearby and i swipe left but won't let me backup from a left swipe without you giving them money.","I may be an uggo, but this app is just fomo money grubbing nonsense dressed up to look wholesome. 2 years and only get matches from scammers and barren women on the other side of the country. finally get one nearby and i swipe left but won't let me backup from a left swipe without you giving them money.",,,,,1,1,-0.7273,0,0.097,0.903,negative
google_play,2026-04-30,,spam n Spyware found! do not download,spam n Spyware found! do not download,,,,,1,1,-0.4199,0,0.318,0.682,negative
google_play,2026-04-30,,the apple puzzle is annoying.,the apple puzzle is annoying.,,,,,1,0,-0.4019,0,0.403,0.597,negative
google_play,2026-04-30,,"I think there are geeraly good people on here and have met a few people from the app now. it is a little restrictive regarding the free membership, so running out of swipes quickly, etc, but otherwise, it's a useful app for genuine people looking for more than a hookup","I think there are geeraly good people on here and have met a few people from the app now. it is a little restrictive regarding the free membership, so running out of swipes quickly, etc, but otherwise, it's a useful app for genuine people looking for more than a hookup",,,,,4,0,0.7876,0.145,0,0.855,positive
google_play,2026-04-30,,"I tried deleting my account in the app and it just removed my access to it, but the account stays active. The e-mail support (which is mostly AI) flat out refused to fully delete my account and data - which is illegal btw. Do NOT make an account with this app, it's a scam.","I tried deleting my account in the app and it just removed my access to it, but the account stays active. The e-mail support (which is mostly AI) flat out refused to fully delete my account and data - which is illegal btw. Do NOT make an account with this app, it's a scam.",,,,,1,2,-0.7684,0.103,0.185,0.712,negative
google_play,2026-04-30,,"Only 4 free swipes a day! Fake out of state profiles! Not worth paying for! If you swipe past a match, it's gone forever.","Only 4 free swipes a day! Fake out of state profiles! Not worth paying for! If you swipe past a match, it's gone forever.",,,,,1,38,-0.3274,0.11,0.188,0.701,negative
google_play,2026-04-30,,terrible experience i wish bumble could work more getting people interested in it. As well from payment for trying to rematch with people.,terrible experience i wish bumble could work more getting people interested in it. As well from payment for trying to rematch with people.,,,,,1,0,0.5667,0.26,0.104,0.636,positive
google_play,2026-04-30,,"app is broken, might as well take down the app aye","app is broken, might as well take down the app aye",,,,,1,0,-0.25,0.148,0.218,0.634,negative
google_play,2026-04-30,,"SCAM ALERT I was recently scammed by a user on Bumble. The app needs much better security and stricter photo verification. If you are using this app, please watch out for 'romance scammers' who try to move you to WhatsApp or Telegram quickly. Don't let what happened to me happen to you!!","SCAM ALERT I was recently scammed by a user on Bumble. The app needs much better security and stricter photo verification. If you are using this app, please watch out for 'romance scammers' who try to move you to WhatsApp or Telegram quickly. Don't let what happened to me happen to you!!",,,,,1,1,0.8513,0.226,0.068,0.706,positive
google_play,2026-04-30,,"Une app qui ne cache pas son besoin de faire raquer les mecs. Tu as 6 matchs en attente et l'apps te proposera de swiper 30 femmes dont aucunes n'est dans la liste de matchs. Pourquoi ? l'App veut que tu perdes patience pour souscrire à la version payante. La frustration de ne pas débloquer ses 6 occasions de, enfin parler avec une humaine sera si forte que tu viendras forcément à la version payante. Ne vous trompez pas. Les autres aussi le font... fakes profils et swipe des mêmes profiles.","Une app qui ne cache pas son besoin de faire raquer les mecs. Tu as 6 matchs en attente et l'apps te proposera de swiper 30 femmes dont aucunes n'est dans la liste de matchs. Pourquoi ? l'App veut que tu perdes patience pour souscrire à la version payante. La frustration de ne pas débloquer ses 6 occasions de, enfin parler avec une humaine sera si forte que tu viendras forcément à la version payante. Ne vous trompez pas. Les autres aussi le font... fakes profils et swipe des mêmes profiles.",,,,,1,1,-0.7096,0,0.062,0.938,negative
google_play,2026-04-30,,"I've contacted Bumble support and they told me that the reason they've removed distance filter is to give ""users more options"". What this means in practice is that they want to give you illusion of more matches on the app in places where there aren't many nearby matches to begin with, just to keep you on the app using the FOMO. In this restricted mode, where distance filter is hidden, the location of the matches is also intentionally placed at the very bottom of their profiles as the very last","I've contacted Bumble support and they told me that the reason they've removed distance filter is to give ""users more options"". What this means in practice is that they want to give you illusion of more matches on the app in places where there aren't many nearby matches to begin with, just to keep you on the app using the FOMO. In this restricted mode, where distance filter is hidden, the location of the matches is also intentionally placed at the very bottom of their profiles as the very last",,,,,1,2,0,0.043,0.032,0.926,neutral
google_play,2026-04-30,,"I paid for a lifetime subscription but got banned within a year without explanation. I didn't send any nudies or sexual or threatening texts. I contacted support multiple times for clarification and a review but received generic responses and no evidence or reason for the ban. At this point, I have paid for a service I can no longer access, with no proper resolution from the company. very disappointing experience with lack of transparency and accountability. Downloaded again to review the app","I paid for a lifetime subscription but got banned within a year without explanation. I didn't send any nudies or sexual or threatening texts. I contacted support multiple times for clarification and a review but received generic responses and no evidence or reason for the ban. At this point, I have paid for a service I can no longer access, with no proper resolution from the company. very disappointing experience with lack of transparency and accountability. Downloaded again to review the app",,,,,1,1,-0.9799,0.033,0.279,0.688,negative
google_play,2026-04-30,,"Such a stupid thing on this app is that even with the most expensive Subscription you only get 2 notes a week that means a male profile can only send 2 messages a week plus even after a match a female profile has to make the first move/message, i mean whole world knows Women never make first move so basically it's an app to make money from males 🙌","Such a stupid thing on this app is that even with the most expensive Subscription you only get 2 notes a week that means a male profile can only send 2 messages a week plus even after a match a female profile has to make the first move/message, i mean whole world knows Women never make first move so basically it's an app to make money from males 🙌",,,,,1,0,-0.5267,0,0.047,0.953,negative
google_play,2026-04-30,,Terrible app and service. Kept blocking access with no reason. Had to request unblock and had apology. Didn't even log on again and blocked again. Was told abuse... Would steer clear of this app and service,Terrible app and service. Kept blocking access with no reason. Had to request unblock and had apology. Didn't even log on again and blocked again. Was told abuse... Would steer clear of this app and service,,,,,1,0,-0.886,0.081,0.302,0.617,negative
google_play,2026-04-30,,wft phone verification is loading always!,wft phone verification is loading always!,,,,,1,0,0,0,0,1,neutral
google_play,2026-04-30,,purely fake profiles approach you. they vanish after some days of conversation without any obvious reason. they also give their whatsapp number. it's just a scam. after recharge and getting money to the app I got some likes. two three persons appear for chat but all were fake. people work for this app. they converse with you for some days and if you stop recharging the existing persons disappear suddenly. disgusting app. ayushman khurana movie ki pooja jaise fake bat karne vale log hain.,purely fake profiles approach you. they vanish after some days of conversation without any obvious reason. they also give their whatsapp number. it's just a scam. after recharge and getting money to the app I got some likes. two three persons appear for chat but all were fake. people work for this app. they converse with you for some days and if you stop recharging the existing persons disappear suddenly. disgusting app. ayushman khurana movie ki pooja jaise fake bat karne vale log hain.,,,,,1,1,-0.9663,0.03,0.225,0.745,negative
google_play,2026-04-30,,"these companys, Predatorial approach to desperation to make you give in to buying there membership to feel more wanted and less discarded only leads you to be more discarded and broke at the same time smh","these companys, Predatorial approach to desperation to make you give in to buying there membership to feel more wanted and less discarded only leads you to be more discarded and broke at the same time smh",,,,,1,0,-0.9035,0,0.298,0.702,negative
google_play,2026-04-30,,Doesn't send verification code,Doesn't send verification code,,,,,1,0,0,0,0,1,neutral
google_play,2026-04-30,,genuinely terrible how 90% of the app is behind a paywall,genuinely terrible how 90% of the app is behind a paywall,,,,,1,1,-0.4767,0,0.237,0.763,negative
google_play,2026-04-30,,I create I new account but otp issues why not receiveing otp,I create I new account but otp issues why not receiveing otp,,,,,1,0,0.1406,0.124,0,0.876,positive
google_play,2026-04-30,,"Barely any active users where I live, automated block system, and a useless support team that does nothing to top it all off","Barely any active users where I live, automated block system, and a useless support team that does nothing to top it all off",,,,,1,1,-0.2893,0.168,0.24,0.592,negative
google_play,2026-04-30,,Not in dark mode,Not in dark mode,,,,,4,1,0,0,0,1,neutral
google_play,2026-04-30,,fake profiles trying to rip you off,fake profiles trying to rip you off,,,,,1,1,-0.4767,0,0.341,0.659,negative
google_play,2026-04-29,,fraud app not getting single matches,fraud app not getting single matches,,,,,1,1,-0.5859,0,0.432,0.568,negative
google_play,2026-04-29,,"£17.99 a WEEK!? crazy! no point creating an account because anything you want to do you have to pay. Fake match/response notifications if you don't have subscriptions to lure you into paying to see, but it's a scam. I wanted to use this to find other females in my area with similar interest/hobbies for friendships but the costs are insane! apps like this never last long with extortionate prices, unfortunately. may be worth it if you're dating and want ease with the extra security ID checks","£17.99 a WEEK!? crazy! no point creating an account because anything you want to do you have to pay. Fake match/response notifications if you don't have subscriptions to lure you into paying to see, but it's a scam. I wanted to use this to find other females in my area with similar interest/hobbies for friendships but the costs are insane! apps like this never last long with extortionate prices, unfortunately. may be worth it if you're dating and want ease with the extra security ID checks",,,,,1,21,-0.3859,0.164,0.188,0.648,negative
google_play,2026-04-29,,Don't waste your time. Utter rubbish and nonsense. Designed to extract payment and provide no clarity on what you are looking for.,Don't waste your time. Utter rubbish and nonsense. Designed to extract payment and provide no clarity on what you are looking for.,,,,,1,1,-0.4385,0.088,0.197,0.716,negative
google_play,2026-04-29,,"the swipe left/right is too sensitive. sometimes when trying to swipe thru pictures, if you accidentally angle the slightest bit to the left or right then the software registers a yes or no. I feel bad when I accidentally match someone and have to quickly unmatch.","the swipe left/right is too sensitive. sometimes when trying to swipe thru pictures, if you accidentally angle the slightest bit to the left or right then the software registers a yes or no. I feel bad when I accidentally match someone and have to quickly unmatch.",,,,,3,1,-0.6808,0.051,0.157,0.792,negative
google_play,2026-04-29,,Such a terrible apps.. I just created my bumble account 2 days ago and I still not using it. now my account got blocked cause of community guidelines etc. I didnt disobey any rules here cause I'm still not using my account.. what a super terrible apps is this😡😡😡,Such a terrible apps.. I just created my bumble account 2 days ago and I still not using it. now my account got blocked cause of community guidelines etc. I didnt disobey any rules here cause I'm still not using my account.. what a super terrible apps is this😡😡😡,,,,,1,1,-0.34,0.092,0.129,0.779,negative
google_play,2026-04-29,,Yet another app that wants money to see the robots who liked you. 😅 Don't fall for these traps.,Yet another app that wants money to see the robots who liked you. 😅 Don't fall for these traps.,,,,,1,1,0.6486,0.209,0,0.791,positive
google_play,2026-04-29,,"This app is gender biased, so if you are male don't join","This app is gender biased, so if you are male don't join",,,,,1,0,-0.4567,0,0.285,0.715,negative
google_play,2026-04-29,,Ive used Bumble a few times over the last few years and the experience has only gotten worse. The subscription price used to atleast be reasonable but now its obvious its just a cash grab.,Ive used Bumble a few times over the last few years and the experience has only gotten worse. The subscription price used to atleast be reasonable but now its obvious its just a cash grab.,,,,,2,1,-0.2617,0,0.057,0.943,negative
google_play,2026-04-29,,"Be careful with this app. If you get scammed, the customer service will just apologize and ghost you later. I am still waiting my money back for my subscription! Really horrible service.","Be careful with this app. If you get scammed, the customer service will just apologize and ghost you later. I am still waiting my money back for my subscription! Really horrible service.",,,,,1,1,-0.6581,0.08,0.171,0.749,negative
google_play,2026-04-29,,"if I can't see the who liked me, I'm not going to pay to see... you should at least see the face of the person, to message you pay...","if I can't see the who liked me, I'm not going to pay to see... you should at least see the face of the person, to message you pay...",,,,,3,1,0.4011,0.13,0.044,0.826,positive
google_play,2026-04-29,,"I cannot subscribe to the app, why is that?","I cannot subscribe to the app, why is that?",,,,,1,0,0,0,0,1,neutral
google_play,2026-04-29,,without information u blocked my account. and i did subscribe too...,without information u blocked my account. and i did subscribe too...,,,,,1,0,0.2057,0.154,0,0.846,positive
google_play,2026-04-29,,don't pay for it,don't pay for it,,,,,1,1,0.0762,0.302,0,0.698,positive
google_play,2026-04-29,,"I recommend not to buy membership. Since you buy membership, Bumble keeps trying to deprive your chances to match. 2 communication between parties within 24 hrs again and again even though people matched? Who's ideas? Why do you want to take chances from the paid customer?","I recommend not to buy membership. Since you buy membership, Bumble keeps trying to deprive your chances to match. 2 communication between parties within 24 hrs again and again even though people matched? Who's ideas? Why do you want to take chances from the paid customer?",,,,,1,1,0.6747,0.198,0.058,0.744,positive
google_play,2026-04-29,,"Both the Discover and People tab are just gone dead from the last couple of days.. In the first couple of days it gave a bunch of profile recommendations, but now no new profile recommendations.. and don't even ask about the in-app support, it's just Ai prompted general answers that make no sense.","Both the Discover and People tab are just gone dead from the last couple of days.. In the first couple of days it gave a bunch of profile recommendations, but now no new profile recommendations.. and don't even ask about the in-app support, it's just Ai prompted general answers that make no sense.",,,,,1,1,-0.5719,0.058,0.136,0.806,negative
google_play,2026-04-29,,"I have changed my phone number and I have my Gmail account to log in, but I can't log in because I don't have that phone number with me again. Is there a way, a code could be sent to my Gmail account and I could later update my phone number?","I have changed my phone number and I have my Gmail account to log in, but I can't log in because I don't have that phone number with me again. Is there a way, a code could be sent to my Gmail account and I could later update my phone number?",,,,,1,1,0.2617,0.078,0,0.922,positive
google_play,2026-04-29,,"Dont buy the lifetime membership its a total scam! you cannot even message anyone at all!!!!!!!?!!!! it costs an additional $80 for 30 ""compliments"" or $12 for 2 to start conversations. each time you run out another $80 please. total rip off! Id rather have a refund on the membership now and use a different app instead...","Dont buy the lifetime membership its a total scam! you cannot even message anyone at all!!!!!!!?!!!! it costs an additional $80 for 30 ""compliments"" or $12 for 2 to start conversations. each time you run out another $80 please. total rip off! Id rather have a refund on the membership now and use a different app instead...",,,,,1,1,0.2903,0.096,0.062,0.842,positive
google_play,2026-04-29,,very unprofessional and rude. Got blocked without any evidence just because of someones personal agenda. Its not a place too find true love because its not there goal,very unprofessional and rude. Got blocked without any evidence just because of someones personal agenda. Its not a place too find true love because its not there goal,,,,,1,1,-0.2398,0.18,0.23,0.59,negative
google_play,2026-04-28,,"Absolute and utter garbage, WASTE OF TIME. You will not get any matches, and even if you magically happen to, they'll never message you.","Absolute and utter garbage, WASTE OF TIME. You will not get any matches, and even if you magically happen to, they'll never message you.",,,,,1,1,-0.5874,0,0.142,0.858,negative
google_play,2026-04-28,,idk why i paid for this trash app. like wow,idk why i paid for this trash app. like wow,,,,,1,1,0.7096,0.429,0.095,0.476,positive
google_play,2026-04-28,,Last 4 or 5 matches I had was with bots.,Last 4 or 5 matches I had was with bots.,,,,,1,1,0,0,0,1,neutral
google_play,2026-04-28,,Had to contact support- my account got banned after failing to complete the setup process all in one sitting. My fault for having a life!,Had to contact support- my account got banned after failing to complete the setup process all in one sitting. My fault for having a life!,,,,,1,1,-0.7644,0.082,0.282,0.637,negative
google_play,2026-04-28,,cant upload any photos to get on and use the app so 1*,cant upload any photos to get on and use the app so 1*,,,,,1,1,0,0,0,1,neutral
google_play,2026-04-28,,"please implement double tapping message likes, thank you :)","please implement double tapping message likes, thank you :)",,,,,5,0,0.8625,0.679,0,0.321,positive
google_play,2026-04-28,,From a simple match to a lifetime together. Met my wife on Bumble. Grateful it turned out this way.,From a simple match to a lifetime together. Met my wife on Bumble. Grateful it turned out this way.,,,,,5,0,0.4588,0.143,0,0.857,positive
google_play,2026-04-28,,It's just another money grubbing swipeathon. Not worth wasting your time with.,It's just another money grubbing swipeathon. Not worth wasting your time with.,,,,,1,1,0.1511,0.162,0.12,0.718,positive
google_play,2026-04-28,,annoying app I've ever seen,annoying app I've ever seen,,,,,1,1,-0.4019,0,0.403,0.597,negative
google_play,2026-04-28,,everything is too expensive with sooo many bots. developers could do better on basic functions.,everything is too expensive with sooo many bots. developers could do better on basic functions.,,,,,1,1,0.4404,0.172,0,0.828,positive
google_play,2026-04-28,,"Bumble is becoming more difficult to get matches. Even when using spotlights... before there was every Thursday and Sunday à game where u speeddated for one hour. There u could get some matches. Now bumble is like tinder. But nevertheless with Tinder Boost u get matches, with Bumble u get it no more... it's a waste of time and money. Don't use this in 2026 either.","Bumble is becoming more difficult to get matches. Even when using spotlights... before there was every Thursday and Sunday à game where u speeddated for one hour. There u could get some matches. Now bumble is like tinder. But nevertheless with Tinder Boost u get matches, with Bumble u get it no more... it's a waste of time and money. Don't use this in 2026 either.",,,,,1,8,-0.5411,0.071,0.117,0.812,negative
google_play,2026-04-28,,Tolles Design und einfache Bedienung – gefällt mir richtig gut!,Tolles Design und einfache Bedienung – gefällt mir richtig gut!,,,,,5,0,0,0,0,1,neutral
google_play,2026-04-28,,"If you want to experience extreme forms of bias, hate, scam profiles, and false connections.... This app is for you, not me. Doesn't matter how many times you report fake profiles, the profiles that look to scam you, or you get connected with someone you've never seen before or swiped on.... this app has turned into one of the most dangerous ones out there. let's not forget how about all the profiles that have extreme amounts of violence and hate in them and it's allowed to be there.","If you want to experience extreme forms of bias, hate, scam profiles, and false connections.... This app is for you, not me. Doesn't matter how many times you report fake profiles, the profiles that look to scam you, or you get connected with someone you've never seen before or swiped on.... this app has turned into one of the most dangerous ones out there. let's not forget how about all the profiles that have extreme amounts of violence and hate in them and it's allowed to be there.",,,,,1,8,-0.9783,0.037,0.252,0.711,negative
google_play,2026-04-28,,Whenever you open the application it always glitches. Though the overall experience is good it just annoys me Whenever you use it or open it glitches.,Whenever you open the application it always glitches. Though the overall experience is good it just annoys me Whenever you use it or open it glitches.,,,,,4,0,0.0258,0.098,0.094,0.808,neutral
google_play,2026-04-28,,Dating Apps Are Dying Out Because They Are Just A Haven Of STD Promotions. It Also Is Majority Fake AI Profiles Which Kills The Experience. Shut All These Apps Down.,Dating Apps Are Dying Out Because They Are Just A Haven Of STD Promotions. It Also Is Majority Fake AI Profiles Which Kills The Experience. Shut All These Apps Down.,,,,,1,1,-0.765,0,0.191,0.809,negative
google_play,2026-04-28,,rubbish app. I tried 3 methods to sign in. none worked.,rubbish app. I tried 3 methods to sign in. none worked.,,,,,1,1,0,0,0,1,neutral
google_play,2026-04-28,,ich habe mir die am Montag geholt 30 min später hatte ich schon 3 Likes und am nächsten Tag hatte ich schon ein Date 😄,ich habe mir die am Montag geholt 30 min später hatte ich schon 3 Likes und am nächsten Tag hatte ich schon ein Date 😄,,,,,5,1,0.5267,0.223,0.105,0.672,positive
google_play,2026-04-28,,i m not able to open new account in same device,i m not able to open new account in same device,,,,,5,0,0,0,0,1,neutral
google_play,2026-04-28,,Not a good user experience. Poor and robotic customer service.,Not a good user experience. Poor and robotic customer service.,,,,,1,1,-0.6711,0,0.408,0.592,negative
google_play,2026-04-28,,"such a pathetic app, puzzle is not clear and cannot register, had to uninstall the app.","such a pathetic app, puzzle is not clear and cannot register, had to uninstall the app.",,,,,1,1,-0.7081,0,0.296,0.704,negative
google_play,2026-04-28,,To register they ask me to put my phone number i put and receive a message a code i put the code press next it give me some word for verification i write the word it keep going reverse back vode then give me another word it dont go forward steps,To register they ask me to put my phone number i put and receive a message a code i put the code press next it give me some word for verification i write the word it keep going reverse back vode then give me another word it dont go forward steps,,,,,1,0,0.0772,0.025,0,0.975,positive
google_play,2026-04-28,,"they will occasionally tell you that you got a like, only for it to be a lie and they're trying to get you to use the spotlight feature. So they're engaging in falsified notifications","they will occasionally tell you that you got a like, only for it to be a lie and they're trying to get you to use the spotlight feature. So they're engaging in falsified notifications",,,,,1,6,0.3774,0.134,0.067,0.799,positive
google_play,2026-04-28,,I'll get one like a day. Sometimes it takes 48 hours for likes to reset. The devs claimed to have did something about this and to no one's surprise they didn't fix anything. This app is a scam and should be treated as such. The amount of extremely obviously fake accounts they allow on makes it impossible to believe it's unintentional especially considering if you report an obviously fake account they won't remove it while claiming the person did nothing wrong by sending you an onlyfans link.,I'll get one like a day. Sometimes it takes 48 hours for likes to reset. The devs claimed to have did something about this and to no one's surprise they didn't fix anything. This app is a scam and should be treated as such. The amount of extremely obviously fake accounts they allow on makes it impossible to believe it's unintentional especially considering if you report an obviously fake account they won't remove it while claiming the person did nothing wrong by sending you an onlyfans link.,,,,,1,6,-0.6639,0.096,0.139,0.765,negative
google_play,2026-04-27,,"what even is the point here? 1. you know who'd be into you vs not. it's not rocket science figuring out people's type 2. the majority of people you are shown, your not the type of. 3. the app actually showing people who liked you is the lowest I've seen compared to other apps. 150 likes and only 3 of them popped up after swiping 50+ people (ah you missed a match) $60 for a month subscription is heinous, especially since most these people arent even remotely human anymore.","what even is the point here? 1. you know who'd be into you vs not. it's not rocket science figuring out people's type 2. the majority of people you are shown, your not the type of. 3. the app actually showing people who liked you is the lowest I've seen compared to other apps. 150 likes and only 3 of them popped up after swiping 50+ people (ah you missed a match) $60 for a month subscription is heinous, especially since most these people arent even remotely human anymore.",,,,,2,1,0.2023,0.059,0.05,0.891,positive
google_play,2026-04-27,,the amount they charge is gross!,the amount they charge is gross!,,,,,1,1,-0.5255,0,0.404,0.596,negative
google_play,2026-04-27,,"full of spam profiles, kinda a waste of time","full of spam profiles, kinda a waste of time",,,,,1,1,-0.6151,0,0.418,0.582,negative
google_play,2026-04-27,,This is lucky to get 1 star. Dating apps are garbage as the apps don't force any incentive on women to actively participate in selecting men that are not in the top 5% average men just simply wasting their time with these apps. this app should start penalizing women for not interacting with men. this app is nothing more than a hot or not app. women collecting swipes,This is lucky to get 1 star. Dating apps are garbage as the apps don't force any incentive on women to actively participate in selecting men that are not in the top 5% average men just simply wasting their time with these apps. this app should start penalizing women for not interacting with men. this app is nothing more than a hot or not app. women collecting swipes,,,,,1,3,-0.0777,0.068,0.086,0.846,negative
google_play,2026-04-27,,this app is rubbish and full of scam I open acc with you guys and pay for your premium the next thing is to blocked my acc and accusing me for sexually with out using the app or see message this totally rubbish and scam if you download this app is just wasting of time,this app is rubbish and full of scam I open acc with you guys and pay for your premium the next thing is to blocked my acc and accusing me for sexually with out using the app or see message this totally rubbish and scam if you download this app is just wasting of time,,,,,1,1,-0.9269,0,0.241,0.759,negative
google_play,2026-04-27,,"EASILY the WORST dating app. Predatory. Greedy. Pointless. No matches. No conversations. No sign of life. None of the profiles appear to be active. App DEMANDS you pay a subscription just for it to be mildly useable. The greed is off the charts. Wildly expensive. Aaaaaaand, you'll still get no matches, no convos, etc. As bad as all the other dating apps are, this is the worst. Hands-down. No contest. Extorting you for an app that doesn't even work. 👎","EASILY the WORST dating app. Predatory. Greedy. Pointless. No matches. No conversations. No sign of life. None of the profiles appear to be active. App DEMANDS you pay a subscription just for it to be mildly useable. The greed is off the charts. Wildly expensive. Aaaaaaand, you'll still get no matches, no convos, etc. As bad as all the other dating apps are, this is the worst. Hands-down. No contest. Extorting you for an app that doesn't even work. 👎",,,,,1,11,-0.9317,0.111,0.245,0.645,negative
google_play,2026-04-27,,Don't waste your money. Fake profiles mostly from Latin America.,Don't waste your money. Fake profiles mostly from Latin America.,,,,,1,1,-0.1945,0.174,0.231,0.596,negative
google_play,2026-04-27,,"Two hundred and fifty dollars to join the app , not worth it","Two hundred and fifty dollars to join the app , not worth it",,,,,1,0,0.1366,0.148,0.112,0.74,positive
google_play,2026-04-27,,Decent app but things I get notifications about don't show up in the app when I click them. Also matches often disappear rather than the app giving me the option to extend or rematch,Decent app but things I get notifications about don't show up in the app when I click them. Also matches often disappear rather than the app giving me the option to extend or rematch,,,,,3,0,0.4215,0.134,0.061,0.805,positive
google_play,2026-04-27,,This app keeps photos and data when users are not even on the site. Also it's designed to get users to pay when users may as well be on an AI generated site.,This app keeps photos and data when users are not even on the site. Also it's designed to get users to pay when users may as well be on an AI generated site.,,,,,1,1,0.1779,0.061,0.041,0.899,positive
google_play,2026-04-27,,I'm.not getting any matches since joining. they want you to pay for subscription,I'm.not getting any matches since joining. they want you to pay for subscription,,,,,1,1,-0.0258,0.095,0.102,0.803,neutral
google_play,2026-04-27,,"everytime I try to login theres always notification ""Check your number"", I already did.","everytime I try to login theres always notification ""Check your number"", I already did.",,,,,1,0,0.0772,0.091,0,0.909,positive
google_play,2026-04-27,,since 2 years im not able to verify my own picture. just don't understand how it works.,since 2 years im not able to verify my own picture. just don't understand how it works.,,,,,1,0,0,0,0,1,neutral
google_play,2026-04-27,,I find it hard logging in.,I find it hard logging in.,,,,,1,1,-0.1027,0,0.219,0.781,negative
google_play,2026-04-27,,you have to pay 12 bucks just to see who liked you,you have to pay 12 bucks just to see who liked you,,,,,1,0,0.34,0.197,0.099,0.704,positive
google_play,2026-04-27,,"image upload doesnt work, it asks for all kind of infos but i dont even know how s that shown or where is it on the profile. I first want to see how the profiles are shown and how the app works before i place up details about myself","image upload doesnt work, it asks for all kind of infos but i dont even know how s that shown or where is it on the profile. I first want to see how the profiles are shown and how the app works before i place up details about myself",,,,,1,0,0.1154,0.029,0,0.971,positive
google_play,2026-04-27,,never any matches. all about the money. these apps have gotten so much worse as the years have gone by,never any matches. all about the money. these apps have gotten so much worse as the years have gone by,,,,,1,1,-0.5233,0,0.151,0.849,negative
google_play,2026-04-27,,"quase um mês de premium e não obtive nenhum like... aparentemente as pessoas criam uma conta aqui, põem seus Instagrams e saem do app. já me cansei de gastar o meu super like e não receber nada em troca, ou de ir no Instagram das mulheres e não ser aceito, ou ser ignorado lá... nem um olá, nada.","quase um mês de premium e não obtive nenhum like... aparentemente as pessoas criam uma conta aqui, põem seus Instagrams e saem do app. já me cansei de gastar o meu super like e não receber nada em troca, ou de ir no Instagram das mulheres e não ser aceito, ou ser ignorado lá... nem um olá, nada.",,,,,2,0,0.7717,0.137,0.034,0.829,positive
google_play,2026-04-27,,request for refund it's just today yesterday I created and do premium and it has no likes and message,request for refund it's just today yesterday I created and do premium and it has no likes and message,,,,,1,1,-0.0854,0.094,0.109,0.797,negative
google_play,2026-04-27,,"when going to the discover page, you can't even load people's videos. they don't work.","when going to the discover page, you can't even load people's videos. they don't work.",,,,,3,0,0,0,0,1,neutral
google_play,2026-04-27,,why is there still no weight filter? There's a height filter but no weight. Add weight so we can filter for size. Don't be insecure about it.,why is there still no weight filter? There's a height filter but no weight. Add weight so we can filter for size. Don't be insecure about it.,,,,,1,1,-0.1032,0.095,0.14,0.764,negative
google_play,2026-04-27,,"Account got deleted over some bs community guidelines, which im not sure wth it was, by my view I did nothing to go against the rules. What a waste of time and effort, don't even get this app, its filled with fake profiles, women with only fans and catfishes.","Account got deleted over some bs community guidelines, which im not sure wth it was, by my view I did nothing to go against the rules. What a waste of time and effort, don't even get this app, its filled with fake profiles, women with only fans and catfishes.",,,,,1,1,-0.6232,0.05,0.141,0.809,negative
google_play,2026-04-27,,"The algorithm will keep you for as long as possible in this app, not to mention the amount of people on travel mode, and not getting people nearby even with the distance filter on. this is just ridiculous.","The algorithm will keep you for as long as possible in this app, not to mention the amount of people on travel mode, and not getting people nearby even with the distance filter on. this is just ridiculous.",,,,,1,1,-0.3612,0,0.063,0.937,negative
google_play,2026-04-26,,You're legit going to show me someone who Liked me that I match well with and then charge me an arm and a leg if I want to Like them back (aka contact them or let them know)? At that point you're just holding people hostage. The rest of the Liking is a complete waste of time if that's the case. I'm not going to enable a company like that; I'll use another app instead. 🫡,You're legit going to show me someone who Liked me that I match well with and then charge me an arm and a leg if I want to Like them back (aka contact them or let them know)? At that point you're just holding people hostage. The rest of the Liking is a complete waste of time if that's the case. I'm not going to enable a company like that; I'll use another app instead. 🫡,,,,,1,2,0.8442,0.162,0.033,0.805,positive
google_play,2026-04-26,,"20 likes, so I pay for a week, and the closest lady is 50 miles away? I match with someone, and the 24-hour limit kicks in because I wasn't paying? It's a dating app that kills connection because there's not enough money being paid ... what a sad little app :D","20 likes, so I pay for a week, and the closest lady is 50 miles away? I match with someone, and the 24-hour limit kicks in because I wasn't paying? It's a dating app that kills connection because there's not enough money being paid ... what a sad little app :D",,,,,1,1,-0.2695,0.107,0.141,0.752,negative
google_play,2026-04-26,,asking everytime for face verification infact I have given it wastage of time,asking everytime for face verification infact I have given it wastage of time,,,,,1,1,0,0,0,1,neutral
google_play,2026-04-26,,"this app is only to find a person for one day, they only want sex. I can not find someone. Nothing serious here.","this app is only to find a person for one day, they only want sex. I can not find someone. Nothing serious here.",,,,,1,1,0.1336,0.107,0,0.893,positive
google_play,2026-04-26,,"I've had to try retake a photo 3 times for authentication, which it keeps rejecting and throwing out. I have done the same pose the photo was taken two nights ago. this is absolutely ridiculous and if that's the case. Delete all my data and just remove my profile all together!","I've had to try retake a photo 3 times for authentication, which it keeps rejecting and throwing out. I have done the same pose the photo was taken two nights ago. this is absolutely ridiculous and if that's the case. Delete all my data and just remove my profile all together!",,,,,1,1,-0.7257,0,0.11,0.89,negative
google_play,2026-04-26,,"Literally get scammed, the boost function claimed to be able to use the filter function but it doesn't, all it does is sending unlimited likes which is useless","Literally get scammed, the boost function claimed to be able to use the filter function but it doesn't, all it does is sending unlimited likes which is useless",,,,,1,1,0.2144,0.162,0.108,0.73,positive
google_play,2026-04-26,,this is one of the worst dating apps I've ever seen. most of the functionality is locked behind a ridiculously expensive paywall. I mean $54 a month just to see who liked you!? I'm so sick of dating apps.,this is one of the worst dating apps I've ever seen. most of the functionality is locked behind a ridiculously expensive paywall. I mean $54 a month just to see who liked you!? I'm so sick of dating apps.,,,,,1,1,-0.8494,0.057,0.226,0.717,negative
google_play,2026-04-26,,"I don't recommend. The app is slow , takes ages to load","I don't recommend. The app is slow , takes ages to load",,,,,1,1,-0.2755,0,0.161,0.839,negative
google_play,2026-04-26,,it's bad and has gotten worse,it's bad and has gotten worse,,,,,1,1,-0.765,0,0.623,0.377,negative
google_play,2026-04-26,,"Terrible experience getting matches. There is also a recent influx of Snapchat romance scammers. Overall the platform is infested with bots and few real women are available. Everyone should get 5 free ""notes"" they could send daily as well. Won't improve this rating until bots are severely dealt with and the site is improved to be more like old-school OkCupid or etc.","Terrible experience getting matches. There is also a recent influx of Snapchat romance scammers. Overall the platform is infested with bots and few real women are available. Everyone should get 5 free ""notes"" they could send daily as well. Won't improve this rating until bots are severely dealt with and the site is improved to be more like old-school OkCupid or etc.",,,,,1,2,0.7497,0.192,0.11,0.698,positive
google_play,2026-04-26,,"there are more women on bumble but out of a month, no matches and they like all the others put a like on your page to tempt you to pay to find out its a dude or bot. waste of time.","there are more women on bumble but out of a month, no matches and they like all the others put a like on your page to tempt you to pay to find out its a dude or bot. waste of time.",,,,,2,1,-0.1531,0.128,0.16,0.711,negative
google_play,2026-04-26,,its terrible my account is block for no reason and when i try to contact someone i get the AI and nothing is resolved is this how you treat people who are trying to connect with other on this app,its terrible my account is block for no reason and when i try to contact someone i get the AI and nothing is resolved is this how you treat people who are trying to connect with other on this app,,,,,1,1,-0.72,0.057,0.205,0.738,negative
google_play,2026-04-26,,I can't verify my selfie are you serious not sure this app has a hard time checking to see if its you. Your AI is a joke,I can't verify my selfie are you serious not sure this app has a hard time checking to see if its you. Your AI is a joke,,,,,1,2,-0.1184,0.074,0.156,0.77,negative
google_play,2026-04-26,,Expensive and almost all conversations started just ended mid conversation. Its crazy to have to pay for literally everything on the app. Definitely recommend other apps.,Expensive and almost all conversations started just ended mid conversation. Its crazy to have to pay for literally everything on the app. Definitely recommend other apps.,,,,,2,1,0.34,0.168,0.123,0.71,positive
google_play,2026-04-26,,"decent app but no app-language setting, which is unfortunate, because many openers etc. don't ""work"" in my mother tongue. I feel like it would not be very hard to implement","decent app but no app-language setting, which is unfortunate, because many openers etc. don't ""work"" in my mother tongue. I feel like it would not be very hard to implement",,,,,3,1,-0.4178,0.133,0.18,0.687,negative
google_play,2026-04-26,,"täitsin kõik ära. kinnitasin ka kobto ära, aga ei saa kedagi otsida, sest ütleb, et täienda filtreid. täiendasin filtrid ja ikka ei midagi","täitsin kõik ära. kinnitasin ka kobto ära, aga ei saa kedagi otsida, sest ütleb, et täienda filtreid. täiendasin filtrid ja ikka ei midagi",,,,,1,1,0,0,0,1,neutral
google_play,2026-04-26,,"Far too many fake accounts that match with you and say the same thing, ""Hi (insert name) it's nice to connect with you!"" and then you say hello and they unmatch. Secondly, no matter what Bumble says (copy paste denial coming!) they 100% Shadowban. Old phone, (3 days on) = 0 likes. 0 matches. New phone and exactly the same profile and photos. = 17 likes. = 6 matches (12 hours). People are not stupid and you cannot deny. This is why your stocks are plummeting.","Far too many fake accounts that match with you and say the same thing, ""Hi (insert name) it's nice to connect with you!"" and then you say hello and they unmatch. Secondly, no matter what Bumble says (copy paste denial coming!) they 100% Shadowban. Old phone, (3 days on) = 0 likes. 0 matches. New phone and exactly the same profile and photos. = 17 likes. = 6 matches (12 hours). People are not stupid and you cannot deny. This is why your stocks are plummeting.",,,,,1,2,0.8632,0.142,0.043,0.815,positive
google_play,2026-04-26,,Do not put anything about money they will ban you. I said I wanted someone financially stable and got banned for prostitution so just fair warning.,Do not put anything about money they will ban you. I said I wanted someone financially stable and got banned for prostitution so just fair warning.,,,,,1,1,-0.6689,0.136,0.264,0.599,negative
google_play,2026-04-26,,pain to cancel,pain to cancel,,,,,1,1,-0.6486,0,0.841,0.159,negative
google_play,2026-04-26,,Lady's don't use bumble they allow for men to harass you make death threats to you then block YOUR account for false accusations. and when you show proof to defend yourself they still state you're the one at fault. so good luck if You choose to use the app as they won't do anything but victim blame.,Lady's don't use bumble they allow for men to harass you make death threats to you then block YOUR account for false accusations. and when you show proof to defend yourself they still state you're the one at fault. so good luck if You choose to use the app as they won't do anything but victim blame.,,,,,1,4,-0.822,0.087,0.242,0.671,negative
google_play,2026-04-26,,"They changed price and subscription! Premium at $30 a month doesn't even show likes anymore! I see why their rating dropped. Done with Bumble, Tinder is more fun and cheaper.","They changed price and subscription! Premium at $30 a month doesn't even show likes anymore! I see why their rating dropped. Done with Bumble, Tinder is more fun and cheaper.",,,,,1,0,0.4301,0.121,0.068,0.811,positive
google_play,2026-04-26,,"It's designed to make you pay. You don't pay, you get likes but you don't see the profiles. The moment you pay, you stop getting likes. You stop paying, the likes are back.","It's designed to make you pay. You don't pay, you get likes but you don't see the profiles. The moment you pay, you stop getting likes. You stop paying, the likes are back.",,,,,1,1,0.4675,0.238,0.192,0.57,positive
google_play,2026-04-26,,"Bumble markets itself as a top-tier experience, but it’s no different than the ""trash"" apps it tries to outclass. If I make a selection based on culture or religion, it should be enforceable, not a suggestion. Holding basic preferences for ransom behind a paywall kills the app's value. I’d rather see an empty screen than a feed full of people I specifically filtered out. If specialized apps can keep their filters consistent, Bumble has no excuse. Right now, you're not offering a ""better"" UI","Bumble markets itself as a top-tier experience, but it’s no different than the ""trash"" apps it tries to outclass. If I make a selection based on culture or religion, it should be enforceable, not a suggestion. Holding basic preferences for ransom behind a paywall kills the app's value. I’d rather see an empty screen than a feed full of people I specifically filtered out. If specialized apps can keep their filters consistent, Bumble has no excuse. Right now, you're not offering a ""better"" UI",,,,,1,1,-0.8777,0.033,0.149,0.819,negative
google_play,2026-04-26,,"My account got flagged for inappropriate content when I don't even have anything on my profile that could be seen as inappropriate. The app didn't even tell me what photo got my account a warning, I literally have to guess and hope for the best. The worst part is that there's no way to appeal the warning.","My account got flagged for inappropriate content when I don't even have anything on my profile that could be seen as inappropriate. The app didn't even tell me what photo got my account a warning, I literally have to guess and hope for the best. The worst part is that there's no way to appeal the warning.",,,,,1,3,-0.4588,0.103,0.16,0.737,negative
google_play,2026-04-26,,hiding profiles behind a massive Pay wall. I'd happily pay if it were far far cheaper. £14 for 1 week??? exploiting loneliness and you aren't even hiding it.,hiding profiles behind a massive Pay wall. I'd happily pay if it were far far cheaper. £14 for 1 week??? exploiting loneliness and you aren't even hiding it.,,,,,2,1,-0.5792,0.145,0.298,0.557,negative
google_play,2026-04-26,,Utter scam. Application forces to buy a subscription to see likes but you won't receive any new likes once subscription was paid.,Utter scam. Application forces to buy a subscription to see likes but you won't receive any new likes once subscription was paid.,,,,,1,1,0.4773,0.207,0.092,0.701,positive
google_play,2026-04-26,,"they literally banned me in the first microsecond of me creating an account, I thought I could actually use something like this for the first time to actually not be lonely, yeah I do everything for my friends and I focus on everyone else but the one moment I focus on something on my own it blows up in my face, this is totally not ruining my confidence for anything I find enjoyable for myself. >•)","they literally banned me in the first microsecond of me creating an account, I thought I could actually use something like this for the first time to actually not be lonely, yeah I do everything for my friends and I focus on everyone else but the one moment I focus on something on my own it blows up in my face, this is totally not ruining my confidence for anything I find enjoyable for myself. >•)",,,,,1,1,0.6526,0.153,0.08,0.767,positive
google_play,2026-04-26,,Payment heavy.,Payment heavy.,,,,,1,1,0,0,0,1,neutral
google_play,2026-04-26,,"I've canceled my premium subscription before it was due. But my balance was still deducted for the premium subscription. However, there's no deduction history in my Google Play history. You guys at Bumble and Google Play are absolutely insane. Please refund my money!","I've canceled my premium subscription before it was due. But my balance was still deducted for the premium subscription. However, there's no deduction history in my Google Play history. You guys at Bumble and Google Play are absolutely insane. Please refund my money!",,,,,1,0,0.4714,0.18,0.124,0.695,positive
google_play,2026-04-26,,worst app ever seen always glitch while loading,worst app ever seen always glitch while loading,,,,,1,0,-0.6249,0,0.369,0.631,negative
google_play,2026-04-26,,Bumble now manipulates your main profile picture with auto-zoom. No bueno. Keeping my profile snoozed until they rectify this pesky new feature that users have no control over. Otherwise maybe try Hinge.,Bumble now manipulates your main profile picture with auto-zoom. No bueno. Keeping my profile snoozed until they rectify this pesky new feature that users have no control over. Otherwise maybe try Hinge.,,,,,1,1,-0.7096,0,0.192,0.808,negative
google_play,2026-04-26,,"-10/10 couldnt even use the app lol, put my number in and it immediately blocked me ""for being underage"" (I'm 20 😐), didnt give me an option to even put in a email, and when I try to sign in another way around it, the screen just doesn't load.","-10/10 couldnt even use the app lol, put my number in and it immediately blocked me ""for being underage"" (I'm 20 😐), didnt give me an option to even put in a email, and when I try to sign in another way around it, the screen just doesn't load.",,,,,1,0,0.25,0.077,0.039,0.883,positive
google_play,2026-04-26,,photo upload really bad flags anything,photo upload really bad flags anything,,,,,1,0,-0.5849,0,0.431,0.569,negative
google_play,2026-04-26,,"3rd edit: I swear it's matching me to people I've never seen before, including matches where I've 'superliked' someone, which is impossible because I don't pay for SLs. And, the amount of fake profiles is unbelievable; I keep reporting them but I don't even get the Bumble notifications to say they're looking into it.","3rd edit: I swear it's matching me to people I've never seen before, including matches where I've 'superliked' someone, which is impossible because I don't pay for SLs. And, the amount of fake profiles is unbelievable; I keep reporting them but I don't even get the Bumble notifications to say they're looking into it.",,,,,1,9,-0.1536,0.046,0.057,0.898,negative
google_play,2026-04-26,,Pay or just swipe thats it,Pay or just swipe thats it,,,,,1,1,-0.1027,0,0.219,0.781,negative
google_play,2026-04-26,,Girls if you ever match with a guy named Supragya Vikram Singh (lucknow) run because he is a psychopath and he may harm you. He is a very dangerous person,Girls if you ever match with a guy named Supragya Vikram Singh (lucknow) run because he is a psychopath and he may harm you. He is a very dangerous person,,,,,1,0,-0.7841,0,0.198,0.802,negative
google_play,2026-04-26,,I put up a SpongeBob photo and took a Hiatus from the app while I explored a relationship. I came back to my account being banned. Thanks Bumble. No appeals. Just permanently banned for taking a hiatus improperly. I used it to make new friends and now I can't get back. This app is garbage.,I put up a SpongeBob photo and took a Hiatus from the app while I explored a relationship. I came back to my account being banned. Thanks Bumble. No appeals. Just permanently banned for taking a hiatus improperly. I used it to make new friends and now I can't get back. This app is garbage.,,,,,1,1,-0.296,0.093,0.128,0.779,negative
google_play,2026-04-26,,can't talk or know what someone looks like if you match or get a message unless you pay the subscription.,can't talk or know what someone looks like if you match or get a message unless you pay the subscription.,,,,,2,1,0.2732,0.114,0.064,0.822,positive
google_play,2026-04-26,,"Worthless app unless you pay, but even then, modern women are not interested in dating average men.","Worthless app unless you pay, but even then, modern women are not interested in dating average men.",,,,,1,1,-0.6171,0,0.301,0.699,negative
google_play,2026-04-26,,"it's insane how expensive premium is for bumble. the 24 hour limit thing adds an annoying sense of urgency, especially given how hit and miss notifications are...","it's insane how expensive premium is for bumble. the 24 hour limit thing adds an annoying sense of urgency, especially given how hit and miss notifications are...",,,,,1,0,-0.7184,0,0.226,0.774,negative
google_play,2026-04-25,,"I've tried 8 different dating apps; this is by far the worst. After paying for a month of premium, spending every day sending likes, using the 5 Super Swipes a week, sending notes, and using the weekly Spotlights at peak times, I received a grand total of ZERO likes or matches. On all other dating apps, I get likes and matches, and my profile is the same, if not more detailed, on here. I will never return and will advise all to abandon hope before downloading this app.","I've tried 8 different dating apps; this is by far the worst. After paying for a month of premium, spending every day sending likes, using the 5 Super Swipes a week, sending notes, and using the weekly Spotlights at peak times, I received a grand total of ZERO likes or matches. On all other dating apps, I get likes and matches, and my profile is the same, if not more detailed, on here. I will never return and will advise all to abandon hope before downloading this app.",,,,,1,9,0.8876,0.175,0.066,0.759,positive
google_play,2026-04-25,,Useless and completely overrun with AI sock puppets. avoid,Useless and completely overrun with AI sock puppets. avoid,,,,,1,1,-0.6124,0,0.417,0.583,negative
google_play,2026-04-25,,I think its dead for my area. never got a message back from 95% of people and a majority on here are about a 4. could find hotter homeless people.,I think its dead for my area. never got a message back from 95% of people and a majority on here are about a 4. could find hotter homeless people.,,,,,1,0,-0.6486,0,0.129,0.871,negative
google_play,2026-04-25,,"I got scammed and they decided quickly ""not to take further action"" without even investigating.","I got scammed and they decided quickly ""not to take further action"" without even investigating.",,,,,1,1,0,0,0,1,neutral
google_play,2026-04-25,,terrible! iam so disappointed in this app everyone told me to download load it to try it because it's a good app and you can't even talk to people on here what a joke iam sorry I ever downloaded this app ughhh,terrible! iam so disappointed in this app everyone told me to download load it to try it because it's a good app and you can't even talk to people on here what a joke iam sorry I ever downloaded this app ughhh,,,,,1,1,-0.4561,0.102,0.161,0.737,negative
google_play,2026-04-25,,fake app don't download,fake app don't download,,,,,1,1,-0.4767,0,0.508,0.492,negative
google_play,2026-04-25,,you literally blocked my account after paying for subscription. like excuse me?! I did not do anything against the community guidelines. this is too much. Atleast refund the money! fraud app.,you literally blocked my account after paying for subscription. like excuse me?! I did not do anything against the community guidelines. this is too much. Atleast refund the money! fraud app.,,,,,1,2,-0.5696,0.102,0.174,0.724,negative
google_play,2026-04-25,,despite lot of micro transaction. this app become soo heavy to open. and also it become glitchy over the tine,despite lot of micro transaction. this app become soo heavy to open. and also it become glitchy over the tine,,,,,2,0,0,0,0,1,neutral
google_play,2026-04-25,,very nice if was,very nice if was,,,,,5,0,0.4754,0.508,0,0.492,positive
google_play,2026-04-25,,They just blocked my I'd without any reason and do it continuesly from my each number worse experience,They just blocked my I'd without any reason and do it continuesly from my each number worse experience,,,,,1,0,-0.5994,0.06,0.242,0.698,negative
google_play,2026-04-25,,"did not do anything wrong. using app in good faith..account was blocked after 2 days of use. no reason given, appeal process just repeats the same... you violated guidelines... but not which one. I have no idea what went wrong as I was using the app like a normal good person so I do not see any reason for a blocked account. I do not recommend... save your $70 ish monthly payment.","did not do anything wrong. using app in good faith..account was blocked after 2 days of use. no reason given, appeal process just repeats the same... you violated guidelines... but not which one. I have no idea what went wrong as I was using the app like a normal good person so I do not see any reason for a blocked account. I do not recommend... save your $70 ish monthly payment.",,,,,1,2,-0.7923,0.119,0.219,0.662,negative
google_play,2026-04-25,,Dislikes counts as likes so after so many dislikes you run out of likes.,Dislikes counts as likes so after so many dislikes you run out of likes.,,,,,1,0,-0.0202,0.263,0.267,0.47,neutral
google_play,2026-04-25,,waste of time,waste of time,,,,,1,1,-0.4215,0,0.583,0.417,negative
google_play,2026-04-25,,"⭐⭐⭐⭐⭐ Just kidding! If you'd like a ""Second Chance"" at maybe getting a different result, please pay me $59.99 per week. I figured since Bumble does this all the time, it's only fair that I do too.","⭐⭐⭐⭐⭐ Just kidding! If you'd like a ""Second Chance"" at maybe getting a different result, please pay me $59.99 per week. I figured since Bumble does this all the time, it's only fair that I do too.",,,,,1,1,0.8122,0.229,0.03,0.742,positive
google_play,2026-04-25,,on Android it can only be downloaded from the playstore,on Android it can only be downloaded from the playstore,,,,,1,0,0,0,0,1,neutral
google_play,2026-04-25,,"terrible app, even aft uploading own pic for verification purpose it said failed. and now cannot use it ady.","terrible app, even aft uploading own pic for verification purpose it said failed. and now cannot use it ady.",,,,,1,0,-0.7506,0,0.274,0.726,negative
google_play,2026-04-25,,"I can't create an account,they keep asking for my number which I give... it's stressful","I can't create an account,they keep asking for my number which I give... it's stressful",,,,,1,0,-0.5878,0.071,0.278,0.652,negative
google_play,2026-04-25,,"Poor. This is ONLY designed to take your money. They hide your matches and delay your sent messages. Fix your algorithm, Bumble!","Poor. This is ONLY designed to take your money. They hide your matches and delay your sent messages. Fix your algorithm, Bumble!",,,,,1,2,-0.75,0,0.28,0.72,negative
google_play,2026-04-25,,Mere account blocked kyu hua hai,Mere account blocked kyu hua hai,,,,,5,0,-0.2732,0,0.296,0.704,negative
google_play,2026-04-25,,Boring and Useless App...,Boring and Useless App...,,,,,1,0,-0.6249,0,0.718,0.282,negative
google_play,2026-04-25,,You need to show which specific photos are verified rather than just whether or not any are. I'm seeing blatantly fake pictures where facial expressions are the same in different scenes and then the background is the same in different profiles. These apps do not care about having real users anymore.,You need to show which specific photos are verified rather than just whether or not any are. I'm seeing blatantly fake pictures where facial expressions are the same in different scenes and then the background is the same in different profiles. These apps do not care about having real users anymore.,,,,,2,4,-0.6935,0,0.105,0.895,negative
google_play,2026-04-25,,"I hate that the app pushes girls to text first. This way, everyone waits for the other person to engage in the conversation after the first ‘hi’the girls send. It’s a silly concept. Like we don’t already have enough ‘princess men’ in this world, and the app came along and helped amplify that even further!!","I hate that the app pushes girls to text first. This way, everyone waits for the other person to engage in the conversation after the first ‘hi’the girls send. It’s a silly concept. Like we don’t already have enough ‘princess men’ in this world, and the app came along and helped amplify that even further!!",,,,,1,0,0.2225,0.107,0.06,0.832,positive
google_play,2026-04-25,,"It's a dating app, but it's better than Tinder, and doesn't ban you for no reason like Hinge, so I guess it's the best one lol.","It's a dating app, but it's better than Tinder, and doesn't ban you for no reason like Hinge, so I guess it's the best one lol.",,,,,5,0,0.9296,0.404,0.128,0.468,positive
google_play,2026-04-25,,the whole point was women were supposed message and you basically got rid of that,the whole point was women were supposed message and you basically got rid of that,,,,,1,1,0,0,0,1,neutral
google_play,2026-04-25,,I have been enjoying this app for so long and it is good for me really,I have been enjoying this app for so long and it is good for me really,,,,,5,0,0.743,0.31,0,0.69,positive
google_play,2026-04-25,,"Social promotion bots & dead accounts run rampant. Not a useful dating app for adults. Update slowed app to a crawl. 💀 They nuked most reporting options, so if you're reporting for a lesser issue you have to use a more extreme category & hope the devs get it. The timers are a bad method for people with a life. Pop-ups get in the way of actually using the app. Gif support is smooth, snappy. Tapping a pic should show all pics, not just one. Blocking shouldn't take 3 different confirmations.","Social promotion bots & dead accounts run rampant. Not a useful dating app for adults. Update slowed app to a crawl. 💀 They nuked most reporting options, so if you're reporting for a lesser issue you have to use a more extreme category & hope the devs get it. The timers are a bad method for people with a life. Pop-ups get in the way of actually using the app. Gif support is smooth, snappy. Tapping a pic should show all pics, not just one. Blocking shouldn't take 3 different confirmations.",,,,,1,96,-0.4868,0.078,0.099,0.823,negative
google_play,2026-04-25,,profile length it's too short. Can't message anyone without paying. Great collection of people but I've no use for it as a free user.,profile length it's too short. Can't message anyone without paying. Great collection of people but I've no use for it as a free user.,,,,,3,1,0.1288,0.146,0.163,0.691,positive
google_play,2026-04-25,,"Their inately racist approach to matchmaking make it hard for folks who aren't white to connect with other folks who aren't white. They repeat the same script to playcate and patronize. but their practice doesn't change. I supported their mission originally because dating for women is dangerous and autonomy and agency over connections tentamount of a good beginning, but they stopped there. I cannot connect with people holding shared lived experiences because they dismiss my experiences.","Their inately racist approach to matchmaking make it hard for folks who aren't white to connect with other folks who aren't white. They repeat the same script to playcate and patronize. but their practice doesn't change. I supported their mission originally because dating for women is dangerous and autonomy and agency over connections tentamount of a good beginning, but they stopped there. I cannot connect with people holding shared lived experiences because they dismiss my experiences.",,,,,1,1,-0.5709,0.078,0.143,0.779,negative
google_play,2026-04-24,,"I just lost all my convos because, silly me, I turned off dating mode (I already had a nice convo going with someone). Besides that tiny detail, I can't pay a premium sub because the currency is wrong. I troubleshooted the issue with the AI, but all is good on my side. Decided to wait, after 2 weeks it got worse: Now I see 2 currencies that don't match my country. Don't bother emailing support, they'll make you troubleshoot from step 1 again. My conclusion: Don't bother, it's so frustrating.","I just lost all my convos because, silly me, I turned off dating mode (I already had a nice convo going with someone). Besides that tiny detail, I can't pay a premium sub because the currency is wrong. I troubleshooted the issue with the AI, but all is good on my side. Decided to wait, after 2 weeks it got worse: Now I see 2 currencies that don't match my country. Don't bother emailing support, they'll make you troubleshoot from step 1 again. My conclusion: Don't bother, it's so frustrating.",,,,,1,0,-0.4158,0.141,0.139,0.72,negative
google_play,2026-04-24,,"Expensive subscriptions. Disingenuous tactics to get you to subscribe. Oh you just created your profile and are checking things out for a few days? Cool. But, what's this? You are shown that 3 people have liked you already? Wow! Start the subscription and it's actually only 1 person! The three 'bubbles' with fuzzy profile pics to indicate people who liked you was a total lie! There were never 3 people! You're stupid! So stupid!","Expensive subscriptions. Disingenuous tactics to get you to subscribe. Oh you just created your profile and are checking things out for a few days? Cool. But, what's this? You are shown that 3 people have liked you already? Wow! Start the subscription and it's actually only 1 person! The three 'bubbles' with fuzzy profile pics to indicate people who liked you was a total lie! There were never 3 people! You're stupid! So stupid!",,,,,2,1,0.7012,0.184,0.112,0.704,positive
google_play,2026-04-24,,A scam.This app does everything to scam and mislead users to spend more money. Pay and the likes stop after a few hours even though they come in abundance at first. Stop paying and all of a sudden loads of blurred likes appear you can't see unless you pay again. How these clowns get away with particularly as in most countries they would be shut down for such dishonest business practices is a mystery . Suggest that anyone who paid heads to Google and request a refund. Avoid.,A scam.This app does everything to scam and mislead users to spend more money. Pay and the likes stop after a few hours even though they come in abundance at first. Stop paying and all of a sudden loads of blurred likes appear you can't see unless you pay again. How these clowns get away with particularly as in most countries they would be shut down for such dishonest business practices is a mystery . Suggest that anyone who paid heads to Google and request a refund. Avoid.,,,,,1,11,-0.8583,0.055,0.168,0.777,negative
google_play,2026-04-24,,"Can't see and communicate with anybody, if you didn't pay for premium. Ridiculous.","Can't see and communicate with anybody, if you didn't pay for premium. Ridiculous.",,,,,1,1,-0.2969,0.088,0.169,0.743,negative
google_play,2026-04-24,,"Lousy system will detect, remove, banning and giving warn to your normal photo. They can't even perform well banning those SCAMMERS account, but doing those superfluous things, ridiculous !!! this apps are full of SCAMMERS !!! why not removing those girls wearing beach bikini ?? double standard ?? looks funny and unfair !! girls can full body with just bikini wear, but for a guy can't wearing short pant ??","Lousy system will detect, remove, banning and giving warn to your normal photo. They can't even perform well banning those SCAMMERS account, but doing those superfluous things, ridiculous !!! this apps are full of SCAMMERS !!! why not removing those girls wearing beach bikini ?? double standard ?? looks funny and unfair !! girls can full body with just bikini wear, but for a guy can't wearing short pant ??",,,,,1,1,-0.8332,0.067,0.173,0.76,negative
google_play,2026-04-24,,it's bad . and most of the features are paid saddly,it's bad . and most of the features are paid saddly,,,,,1,1,-0.5423,0,0.259,0.741,negative
google_play,2026-04-24,,"Not LGBTQIA+ friendly. Many people in the community change their names, it is a way to express our identity in a way we feel comfortable with. In this app you need to send an email and wait 1-2 months for whoever is responsible to update names to decide it is your turn, assuming that ever happens. Also... Misspelled your name when creating an accout? Enjoy some free bureaucracy! It doesn't have dark mode. 🙈","Not LGBTQIA+ friendly. Many people in the community change their names, it is a way to express our identity in a way we feel comfortable with. In this app you need to send an email and wait 1-2 months for whoever is responsible to update names to decide it is your turn, assuming that ever happens. Also... Misspelled your name when creating an accout? Enjoy some free bureaucracy! It doesn't have dark mode. 🙈",,,,,1,1,0.8993,0.169,0.03,0.8,positive
google_play,2026-04-24,,"If you're an average dude don't even bother installing this. You will get NO RESULTS at all, and when you do, it's only ever from the OnlyFans ads and scam bots. They do barely any filtering for these kinds of things, and it appears you only get shown to people when you receive a notable amount of likes.","If you're an average dude don't even bother installing this. You will get NO RESULTS at all, and when you do, it's only ever from the OnlyFans ads and scam bots. They do barely any filtering for these kinds of things, and it appears you only get shown to people when you receive a notable amount of likes.",,,,,1,1,-0.4209,0.074,0.101,0.825,negative
google_play,2026-04-24,,it's very anoying it doesn't even deserve a good rate,it's very anoying it doesn't even deserve a good rate,,,,,1,0,0.4404,0.244,0,0.756,positive
google_play,2026-04-24,,worst for matching and others,worst for matching and others,,,,,1,0,-0.6249,0,0.506,0.494,negative
google_play,2026-04-24,,been using this app's premium! and guess what? 0 likes! 0 interactions! Even though my profile is 100% completed! I have been using the spotlights as well! but 0! This app is a complete waste of money and time! Thank you Bumble for doing this! Worst experience mates! Do not Install this app at any cost!,been using this app's premium! and guess what? 0 likes! 0 interactions! Even though my profile is 100% completed! I have been using the spotlights as well! but 0! This app is a complete waste of money and time! Thank you Bumble for doing this! Worst experience mates! Do not Install this app at any cost!,,,,,1,1,-0.8394,0.097,0.168,0.735,negative
google_play,2026-04-24,,Hidden COSTS!!!!!,Hidden COSTS!!!!!,,,,,1,0,0,0,0,1,neutral
google_play,2026-04-24,,"I wrote that ""Trying to find someone who would upi me 10 rupees"" on my profile and bumble blocked my profile twice for violating their scams policy, which is a policy against defrauding people. Any obtuse person will also understand that it is a joke. If we're not allowed to make a simple joke like that on bumble then I think other alternative apps are better. Very disgusting management by Bumble team.","I wrote that ""Trying to find someone who would upi me 10 rupees"" on my profile and bumble blocked my profile twice for violating their scams policy, which is a policy against defrauding people. Any obtuse person will also understand that it is a joke. If we're not allowed to make a simple joke like that on bumble then I think other alternative apps are better. Very disgusting management by Bumble team.",,,,,1,0,-0.6478,0.113,0.151,0.737,negative
google_play,2026-04-24,,never get match not very useful,never get match not very useful,,,,,2,0,-0.3865,0,0.344,0.656,negative
google_play,2026-04-24,,too expensive. it asks for money to chat and like. I don't trust the app. they might just greedy and ask money for everything.,too expensive. it asks for money to chat and like. I don't trust the app. they might just greedy and ask money for everything.,,,,,1,1,-0.3616,0.088,0.175,0.737,negative
google_play,2026-04-24,,"account blocked for no reason. tried to contact them, no response.","account blocked for no reason. tried to contact them, no response.",,,,,1,0,-0.6705,0,0.448,0.552,negative
google_play,2026-04-24,,"In short: like any other MatchGroup monopoly dating app, avoid, they just want your money. In long: a great example of an app so locked up behind its own $50/month paid subscription that it is virtually unusable without. Other small features are also paywalled separately (such as comments on profiles), so even if you pay a subscription, you may well need to pay again for those features. Safe to say, you're not getting anything meaningful out of this app without forking out serious money. Avoid.","In short: like any other MatchGroup monopoly dating app, avoid, they just want your money. In long: a great example of an app so locked up behind its own $50/month paid subscription that it is virtually unusable without. Other small features are also paywalled separately (such as comments on profiles), so even if you pay a subscription, you may well need to pay again for those features. Safe to say, you're not getting anything meaningful out of this app without forking out serious money. Avoid.",,,,,1,13,0.7149,0.145,0.094,0.761,positive
google_play,2026-04-24,,"It’s frustrating when you pay for a service like Bumble Premium and immediately feel more restricted than before. While Bumble Premium is marketed to provide ""unlimited swipes"", i notice a sudden drop in visible profiles or matches after subscribing. Stole my money","It’s frustrating when you pay for a service like Bumble Premium and immediately feel more restricted than before. While Bumble Premium is marketed to provide ""unlimited swipes"", i notice a sudden drop in visible profiles or matches after subscribing. Stole my money",,,,,1,1,-0.6997,0.051,0.19,0.758,negative
google_play,2026-04-24,,"accidently restarted my exes profile without him knowing!!! shame on you guys for using his because he is so attractive!!! just kidding, it's pretty average","accidently restarted my exes profile without him knowing!!! shame on you guys for using his because he is so attractive!!! just kidding, it's pretty average",,,,,3,0,0.9067,0.37,0,0.63,positive
google_play,2026-04-24,,Useless in India,Useless in India,,,,,1,1,-0.4215,0,0.583,0.417,negative
google_play,2026-04-24,,wife caught me a cheating,wife caught me a cheating,,,,,1,0,-0.5574,0,0.474,0.526,negative
google_play,2026-04-24,,"Do not waste your time or your money. Bumble used to be unique because it required women to make the first move - but they removed that. As a man, I'm lucky to get MAYBE one like a month, and it's always someone I find terribly unattractive. I was an idiot and paid for the $200 lifetime subscription, so Bumble has no incentive to match me. Screw you, Bumble.","Do not waste your time or your money. Bumble used to be unique because it required women to make the first move - but they removed that. As a man, I'm lucky to get MAYBE one like a month, and it's always someone I find terribly unattractive. I was an idiot and paid for the $200 lifetime subscription, so Bumble has no incentive to match me. Screw you, Bumble.",,,,,1,1,-0.8574,0.114,0.2,0.686,negative
google_play,2026-04-23,,"You can try to be polite and friendly to women, but an overwhelming majority will ignore you or match with you then ghost you if you aren't more handsome than Henry Cavill or more of a rocker than Mick Jagger. Last year, I met a nice and pretty lady at a train station who was interested in me, but I didn't reciprocate as I was on my way to meet a Bumble match. Well, the Bumble girl ended up playing mind games and she flaked on me. Guys, learn from my mistake and meet women in real life.","You can try to be polite and friendly to women, but an overwhelming majority will ignore you or match with you then ghost you if you aren't more handsome than Henry Cavill or more of a rocker than Mick Jagger. Last year, I met a nice and pretty lady at a train station who was interested in me, but I didn't reciprocate as I was on my way to meet a Bumble match. Well, the Bumble girl ended up playing mind games and she flaked on me. Guys, learn from my mistake and meet women in real life.",,,,,1,1,0.516,0.147,0.11,0.743,positive
google_play,2026-04-23,,"This is nothing more than a money extraction game. You showcase one like when someone creates a profile just to make the user pay!! Seriously, why would i pay just to see who liked my profile!! How does that serve the purpose of getting a match here? You already have this platform ""Female first Approach"" and on top of it you just want males to pay whatever pricing you would push. Apps like these are the actual reason why dating apps don't work in india. You're not serving any purpose here!","This is nothing more than a money extraction game. You showcase one like when someone creates a profile just to make the user pay!! Seriously, why would i pay just to see who liked my profile!! How does that serve the purpose of getting a match here? You already have this platform ""Female first Approach"" and on top of it you just want males to pay whatever pricing you would push. Apps like these are the actual reason why dating apps don't work in india. You're not serving any purpose here!",,,,,1,1,0.8507,0.14,0.058,0.801,positive
google_play,2026-04-23,,dont use this app its a scam,dont use this app its a scam,,,,,1,1,-0.5719,0,0.381,0.619,negative
google_play,2026-04-23,,Outright requires a number when there's real people who can't afford one.,Outright requires a number when there's real people who can't afford one.,,,,,2,0,0.0772,0.106,0,0.894,positive
google_play,2026-04-23,,"what a unfunctional login system. I requested code; and it didn't show up. when I made it call me and write down the last 6 Digits, it's worng??? it's literally what you called. such a rage baiting appp","what a unfunctional login system. I requested code; and it didn't show up. when I made it call me and write down the last 6 Digits, it's worng??? it's literally what you called. such a rage baiting appp",,,,,1,0,-0.6298,0,0.101,0.899,negative
google_play,2026-04-23,,is there any reason I'm not getting a verification code to verify my phone number? for weeks I keep trying but get nothing. Have y'all gotten to the max of how many people can use your app?,is there any reason I'm not getting a verification code to verify my phone number? for weeks I keep trying but get nothing. Have y'all gotten to the max of how many people can use your app?,,,,,1,0,0.1306,0.04,0,0.96,positive
google_play,2026-04-23,,very good app😍😍,very good app😍😍,,,,,4,0,0.8576,0.542,0,0.458,positive
google_play,2026-04-23,,cant do anything without money,cant do anything without money,,,,,1,0,0,0,0,1,neutral
google_play,2026-04-23,,"garbage app full of bots, there s no variety in the info/traits which is a dead giveaway","garbage app full of bots, there s no variety in the info/traits which is a dead giveaway",,,,,1,1,-0.7579,0,0.302,0.698,negative
google_play,2026-04-23,,"account is shadow banned. confirmed by the ai that told me ""they dont use that term"" you guys should really invest in customer service that doesnt directly sell you out.","account is shadow banned. confirmed by the ai that told me ""they dont use that term"" you guys should really invest in customer service that doesnt directly sell you out.",,,,,1,1,-0.4588,0,0.094,0.906,negative
google_play,2026-04-23,,"Zero Matches, waist of $ for serious people.","Zero Matches, waist of $ for serious people.",,,,,1,1,-0.0772,0,0.157,0.843,negative
google_play,2026-04-23,,App owners decided to force mandatory photo verification on me. 👎🏼I will remove the app and use other dating services instead,App owners decided to force mandatory photo verification on me. 👎🏼I will remove the app and use other dating services instead,,,,,1,0,0.0772,0.051,0,0.949,positive
google_play,2026-04-23,,Glitches upon glitches. This app may be worse than tinder.,Glitches upon glitches. This app may be worse than tinder.,,,,,1,0,-0.4767,0,0.256,0.744,negative
google_play,2026-04-23,,I have had the pleasure of paying for this app and 4 awful experiences one of which was a horrible scam. Thank you bumble for making this a pricey one,I have had the pleasure of paying for this app and 4 awful experiences one of which was a horrible scam. Thank you bumble for making this a pricey one,,,,,1,0,-0.6124,0.15,0.246,0.604,negative
google_play,2026-04-23,,"Stupid verification, I'm a human, worst dating app, I'm giving 1 star because there's nothing lower than 1 star","Stupid verification, I'm a human, worst dating app, I'm giving 1 star because there's nothing lower than 1 star",,,,,1,0,-0.6384,0.16,0.28,0.56,negative
google_play,2026-04-23,,"terimakasih bumble, berkat engkau saya menemukan my mbg (my bini gwejh) bernama K","terimakasih bumble, berkat engkau saya menemukan my mbg (my bini gwejh) bernama K",,,,,5,0,0,0,0,1,neutral
google_play,2026-04-23,,why do i need to buy subscription to see who liked me? asking for subscription for such a basic thing is not tolerable.,why do i need to buy subscription to see who liked me? asking for subscription for such a basic thing is not tolerable.,,,,,1,1,0.4215,0.113,0,0.887,positive
google_play,2026-04-23,,"it's all fakes and zero matches. They've added subscription fees for every little thing now, even though these fake interactions lead absolutely nowhere.","it's all fakes and zero matches. They've added subscription fees for every little thing now, even though these fake interactions lead absolutely nowhere.",,,,,1,1,-0.7096,0,0.219,0.781,negative
google_play,2026-04-23,,"worst app to find a partner , gets fraud and fake persons only , don't recommend to download and trust you meet anyone's through online dating sites..","worst app to find a partner , gets fraud and fake persons only , don't recommend to download and trust you meet anyone's through online dating sites..",,,,,1,0,-0.8693,0.086,0.341,0.573,negative
google_play,2026-04-23,,"Not all that good.Too many fake profiles with the attention to attract Men into thinking it's a real Lady looking for something.Also to add you pay for Premium service, and you dont receive it.This site should have 0 stars.then the ahprovider going to respond on trying to help but there site is twisted","Not all that good.Too many fake profiles with the attention to attract Men into thinking it's a real Lady looking for something.Also to add you pay for Premium service, and you dont receive it.This site should have 0 stars.then the ahprovider going to respond on trying to help but there site is twisted",,,,,1,0,0.09,0.064,0.058,0.877,positive
google_play,2026-04-22,,"I created an account, then I uploaded photos, all real photos and not even croped or filtered, then they blocked my account for ""breaking the community guidelines"" and I haven't even written any prompts or made any swipes.","I created an account, then I uploaded photos, all real photos and not even croped or filtered, then they blocked my account for ""breaking the community guidelines"" and I haven't even written any prompts or made any swipes.",,,,,1,2,-0.0258,0.05,0.052,0.898,neutral
google_play,2026-04-22,,Rip off App Charges for Literally Everything. You will never find a good match with how it paywalls your best possible match and charges CRIMINALLY high rates just for a single WEEK on the app.,Rip off App Charges for Literally Everything. You will never find a good match with how it paywalls your best possible match and charges CRIMINALLY high rates just for a single WEEK on the app.,,,,,1,0,-0.1043,0.1,0.158,0.742,negative
google_play,2026-04-22,,"Complete scam, waste of money, been on here for a month no replies or messages. Dont buy.","Complete scam, waste of money, been on here for a month no replies or messages. Dont buy.",,,,,1,0,-0.8271,0,0.383,0.617,negative
google_play,2026-04-22,,"I paid for lifetime subscription and I'm not getting any super swiped or spotlights, What's the use when I'm not getting what I paid for","I paid for lifetime subscription and I'm not getting any super swiped or spotlights, What's the use when I'm not getting what I paid for",,,,,1,0,-0.4847,0,0.116,0.884,negative
google_play,2026-04-22,,garbage 🗑 app,garbage 🗑 app,,,,,1,0,0,0,0,1,neutral
google_play,2026-04-22,,"I am writing a honest review so I dress in a skirt and a lace vest top casual dressing, I get flag and told I'm selling sexual services when there is lots of males half dressed and still allowed their accounts ,I have reported this to bumble and their fellow sites absolutely outrageous and will never use a dating site ever again ! No support what so ever if your half naked males they accept this also they love to gaslight which in my eyes isn't great for bumble or partners .","I am writing a honest review so I dress in a skirt and a lace vest top casual dressing, I get flag and told I'm selling sexual services when there is lots of males half dressed and still allowed their accounts ,I have reported this to bumble and their fellow sites absolutely outrageous and will never use a dating site ever again ! No support what so ever if your half naked males they accept this also they love to gaslight which in my eyes isn't great for bumble or partners .",,,,,1,0,0.6306,0.131,0.083,0.786,positive
google_play,2026-04-22,,"Still lousy. Even moreso. Full of high-maintenence women with pics in expensive settings, or professional photos, and exotic locations. Most saying ""I can't see Likes"" which means they aren't paying so you have to pay to connect with them. How entitled can you get!? Not to mention filters... Ugh, the selfie filters. Subscribed for a week, cancelled and deleted after 2 days.","Still lousy. Even moreso. Full of high-maintenence women with pics in expensive settings, or professional photos, and exotic locations. Most saying ""I can't see Likes"" which means they aren't paying so you have to pay to connect with them. How entitled can you get!? Not to mention filters... Ugh, the selfie filters. Subscribed for a week, cancelled and deleted after 2 days.",,,,,2,6,-0.849,0.03,0.175,0.795,negative
google_play,2026-04-22,,"Weird App. The moment you pay, You get flagged. why","Weird App. The moment you pay, You get flagged. why",,,,,1,1,-0.2732,0,0.279,0.721,negative
google_play,2026-04-22,,"So I've been on and off this particular app for a couple years now. When I first created a profile, it was decent. I got real matches with people who actually were in my area and only rarely a scammer looking to try and get me to follow their ""alternative content"" page. In the last 6 months it has just been an awful experience. From problems with billing, to 9/10 matches being scammers who send a prompt with their snapchat, this app has sparked into a massive dumpster fire of scams and OF girls","So I've been on and off this particular app for a couple years now. When I first created a profile, it was decent. I got real matches with people who actually were in my area and only rarely a scammer looking to try and get me to follow their ""alternative content"" page. In the last 6 months it has just been an awful experience. From problems with billing, to 9/10 matches being scammers who send a prompt with their snapchat, this app has sparked into a massive dumpster fire of scams and OF girls",,,,,1,1,-0.8885,0.019,0.13,0.85,negative
google_play,2026-04-22,,actually seems to want to match you rather than swipe ad infinitum,actually seems to want to match you rather than swipe ad infinitum,,,,,5,0,0.0772,0.106,0,0.894,positive
google_play,2026-04-22,,do you really have to pay to even see people who liked you?! and $60.00 at that?! you cant even show me one at a time like Hinge?! I'm good. I'll stick with Hinge.,do you really have to pay to even see people who liked you?! and $60.00 at that?! you cant even show me one at a time like Hinge?! I'm good. I'll stick with Hinge.,,,,,1,1,0.8382,0.233,0.04,0.727,positive
google_play,2026-04-22,,Nem lehet benne km szűrőt beállítani. így gyakorlatilag az ország másik végéből is jönnek az emberek. 😡,Nem lehet benne km szűrőt beállítani. így gyakorlatilag az ország másik végéből is jönnek az emberek. 😡,,,,,2,0,0,0,0,1,neutral
google_play,2026-04-22,,"really a disservice especially to good character people looking for something real, these apps don't care if you fall in love they just want you to subscribe. it's a true disservice and just overall bad business","really a disservice especially to good character people looking for something real, these apps don't care if you fall in love they just want you to subscribe. it's a true disservice and just overall bad business",,,,,1,1,0.6542,0.241,0.129,0.63,positive
google_play,2026-04-22,,People are no longer swiping to connect. Save your time and go touch grass.,People are no longer swiping to connect. Save your time and go touch grass.,,,,,2,1,0.25,0.184,0.126,0.69,positive
google_play,2026-04-22,,filled with bots I had it for a month got 12 matches one one was a real person also I tried to match with a girl from work we both liked eachother and we didn't match bumble gets payed to match you with scammers don't download,filled with bots I had it for a month got 12 matches one one was a real person also I tried to match with a girl from work we both liked eachother and we didn't match bumble gets payed to match you with scammers don't download,,,,,1,1,0.4215,0.059,0,0.941,positive
google_play,2026-04-22,,"Great app, many women have matched with me and they're all so nice. Very good app.","Great app, many women have matched with me and they're all so nice. Very good app.",,,,,5,1,0.9037,0.462,0,0.538,positive
google_play,2026-04-22,,"fraudsters, after you remove membership they charge your card without permission. allmpictures are AI generated as well.","fraudsters, after you remove membership they charge your card without permission. allmpictures are AI generated as well.",,,,,1,0,-0.3182,0.102,0.166,0.732,negative
google_play,2026-04-22,,a guy from here ruined my life,a guy from here ruined my life,,,,,1,0,-0.4767,0,0.341,0.659,negative
google_play,2026-04-22,,"I have paid for the app, but nothing happened..disgusting app","I have paid for the app, but nothing happened..disgusting app",,,,,1,0,0,0,0,1,neutral
google_play,2026-04-22,,tinder 2.0 version . all I have to say . stay away,tinder 2.0 version . all I have to say . stay away,,,,,1,0,0,0,0,1,neutral
google_play,2026-04-22,,Don't waste time and money on this app.,Don't waste time and money on this app.,,,,,1,1,0.3252,0.25,0,0.75,positive
google_play,2026-04-22,,I don't have access to my account,I don't have access to my account,,,,,1,0,0,0,0,1,neutral
google_play,2026-04-22,,"so...I don't understand why my account was unjustly blocked I was fine until yesterday, and now is completely blocked my access to my account, due to spam? I never did anything wrong, im actually so confused","so...I don't understand why my account was unjustly blocked I was fine until yesterday, and now is completely blocked my access to my account, due to spam? I never did anything wrong, im actually so confused",,,,,1,0,-0.6839,0.098,0.225,0.677,negative
google_play,2026-04-22,,"After completing my profile I tried to verify my account. after 20+ attempts of the same stupid pose it wouldn't recognise me. Then it got stuck on the verification page, and now I can't access anything else on the app.","After completing my profile I tried to verify my account. after 20+ attempts of the same stupid pose it wouldn't recognise me. Then it got stuck on the verification page, and now I can't access anything else on the app.",,,,,1,1,-0.6597,0,0.124,0.876,negative
google_play,2026-04-22,,"why the hell is the superswipe on the bottom right, keep accidently pressing it. scam","why the hell is the superswipe on the bottom right, keep accidently pressing it. scam",,,,,1,0,-0.8519,0,0.39,0.61,negative
google_play,2026-04-22,,Worst dating app fr.. I'm not gonna elaborate,Worst dating app fr.. I'm not gonna elaborate,,,,,1,1,-0.6249,0,0.369,0.631,negative
google_play,2026-04-22,,has too many bots and sextortion people on here.,has too many bots and sextortion people on here.,,,,,1,0,0,0,0,1,neutral
google_play,2026-04-22,,"this app is so trash, they block my account for no reason.. I just wanted to recover my account because I purchased costly subscription, but still I can't find any way to recover my account.. Please don't install this trashy app🙏","this app is so trash, they block my account for no reason.. I just wanted to recover my account because I purchased costly subscription, but still I can't find any way to recover my account.. Please don't install this trashy app🙏",,,,,1,1,0.0176,0.063,0.104,0.833,neutral
google_play,2026-04-22,,"frivolous App, makes you connect, then pay up. once you pay, all connections and matches stop happening. initially, you'll get more matches. Later, it's just business, and the App fails in consistency, leading you to an absolute dismay. Subscription top level, canceled.","frivolous App, makes you connect, then pay up. once you pay, all connections and matches stop happening. initially, you'll get more matches. Later, it's just business, and the App fails in consistency, leading you to an absolute dismay. Subscription top level, canceled.",,,,,2,1,-0.7783,0.037,0.219,0.744,negative
google_play,2026-04-22,,"BFF for men is seriously flawed and not fit for purpose. It's basically grindr. To make it fit for purpose, I would have to pay for premium (accessing a specific filter). No thanks.","BFF for men is seriously flawed and not fit for purpose. It's basically grindr. To make it fit for purpose, I would have to pay for premium (accessing a specific filter). No thanks.",,,,,1,2,-0.1489,0.163,0.244,0.593,negative
google_play,2026-04-21,,"Absolute Garbage/Scam. If you're Male avoid this site. They want money for sending messages, also money so you can see who likes you and then more money so you can be seen by other people. Go to a Bar and spend your money actually buying someone a Drink you'll have better chances.","Absolute Garbage/Scam. If you're Male avoid this site. They want money for sending messages, also money so you can see who likes you and then more money so you can be seen by other people. Go to a Bar and spend your money actually buying someone a Drink you'll have better chances.",,,,,1,1,0.6808,0.152,0.038,0.81,positive
google_play,2026-04-21,,Male perspective: Ive had some pretty solid gfs from here (nothing permenant though). Recently matches have been nothing but snapchat bots. I'll most likely be changing dating apps.,Male perspective: Ive had some pretty solid gfs from here (nothing permenant though). Recently matches have been nothing but snapchat bots. I'll most likely be changing dating apps.,,,,,1,2,0.34,0.116,0,0.884,positive
google_play,2026-04-21,,"fake accounts, AI bots","fake accounts, AI bots",,,,,1,1,-0.4767,0,0.508,0.492,negative
google_play,2026-04-21,,Loads of bugs and not loafing anymore,Loads of bugs and not loafing anymore,,,,,1,1,0,0,0,1,neutral
google_play,2026-04-21,,"In contrast to many other dating apps, this one is a complete waste of time!","In contrast to many other dating apps, this one is a complete waste of time!",,,,,1,0,-0.4753,0,0.181,0.819,negative
google_play,2026-04-21,,all I saw on my screen was BS 😛,all I saw on my screen was BS 😛,,,,,1,1,0,0,0,1,neutral
google_play,2026-04-21,,"Scammers and OF ads galore. The past 10 matches ive gotten in a row have all had advertisements for Snapchat accounts in their match messages. If you decide to add them, then it becomes a way that they can advertise some low traffic onlyfans. Its to the point where its every single match I get nowadays. I wont be coming back here.","Scammers and OF ads galore. The past 10 matches ive gotten in a row have all had advertisements for Snapchat accounts in their match messages. If you decide to add them, then it becomes a way that they can advertise some low traffic onlyfans. Its to the point where its every single match I get nowadays. I wont be coming back here.",,,,,1,2,-0.2732,0,0.033,0.967,negative
google_play,2026-04-21,,"The app has revamped several times. Nothing works. The few women that are even on the app are even lazier than before, demanding thought out bios pics and first impressions while sending wave emoji as thier first impression. Repal the 19th.","The app has revamped several times. Nothing works. The few women that are even on the app are even lazier than before, demanding thought out bios pics and first impressions while sending wave emoji as thier first impression. Repal the 19th.",,,,,1,4,-0.34,0.083,0.113,0.804,negative
google_play,2026-04-21,,"customer support is rude and unhelpful, definitely just want your money!!!","customer support is rude and unhelpful, definitely just want your money!!!",,,,,1,0,0.5538,0.431,0.171,0.398,positive
google_play,2026-04-21,,"Ever since they removed the requirement that women reach out first, they've become the same as Tinder, and other services have increased in prices, and their algorithm just basically caters to the top % of men, or just to women generally. There is no point in using this app.","Ever since they removed the requirement that women reach out first, they've become the same as Tinder, and other services have increased in prices, and their algorithm just basically caters to the top % of men, or just to women generally. There is no point in using this app.",,,,,1,1,0.2023,0.096,0.042,0.862,positive
google_play,2026-04-21,,it's paid app. no anyone Chat on this platform. only 10 likes available here,it's paid app. no anyone Chat on this platform. only 10 likes available here,,,,,1,1,0.1531,0.165,0.129,0.706,positive
google_play,2026-04-21,,the app looks good and all but i couldn't see the people that liked my profile 😭,the app looks good and all but i couldn't see the people that liked my profile 😭,,,,,2,1,0.128,0.219,0.161,0.62,positive
google_play,2026-04-21,,"Trappppp, u only match if u pay. Tested. Cute app, too bad it's greedy. Let people have commercials to pay for their use instead of twisting their arm to pay you. If you were on it like u are in the reviews responses, this wouldn't be such a badly rated app. Your reply was not reposnsive to my complaints. Says a lot about ur corporate attitude","Trappppp, u only match if u pay. Tested. Cute app, too bad it's greedy. Let people have commercials to pay for their use instead of twisting their arm to pay you. If you were on it like u are in the reviews responses, this wouldn't be such a badly rated app. Your reply was not reposnsive to my complaints. Says a lot about ur corporate attitude",,,,,1,2,-0.8074,0.07,0.202,0.728,negative
google_play,2026-04-21,,"scummy verification process. can't access any of the features, like deleting my account because the app wont let me interact with it until I submit a ""verification photo"" which according to the privacy policy gets stored forever and can't be deleted.","scummy verification process. can't access any of the features, like deleting my account because the app wont let me interact with it until I submit a ""verification photo"" which according to the privacy policy gets stored forever and can't be deleted.",,,,,1,2,0.3612,0.059,0,0.941,positive
google_play,2026-04-21,,not match any one,not match any one,,,,,1,0,0,0,0,1,neutral
google_play,2026-04-21,,Worst customer support ever. Installed on multiple phones and couldn't get an activation text or phone call on any of them. Emailed support and they were completely useless.,Worst customer support ever. Installed on multiple phones and couldn't get an activation text or phone call on any of them. Emailed support and they were completely useless.,,,,,1,1,-0.4201,0.148,0.197,0.656,negative
google_play,2026-04-21,,"This application is a disaster. I created an account, and started to swipe on people, in 30 seconds I've got blocked! I did not even have time to finish my profile information, I have no idea how stupid your algorithm or based on what exactly this action can be made so fast. life is already hard outside to date someone, and you Bumble are making it even harder for a lot of good people by blocking their accounts without any specific reason neither any explanation. This app is super weird 👎","This application is a disaster. I created an account, and started to swipe on people, in 30 seconds I've got blocked! I did not even have time to finish my profile information, I have no idea how stupid your algorithm or based on what exactly this action can be made so fast. life is already hard outside to date someone, and you Bumble are making it even harder for a lot of good people by blocking their accounts without any specific reason neither any explanation. This app is super weird 👎",,,,,1,1,-0.7901,0.081,0.164,0.755,negative
google_play,2026-04-21,,long sign up process I got angry and deleted it,long sign up process I got angry and deleted it,,,,,1,1,-0.5106,0,0.268,0.732,negative
google_play,2026-04-21,,such a disgasting it is full of cost like 1600rs just for genaral chat,such a disgasting it is full of cost like 1600rs just for genaral chat,,,,,1,0,0.3612,0.161,0,0.839,positive
google_play,2026-04-21,,"Too many obstacles and confusing pay walls. Seems like the Disney World of dating apps, getting in the park doesn't cover all the rides. Not yet convinced it is worth paying for what's behind the door. Reminiscent of the US TV show ""The Price is Right""🤔","Too many obstacles and confusing pay walls. Seems like the Disney World of dating apps, getting in the park doesn't cover all the rides. Not yet convinced it is worth paying for what's behind the door. Reminiscent of the US TV show ""The Price is Right""🤔",,,,,2,1,-0.4133,0.081,0.15,0.77,negative
google_play,2026-04-21,,"can't see matches unless you pay, annoys you with pop ups when you're trying to use, and looking through the reviews their responses to issues are generic and don't take what was said into account","can't see matches unless you pay, annoys you with pop ups when you're trying to use, and looking through the reviews their responses to issues are generic and don't take what was said into account",,,,,1,1,-0.4939,0,0.113,0.887,negative
google_play,2026-04-21,,bumble is okay but I don't know why am not getting any match,bumble is okay but I don't know why am not getting any match,,,,,5,0,0.1154,0.108,0,0.892,positive
google_play,2026-04-21,,keeps crashing and needs a reinstall every few days.,keeps crashing and needs a reinstall every few days.,,,,,1,0,0,0,0,1,neutral
google_play,2026-04-21,,best app ever,best app ever,,,,,5,0,0.6369,0.677,0,0.323,positive
google_play,2026-04-21,,only Old profiles,only Old profiles,,,,,1,1,0,0,0,1,neutral
google_play,2026-04-20,,"bumble is down, won't load anything for me. sucks for people who have paid for subscriptions","bumble is down, won't load anything for me. sucks for people who have paid for subscriptions",,,,,1,0,-0.3612,0,0.143,0.857,negative
google_play,2026-04-20,,app doesn't work on Android full stop. crashing and buggy I'm sure they'll write a withering reply telling us how sorry they are and to contact someone else.,app doesn't work on Android full stop. crashing and buggy I'm sure they'll write a withering reply telling us how sorry they are and to contact someone else.,,,,,1,1,-0.0516,0.075,0.114,0.812,negative
google_play,2026-04-20,,"i paid money for premium version , but believe me nothing changed .","i paid money for premium version , but believe me nothing changed .",,,,,1,1,0,0,0,1,neutral
google_play,2026-04-20,,"Literally non stop bots/spam. Every match is AI, get the phone number, then talk for 20 minutes (it's AI) then ghost forever. All the AI is identical to Hinge and Tinder. Don't bother, go outside and touch grass instead. Maybe the paid version is different, but I doubt it.","Literally non stop bots/spam. Every match is AI, get the phone number, then talk for 20 minutes (it's AI) then ghost forever. All the AI is identical to Hinge and Tinder. Don't bother, go outside and touch grass instead. Maybe the paid version is different, but I doubt it.",,,,,1,2,-0.5903,0.05,0.122,0.828,negative
google_play,2026-04-20,,app ok. rate one star because kinda sad that you pay for a subscription then have to pay to send any notes. should have some included in subscription. oh say maybe 10-20 notes per month.,app ok. rate one star because kinda sad that you pay for a subscription then have to pay to send any notes. should have some included in subscription. oh say maybe 10-20 notes per month.,,,,,1,0,-0.5584,0,0.149,0.851,negative
google_play,2026-04-20,,"it feels like there could be good quality to hear, but people don't put in the effort on here. including not bothering messaging people back.","it feels like there could be good quality to hear, but people don't put in the effort on here. including not bothering messaging people back.",,,,,2,2,0.6679,0.227,0,0.773,positive
google_play,2026-04-20,,"bumble hat ein riesiges bot problem und ignoriert es einfach weg. Alle reports werden abgewunken und ca 10% aller profile sind OFFENSICHTLICH bot accounts. Selbst der KI chat gibt es zu, aber bumble ist es egal. Passt leider sehr zu den anderen Maßnahmen, mit denen bumble den Match-Erfolg verhindert","bumble hat ein riesiges bot problem und ignoriert es einfach weg. Alle reports werden abgewunken und ca 10% aller profile sind OFFENSICHTLICH bot accounts. Selbst der KI chat gibt es zu, aber bumble ist es egal. Passt leider sehr zu den anderen Maßnahmen, mit denen bumble den Match-Erfolg verhindert",,,,,1,18,-0.4019,0,0.053,0.947,negative
google_play,2026-04-20,,"I can't create an account after Inserting my number is telling me to start a puzzle and there is no arrow to fix it, even the audio is telling to try again, I am tired of the app","I can't create an account after Inserting my number is telling me to start a puzzle and there is no arrow to fix it, even the audio is telling to try again, I am tired of the app",,,,,1,2,-0.6822,0.031,0.164,0.805,negative
google_play,2026-04-20,,"Funny how bot accounts have no issue matching with you without you swiping on them. Also why do i match with women i have never swiped on, who are completely opposite of what im looking for. This app always changes the rules of how it works.","Funny how bot accounts have no issue matching with you without you swiping on them. Also why do i match with women i have never swiped on, who are completely opposite of what im looking for. This app always changes the rules of how it works.",,,,,1,2,0.1779,0.059,0.045,0.896,positive
google_play,2026-04-20,,app won't open,app won't open,,,,,2,0,0,0,0,1,neutral
google_play,2026-04-20,,"fake accounts. women laugh at you when you want to be serious. generally very unpleasant experience with the app. sends you likes but of course you won't see. will match you with people who don't text, ignore you. all dating apps are the same - only work for rich and tall men and women. if you're not a model - do not download the app because you'll be disappointed.","fake accounts. women laugh at you when you want to be serious. generally very unpleasant experience with the app. sends you likes but of course you won't see. will match you with people who don't text, ignore you. all dating apps are the same - only work for rich and tall men and women. if you're not a model - do not download the app because you'll be disappointed.",,,,,1,1,0.5217,0.157,0.116,0.728,positive
google_play,2026-04-20,,"you should have an option for ""Punjabi"" as hindu is too broad. and they are not sikh","you should have an option for ""Punjabi"" as hindu is too broad. and they are not sikh",,,,,5,1,0,0,0,1,neutral
google_play,2026-04-20,,verified photo is dysfunctional,verified photo is dysfunctional,,,,,1,1,0,0,0,1,neutral
google_play,2026-04-20,,"Not impressed with this app, there's two major towns within 10 miles and no matter how I adjust is does not work. Just brings up matches 30-50 miles away which is obviously not great matches.","Not impressed with this app, there's two major towns within 10 miles and no matter how I adjust is does not work. Just brings up matches 30-50 miles away which is obviously not great matches.",,,,,1,1,-0.7115,0,0.178,0.822,negative
google_play,2026-04-20,,reinstalled it and it's broken completely 😭,reinstalled it and it's broken completely 😭,,,,,1,0,-0.7564,0,0.481,0.519,negative
google_play,2026-04-20,,bumble is amazing,bumble is amazing,,,,,5,0,0.5859,0.655,0,0.345,positive
google_play,2026-04-20,,"Just the simple fact that you have to PAY to see who liked you and to CHAT WITH THEM is BEYOND ME. its ridiculous, its like paying someone to go on a date with you. isnt the whole point of this app to find someone? seeing who you match with and chatting with them should be the BASIC NECESSITY of this app, but no you have to pay around 25-50 dollars just to chat with someone.","Just the simple fact that you have to PAY to see who liked you and to CHAT WITH THEM is BEYOND ME. its ridiculous, its like paying someone to go on a date with you. isnt the whole point of this app to find someone? seeing who you match with and chatting with them should be the BASIC NECESSITY of this app, but no you have to pay around 25-50 dollars just to chat with someone.",,,,,1,1,-0.4707,0.045,0.095,0.86,negative
google_play,2026-04-20,,the worst dating app ever saw its like a fraud app no matches. All the people in this app are also fraud,the worst dating app ever saw its like a fraud app no matches. All the people in this app are also fraud,,,,,1,1,-0.9081,0.075,0.416,0.509,negative
google_play,2026-04-20,,didn't get match if u get match most of the people not reply back it's means it's fake profile can't trust on this aap,didn't get match if u get match most of the people not reply back it's means it's fake profile can't trust on this aap,,,,,1,0,-0.7005,0,0.209,0.791,negative
google_play,2026-04-20,,This is the best dating app. I found my gf ❤️through this app.,This is the best dating app. I found my gf ❤️through this app.,,,,,5,0,0.6369,0.231,0,0.769,positive
google_play,2026-04-20,,it's a must try dating site,it's a must try dating site,,,,,5,0,0,0,0,1,neutral
google_play,2026-04-20,,"I am giving it one star because I can't get zero. I will rate it as the second worst app. Honestly, it could have worked better, but the rule sucked. It's obvious that the person who responded to a like after days, won't respond within 24 hours; this is mostly how I lost most of my matches. The morons who have created this app should have known that people can be busy with other things. In fact, some of the girls were shocked to know this, and it explained to them why they didn't get matches.","I am giving it one star because I can't get zero. I will rate it as the second worst app. Honestly, it could have worked better, but the rule sucked. It's obvious that the person who responded to a like after days, won't respond within 24 hours; this is mostly how I lost most of my matches. The morons who have created this app should have known that people can be busy with other things. In fact, some of the girls were shocked to know this, and it explained to them why they didn't get matches.",,,,,1,1,-0.7906,0.093,0.138,0.769,negative
google_play,2026-04-20,,I think Bumble filters matches to keep us interested.,I think Bumble filters matches to keep us interested.,,,,,3,0,0.4019,0.252,0,0.748,positive
google_play,2026-04-20,,Nothing works without putting money into it. I mean बिना पैसे के इसमेंकुछ भी नहीं है! very Boring app.,Nothing works without putting money into it. I mean बिना पैसे के इसमेंकुछ भी नहीं है! very Boring app.,,,,,1,0,-0.4376,0,0.132,0.868,negative
google_play,2026-04-20,,just a cash grab with a heinous algorithm. not paying to see if I matched with someone 😅,just a cash grab with a heinous algorithm. not paying to see if I matched with someone 😅,,,,,1,1,0.3612,0.111,0,0.889,positive
google_play,2026-04-20,,very bad experience,very bad experience,,,,,1,0,-0.5849,0,0.655,0.345,negative
google_play,2026-04-20,,why the app now keeps pushing people on travel mode when there are plenty of people around (and travel mode is off)? stop manipulating the results to force people to spend money.,why the app now keeps pushing people on travel mode when there are plenty of people around (and travel mode is off)? stop manipulating the results to force people to spend money.,,,,,1,1,-0.5719,0,0.135,0.865,negative
google_play,2026-04-20,,terrible app,terrible app,,,,,1,0,-0.4767,0,0.756,0.244,negative
google_play,2026-04-20,,I tried this dating app hoping to actually talk with someone. the app is basically where if you don't pay it can't be used. I only managed to talk to someone once I am not sure if that someone was real as I got ghosted. while I agree with verification this app made it impossible. there is no real chance to even talk to someone the only thing I liked about the app was the tips section. I hate the likes because unless you have premium they don't mean a thing I don't recommend at all avoid this app,I tried this dating app hoping to actually talk with someone. the app is basically where if you don't pay it can't be used. I only managed to talk to someone once I am not sure if that someone was real as I got ghosted. while I agree with verification this app made it impossible. there is no real chance to even talk to someone the only thing I liked about the app was the tips section. I hate the likes because unless you have premium they don't mean a thing I don't recommend at all avoid this app,,,,,1,2,-0.1818,0.107,0.122,0.771,negative
google_play,2026-04-20,,After years of using it I realize girls in here looking for rich guys😑😑😑😑 Review from india whats in outside I dont know,After years of using it I realize girls in here looking for rich guys😑😑😑😑 Review from india whats in outside I dont know,,,,,1,1,0.5574,0.107,0,0.893,positive
google_play,2026-04-20,,"They told me I could appeal the ban, yet I have no idea why I was banned, and I wasn't given any other reason than that I violated the rules, which seems pretty stupid. They couldn't give me a specific reason. Let alone how can I validate myself, not worth arguing about the app didn't really get me any dates... edit... 9 months later... attempts to reach and understand what the issue was were futile. They deserve ZERO STARS for PATHETIC CUSTOMER interactions!!!! All Stars REVOKED!!!","They told me I could appeal the ban, yet I have no idea why I was banned, and I wasn't given any other reason than that I violated the rules, which seems pretty stupid. They couldn't give me a specific reason. Let alone how can I validate myself, not worth arguing about the app didn't really get me any dates... edit... 9 months later... attempts to reach and understand what the issue was were futile. They deserve ZERO STARS for PATHETIC CUSTOMER interactions!!!! All Stars REVOKED!!!",,,,,1,1,-0.9612,0.084,0.252,0.663,negative
google_play,2026-04-20,,"This app is not useful for me at all, don't use this app if you're into a genuine connection. This app is a scam !!","This app is not useful for me at all, don't use this app if you're into a genuine connection. This app is a scam !!",,,,,1,0,-0.7711,0,0.225,0.775,negative
google_play,2026-04-20,,"Step 1: Get a match Step 2: Receive no message from them Step 3: Get annoyed and give up for a while Step 4: Repeat 1, 2, 3 periodically. This loop goes forever, you hinged (lol, hinge) an entire business model on people doing something that 95% of the time apparently they won't do AND put a timer on it...brilliant /s. Anyway, yes it's predatory, yes it's like all the others, etc etc. There really are no upsides here.","Step 1: Get a match Step 2: Receive no message from them Step 3: Get annoyed and give up for a while Step 4: Repeat 1, 2, 3 periodically. This loop goes forever, you hinged (lol, hinge) an entire business model on people doing something that 95% of the time apparently they won't do AND put a timer on it...brilliant /s. Anyway, yes it's predatory, yes it's like all the others, etc etc. There really are no upsides here.",,,,,1,1,0.5302,0.119,0.081,0.8,positive
google_play,2026-04-20,,no que que tanta visibilidad le den a los perfiles que no pagan nada pero bueno de eso viven estas aplicaciones,no que que tanta visibilidad le den a los perfiles que no pagan nada pero bueno de eso viven estas aplicaciones,,,,,3,0,-0.5267,0,0.188,0.812,negative
google_play,2026-04-20,,False advertisement in features. They will get you to pay only to bait and switch you. No refunds.,False advertisement in features. They will get you to pay only to bait and switch you. No refunds.,,,,,1,1,-0.3818,0,0.184,0.816,negative
google_play,2026-04-20,,Waste of time - The app can be entertaining but finding someone local is almost non-existent. Probably the closest match I have found is an hour away. And most matches are hundreds of miles away. How can that be?,Waste of time - The app can be entertaining but finding someone local is almost non-existent. Probably the closest match I have found is an hour away. And most matches are hundreds of miles away. How can that be?,,,,,2,0,0.0129,0.048,0.047,0.906,neutral
google_play,2026-04-20,,The app suddenly thinks I'm in Venezuela and won't work. No VPN on phone or network. All other apps GPS locations are correct.,The app suddenly thinks I'm in Venezuela and won't work. No VPN on phone or network. All other apps GPS locations are correct.,,,,,1,0,0.2235,0.079,0,0.921,positive
google_play,2026-04-19,,"I am very disappointed with Bumble. My two accounts were blocked without any clear reason. There was no proper explanation or warning given. This creates a very frustrating experience for genuine users. If there is any issue, the app should at least communicate it clearly instead of suddenly banning accounts. Also, Bumble should introduce a proper verification process during account creation itself. This will help in building a more safe and healthy community instead of randomly blocking users.","I am very disappointed with Bumble. My two accounts were blocked without any clear reason. There was no proper explanation or warning given. This creates a very frustrating experience for genuine users. If there is any issue, the app should at least communicate it clearly instead of suddenly banning accounts. Also, Bumble should introduce a proper verification process during account creation itself. This will help in building a more safe and healthy community instead of randomly blocking users.",,,,,1,3,-0.3211,0.159,0.183,0.658,negative
google_play,2026-04-19,,"I'd say this app is close to being the best but please make it so both parties can message after matching. Not all females want to start the conversation and even if I extend their time another 24 hours so they have 48 hours in total to get back, they never message me first. Opportunities missed,thx bumble","I'd say this app is close to being the best but please make it so both parties can message after matching. Not all females want to start the conversation and even if I extend their time another 24 hours so they have 48 hours in total to get back, they never message me first. Opportunities missed,thx bumble",,,,,3,0,0.9008,0.203,0.02,0.776,positive
google_play,2026-04-19,,No match no love no like,No match no love no like,,,,,1,1,-0.5996,0.303,0.617,0.08,negative
google_play,2026-04-19,,"not getting match, same as my previous experience and from now I am not going to use this app and never recommend to others.","not getting match, same as my previous experience and from now I am not going to use this app and never recommend to others.",,,,,1,1,-0.2755,0,0.084,0.916,negative
google_play,2026-04-19,,"Why is the location at the very bottom of the profile? And now guys can message girls first when they have the prompts. Also, with the prompts fake profiles or scammers are putting their snaps on there to take us guys off the app and then scam us. Please get rid of the prompts and truly make it like it was with girls having to message guys first. otherwise it's literally Tinder.","Why is the location at the very bottom of the profile? And now guys can message girls first when they have the prompts. Also, with the prompts fake profiles or scammers are putting their snaps on there to take us guys off the app and then scam us. Please get rid of the prompts and truly make it like it was with girls having to message guys first. otherwise it's literally Tinder.",,,,,1,0,-0.0258,0.094,0.083,0.822,neutral
google_play,2026-04-19,,cant login,cant login,,,,,1,0,0,0,0,1,neutral
google_play,2026-04-19,,messaging issues at bumble app,messaging issues at bumble app,,,,,5,0,0,0,0,1,neutral
google_play,2026-04-19,,i found the love of my lifeee😭💗thankyousoomuch,i found the love of my lifeee😭💗thankyousoomuch,,,,,5,0,0.7906,0.455,0.14,0.405,positive
google_play,2026-04-19,,"be careful, this apps full of scam and pervert people","be careful, this apps full of scam and pervert people",,,,,2,1,-0.7506,0.103,0.449,0.449,negative
google_play,2026-04-19,,Allowing people see their likes for free will greatly improve Bumble. it makes it mature and easy to choose who you respond to.,Allowing people see their likes for free will greatly improve Bumble. it makes it mature and easy to choose who you respond to.,,,,,3,0,0.9324,0.454,0,0.546,positive
google_play,2026-04-19,,"The app just blocked my account without any reason, I have no idea why this happen and the app just ask me to read it's terms and conditions. Why are you doing this, blcoking a real account and let those fake alive in your app?","The app just blocked my account without any reason, I have no idea why this happen and the app just ask me to read it's terms and conditions. Why are you doing this, blcoking a real account and let those fake alive in your app?",,,,,1,1,-0.5859,0.051,0.145,0.804,negative
google_play,2026-04-19,,What's the purpose of having this app if you have to pay for everything? 😂,What's the purpose of having this app if you have to pay for everything? 😂,,,,,1,0,0.3612,0.165,0.143,0.693,positive
google_play,2026-04-19,,good for usee,good for usee,,,,,4,0,0.4404,0.592,0,0.408,positive
google_play,2026-04-19,,algorithm is made to pay,algorithm is made to pay,,,,,1,0,-0.1027,0,0.259,0.741,negative
google_play,2026-04-19,,apo is too glitchy also it keeps load all the time... u can't even open settings,apo is too glitchy also it keeps load all the time... u can't even open settings,,,,,1,0,0,0,0,1,neutral
google_play,2026-04-19,,the call quality is very bad in this app as the call gets disconnected again and again even mid conversation. And moreover the app notification is a big mess as there is no notification most of the time from the app when someone messaged you and all,the call quality is very bad in this app as the call gets disconnected again and again even mid conversation. And moreover the app notification is a big mess as there is no notification most of the time from the app when someone messaged you and all,,,,,3,0,-0.8173,0,0.162,0.838,negative
google_play,2026-04-19,,it's crickets,it's crickets,,,,,2,0,0,0,0,1,neutral
google_play,2026-04-19,,who the hell has time to like someone back in 24 hours?,who the hell has time to like someone back in 24 hours?,,,,,1,0,-0.4767,0.146,0.269,0.585,negative
google_play,2026-04-19,,"this app has touched on something special, I met my girlfriend of 5 years now on here and I've never felt more happy and secure in a relationship. I think the app has chosen a USP of having the woman make the first move which almost ensured a half decent interaction every time. you won't always find success, but eventually the right one will find you. far better than the bolshy sex apps like tinder and hinge.","this app has touched on something special, I met my girlfriend of 5 years now on here and I've never felt more happy and secure in a relationship. I think the app has chosen a USP of having the woman make the first move which almost ensured a half decent interaction every time. you won't always find success, but eventually the right one will find you. far better than the bolshy sex apps like tinder and hinge.",,,,,5,0,0.7701,0.126,0.048,0.827,positive
google_play,2026-04-19,,why removed the professional account?,why removed the professional account?,,,,,4,0,0,0,0,1,neutral
google_play,2026-04-19,,"Awful site. Not user friendly at all, images take forever to render. Filters don't work ie. I'm getting matches with people who live in Brisbane when I am located in Sydney. The cost of premium is absolutely not worth it.","Awful site. Not user friendly at all, images take forever to render. Filters don't work ie. I'm getting matches with people who live in Brisbane when I am located in Sydney. The cost of premium is absolutely not worth it.",,,,,1,0,-0.7631,0,0.17,0.83,negative
google_play,2026-04-19,,I meet good ppl here awesome applications,I meet good ppl here awesome applications,,,,,4,0,0.7906,0.583,0,0.417,positive
google_play,2026-04-19,,this app makes me miserable.,this app makes me miserable.,,,,,1,0,-0.4939,0,0.444,0.556,negative
google_play,2026-04-19,,"not a problem with the app. the people suck. especially females. maybe im ugly? maybe i give off a bad vibe? I have 30 matches, female, I texted first on all of them and none have replied for days. I guess im gay now.","not a problem with the app. the people suck. especially females. maybe im ugly? maybe i give off a bad vibe? I have 30 matches, female, I texted first on all of them and none have replied for days. I guess im gay now.",,,,,1,3,-0.8317,0.043,0.192,0.765,negative
google_play,2026-04-19,,Limits personality,Limits personality,,,,,2,0,0,0,0,1,neutral
google_play,2026-04-19,,"I've tried everything bumble & Google search has recommended, but I still can't create a profile because the verification text or call won't come through.","I've tried everything bumble & Google search has recommended, but I still can't create a profile because the verification text or call won't come through.",,,,,1,0,-0.2074,0.053,0.083,0.864,negative
google_play,2026-04-19,,Very good 👍 and gives women ageny + more screening safety:),Very good 👍 and gives women ageny + more screening safety:),,,,,5,0,0.7408,0.385,0,0.615,positive
google_play,2026-04-19,,"love how de company is working, thumbs up 👍😎","love how de company is working, thumbs up 👍😎",,,,,5,0,0.802,0.375,0,0.625,positive
google_play,2026-04-19,,"⭐ 1 Star Very frustrating experience with . The app makes it unnecessarily difficult to find the option to remove your card or cancel a subscription. There is no clear visibility, This feels misleading and not user-friendly at all. An app handling payments should provide transparent and easily accessible controls for subscriptions and billing. Hiding these options breaks user trust. Please fix this. ...","⭐ 1 Star Very frustrating experience with . The app makes it unnecessarily difficult to find the option to remove your card or cancel a subscription. There is no clear visibility, This feels misleading and not user-friendly at all. An app handling payments should provide transparent and easily accessible controls for subscriptions and billing. Hiding these options breaks user trust. Please fix this. ...",,,,,1,0,-0.6982,0.103,0.19,0.707,negative
google_play,2026-04-19,,Love this app so much,Love this app so much,,,,,5,0,0.6369,0.512,0,0.488,positive
google_play,2026-04-19,,"Do not give them your money. Similar to tinder, the amount of obviously fake or scam profiles is so much that I have no choice but to tbink bumble is in on it. They have the infrastructure in place to verify profiles but cant stop thousands of fake accounts with the same faces? These apps straight up are a rip off. they overcharge your for basic features while actively allowing people on their platform that scam others. Unaware women are having their faces used to sell scams. so gross","Do not give them your money. Similar to tinder, the amount of obviously fake or scam profiles is so much that I have no choice but to tbink bumble is in on it. They have the infrastructure in place to verify profiles but cant stop thousands of fake accounts with the same faces? These apps straight up are a rip off. they overcharge your for basic features while actively allowing people on their platform that scam others. Unaware women are having their faces used to sell scams. so gross",,,,,1,0,-0.97,0.067,0.247,0.686,negative
google_play,2026-04-19,,the app is only based on Africans,the app is only based on Africans,,,,,1,0,0,0,0,1,neutral
google_play,2026-04-18,,"Who’s got time to verify for hours? Takes 3 business days just to register, there’s way better apps out there","Who’s got time to verify for hours? Takes 3 business days just to register, there’s way better apps out there",,,,,1,1,0.4404,0.132,0,0.868,positive
google_play,2026-04-18,,Got a lot more matches and conversations on Hinge (without paying). Either the algorithm is bad or the people on here are not serious.,Got a lot more matches and conversations on Hinge (without paying). Either the algorithm is bad or the people on here are not serious.,,,,,2,0,-0.507,0.046,0.131,0.823,negative
google_play,2026-04-18,,"it's good, but I don't now how to use 😁😁","it's good, but I don't now how to use 😁😁",,,,,1,0,0.8735,0.383,0,0.617,positive
google_play,2026-04-18,,"Don't waste your time, or money.. I've expanded all my attributes, and have swiped right on 100s of profiles, bought compliments, and super likes. Not once ever matched.. This is the only platform I've used to have never matched with anyone.. it's a scam app...","Don't waste your time, or money.. I've expanded all my attributes, and have swiped right on 100s of profiles, bought compliments, and super likes. Not once ever matched.. This is the only platform I've used to have never matched with anyone.. it's a scam app...",,,,,1,2,0.7925,0.212,0.067,0.722,positive
google_play,2026-04-18,,New to app.Some guidance needed.,New to app.Some guidance needed.,,,,,3,0,0,0,0,1,neutral
google_play,2026-04-18,,worst dating app feels like all the good reviews below are purchased not reality,worst dating app feels like all the good reviews below are purchased not reality,,,,,1,0,0.0772,0.263,0.2,0.537,positive
google_play,2026-04-18,,"I don't get any benefits from this. I don't get any benefits in any way. I chose this with a lot of hope, but you are cheating me.","I don't get any benefits from this. I don't get any benefits in any way. I chose this with a lot of hope, but you are cheating me.",,,,,1,0,-0.7298,0.057,0.238,0.705,negative
google_play,2026-04-18,,"This app protects creepy, abusive and controlling men and blocks the women they prey upon. I was being harassed by a clearly abusive and controlling man. When I defended myself and called him exactly what he was his little feelings got hurt and reported my comment as abusive. This app in it's infinite wisdom of sexist behavior said I was the issue and blocked me! Ignoring the chat thread of abusive talk by the man. This app only chose to punish the girl for fighting back. STAY AWAY LADIES!","This app protects creepy, abusive and controlling men and blocks the women they prey upon. I was being harassed by a clearly abusive and controlling man. When I defended myself and called him exactly what he was his little feelings got hurt and reported my comment as abusive. This app in it's infinite wisdom of sexist behavior said I was the issue and blocked me! Ignoring the chat thread of abusive talk by the man. This app only chose to punish the girl for fighting back. STAY AWAY LADIES!",,,,,1,0,-0.9821,0.07,0.305,0.625,negative
google_play,2026-04-18,,I met my lover here !!! we've been together for half a year nowww hehhehehe very nice ! 2 stars because it could be someone else that found him like there's a possibility that would happen 🙄🙄🙄 the thought pisses me off. anyway 10/10 recommend go find ur wife/hubby :3,I met my lover here !!! we've been together for half a year nowww hehhehehe very nice ! 2 stars because it could be someone else that found him like there's a possibility that would happen 🙄🙄🙄 the thought pisses me off. anyway 10/10 recommend go find ur wife/hubby :3,,,,,2,0,0.932,0.222,0.033,0.746,positive
google_play,2026-04-18,,what kind of stupid browser verification is that take it off I have been trying to solve the puzzle but it seems stupid,what kind of stupid browser verification is that take it off I have been trying to solve the puzzle but it seems stupid,,,,,1,0,-0.7612,0.049,0.245,0.706,negative
google_play,2026-04-18,,"Got ghosted 3 times in a row, and then met the love of my life 🤓","Got ghosted 3 times in a row, and then met the love of my life 🤓",,,,,5,0,0.4588,0.196,0.103,0.701,positive
google_play,2026-04-18,,the app is not working since I paid the subscription. the worst experience ever.,the app is not working since I paid the subscription. the worst experience ever.,,,,,1,0,-0.6249,0,0.24,0.76,negative
google_play,2026-04-18,,yas i enjoyed,yas i enjoyed,,,,,5,0,0.5106,0.623,0,0.377,positive
google_play,2026-04-18,,"where they are asked to visit expensive cafes, resulting in high bills. so people not verified with genuine","where they are asked to visit expensive cafes, resulting in high bills. so people not verified with genuine",,,,,1,0,0,0,0,1,neutral
google_play,2026-04-18,,Waaaaay too many bot accounts. Stop scamming people trying to find a real connection.,Waaaaay too many bot accounts. Stop scamming people trying to find a real connection.,,,,,2,0,-0.296,0,0.145,0.855,negative
google_play,2026-04-18,,Terrible onboarding! I tried to login with my account using phone number but they keep prompting me the stupid captcha that takes ages to solve.,Terrible onboarding! I tried to login with my account using phone number but they keep prompting me the stupid captcha that takes ages to solve.,,,,,1,1,-0.68,0.107,0.222,0.671,negative
google_play,2026-04-18,,nobody there,nobody there,,,,,1,0,0,0,0,1,neutral
google_play,2026-04-18,,idk whats your problem with uploading the photos in your profile while downloaded some photos on your profile page and they automatically disappear and replacing another one it makes impossible just simply to add any photos on your profile ridiculous!,idk whats your problem with uploading the photos in your profile while downloaded some photos on your profile page and they automatically disappear and replacing another one it makes impossible just simply to add any photos on your profile ridiculous!,,,,,1,3,-0.7777,0,0.196,0.804,negative
google_play,2026-04-18,,"Bans users without evidence. Banned my account without any specific reason and had to threaten them to get access to my data. Even then, still found no evidence of breaking the community guideline rules despite using the app for many years. Evil greedy company banned paid users who can't use their paid subscriptions anymore. Will file with the BBB.","Bans users without evidence. Banned my account without any specific reason and had to threaten them to get access to my data. Even then, still found no evidence of breaking the community guideline rules despite using the app for many years. Evil greedy company banned paid users who can't use their paid subscriptions anymore. Will file with the BBB.",,,,,1,2,-0.9005,0.035,0.207,0.757,negative
google_play,2026-04-18,,it hides likes 🤡 e-begger app 👎,it hides likes 🤡 e-begger app 👎,,,,,1,0,0.2732,0.243,0.148,0.609,positive
google_play,2026-04-18,,surely theres more profiles than what bumble is allowing to show. what in the world 🥴,surely theres more profiles than what bumble is allowing to show. what in the world 🥴,,,,,2,0,0.4404,0.153,0,0.847,positive
google_play,2026-04-18,,bumble won't allow me to pay the subscription. whack.,bumble won't allow me to pay the subscription. whack.,,,,,1,0,-0.2654,0,0.305,0.695,negative
google_play,2026-04-17,,So stupid to have to pay such a big price just to see a like you receive. Defeats the purpose... Why are dating apps so frigging expensive anyways?,So stupid to have to pay such a big price just to see a like you receive. Defeats the purpose... Why are dating apps so frigging expensive anyways?,,,,,1,0,-0.5984,0.074,0.218,0.708,negative
google_play,2026-04-17,,"If you are an average looking older man, this is a good place to finish off your self esteem. After subscribing, next to no likes, so no matches or messages. No responses to likes sent. After becoming widowed I have tried most of the main apps, with same photos etc. this app seems to result in one of the lowest amounts of interest from the ladies. There is good money to be made from lonely people !","If you are an average looking older man, this is a good place to finish off your self esteem. After subscribing, next to no likes, so no matches or messages. No responses to likes sent. After becoming widowed I have tried most of the main apps, with same photos etc. this app seems to result in one of the lowest amounts of interest from the ladies. There is good money to be made from lonely people !",,,,,1,13,-0.4436,0.123,0.165,0.712,negative
google_play,2026-04-17,,app needs more explanation. there should be more swipes without paying,app needs more explanation. there should be more swipes without paying,,,,,3,1,0,0,0,1,neutral
google_play,2026-04-17,,Behold the liberated woman.,Behold the liberated woman.,,,,,1,1,0,0,0,1,neutral
google_play,2026-04-17,,Better than hinge but needs to let you message without paying for their bs.,Better than hinge but needs to let you message without paying for their bs.,,,,,5,1,0.2382,0.13,0,0.87,positive
google_play,2026-04-17,,"This app has too many fake profiles and scammers, you will feel it is a waste of time. Especially the beautiful girls with the new member tag, with a general description, all fake. Wish Bumble would control better the bew added memvers to avoid this","This app has too many fake profiles and scammers, you will feel it is a waste of time. Especially the beautiful girls with the new member tag, with a general description, all fake. Wish Bumble would control better the bew added memvers to avoid this",,,,,1,1,-0.1082,0.166,0.19,0.644,negative
google_play,2026-04-17,,"They scam you regarding spotlight usage. When you buy spotlights yourself, they immediately stop providing the weekly spotlights that come with the premium subscription.","They scam you regarding spotlight usage. When you buy spotlights yourself, they immediately stop providing the weekly spotlights that come with the premium subscription.",,,,,1,2,-0.7096,0,0.211,0.789,negative
google_play,2026-04-17,,Can't figure out how to cancel my subscription.,Can't figure out how to cancel my subscription.,,,,,1,0,-0.25,0,0.222,0.778,negative
google_play,2026-04-17,,"gotta pay , not a site trying to get people together, just string you along","gotta pay , not a site trying to get people together, just string you along",,,,,2,1,-0.1027,0,0.091,0.909,negative
google_play,2026-04-17,,"i got blocked for no reason. bro i'm chatting someone, stop ruining the vibe. i'd rate u 5 if my account came back","i got blocked for no reason. bro i'm chatting someone, stop ruining the vibe. i'd rate u 5 if my account came back",,,,,1,0,-0.7579,0,0.309,0.691,negative
google_play,2026-04-17,,"terrible app, terrible experience. never once got a date. a bunch of ghosts on this app. screw online dating.","terrible app, terrible experience. never once got a date. a bunch of ghosts on this app. screw online dating.",,,,,1,0,-0.765,0,0.322,0.678,negative
google_play,2026-04-17,,here's peaceful and lovely 🌹🌹🌹🌹🌹🌹,here's peaceful and lovely 🌹🌹🌹🌹🌹🌹,,,,,5,0,0.7906,0.467,0,0.533,positive
google_play,2026-04-17,,fabulous 👌,fabulous 👌,,,,,5,0,0.8602,1,0,0,positive
google_play,2026-04-17,,amezing geniune application,amezing geniune application,,,,,5,0,0,0,0,1,neutral
google_play,2026-04-17,,My only complaint about this app is that I have to remember when my likes refill. It would be nice if there was a timer that showed when your next like would be available.,My only complaint about this app is that I have to remember when my likes refill. It would be nice if there was a timer that showed when your next like would be available.,,,,,4,0,0.7096,0.201,0.055,0.744,positive
google_play,2026-04-17,,ridiculously priced and no matching algorithm everything you could ever want ...... right behind this pay wall,ridiculously priced and no matching algorithm everything you could ever want ...... right behind this pay wall,,,,,1,1,-0.5859,0.064,0.299,0.637,negative
google_play,2026-04-17,,After logging out and then logging in the list of people who liked you has been disappeared. The information has been given to the technical support. The issue still has not been resolved.,After logging out and then logging in the list of people who liked you has been disappeared. The information has been given to the technical support. The issue still has not been resolved.,,,,,2,2,0.4735,0.145,0.09,0.765,positive
google_play,2026-04-17,,app is totaly dumb useless,app is totaly dumb useless,,,,,1,0,-0.7269,0,0.67,0.33,negative
google_play,2026-04-17,,Meeting amazing people ✨️,Meeting amazing people ✨️,,,,,5,0,0.5859,0.559,0,0.441,positive
google_play,2026-04-17,,"I'd prefer to give zero stars. Scammy, predatory company.","I'd prefer to give zero stars. Scammy, predatory company.",,,,,1,0,0,0,0,1,neutral
google_play,2026-04-17,,"Have had 3 people that have ""liked"" me for over a week. After swiping every day, using all of my free likes, I still have not seen any of them pop up. It feels like the app is intentionally keeping them off of my list.","Have had 3 people that have ""liked"" me for over a week. After swiping every day, using all of my free likes, I still have not seen any of them pop up. It feels like the app is intentionally keeping them off of my list.",,,,,1,1,0.886,0.218,0,0.782,positive
google_play,2026-04-17,,this is the best dating app I've ever come across online it worths giving a try.,this is the best dating app I've ever come across online it worths giving a try.,,,,,5,0,0.765,0.32,0,0.68,positive
google_play,2026-04-17,,Won't let me chose my own picture. even without the best pic thing off. How can they decide what I want to show myself?,Won't let me chose my own picture. even without the best pic thing off. How can they decide what I want to show myself?,,,,,1,2,-0.471,0.049,0.126,0.825,negative
google_play,2026-04-17,,"I wouldn't ever recommend this or any other dating app as long as the ""Are We Dating The Same Guy"" groups exist. Some women will take a guy's pictures from Bumble and post them on the AWDTSG's group and will say whatever they want about them. How sad. They're ""looking for tea"", so they post the guy, and give his personal info, from where he works to where he lives. Dating apps won't exist within the next few years as long as those groups exist.","I wouldn't ever recommend this or any other dating app as long as the ""Are We Dating The Same Guy"" groups exist. Some women will take a guy's pictures from Bumble and post them on the AWDTSG's group and will say whatever they want about them. How sad. They're ""looking for tea"", so they post the guy, and give his personal info, from where he works to where he lives. Dating apps won't exist within the next few years as long as those groups exist.",,,,,1,0,-0.6007,0.015,0.059,0.926,negative
google_play,2026-04-17,,nothing but snap chat bots,nothing but snap chat bots,,,,,1,0,0,0,0,1,neutral
google_play,2026-04-17,,don't give you heart and if you don't buy the premium package you can't see who like ypu,don't give you heart and if you don't buy the premium package you can't see who like ypu,,,,,2,1,-0.6681,0,0.255,0.745,negative
google_play,2026-04-17,,waste of money,waste of money,,,,,1,0,-0.4215,0,0.583,0.417,negative
google_play,2026-04-16,,worst experience I purchase Premium but no one match me right now it is wasting of time..!!!,worst experience I purchase Premium but no one match me right now it is wasting of time..!!!,,,,,1,1,-0.8682,0,0.411,0.589,negative
google_play,2026-04-16,,it was a terrible experience and canceling this is even worse..they are make it so impossible.,it was a terrible experience and canceling this is even worse..they are make it so impossible.,,,,,1,0,-0.4767,0,0.171,0.829,negative
google_play,2026-04-16,,"Tried the premium, but it feels like the algorithm doesn’t show more profiles to swipe. It seems like Bumble just wants you to keep paying more, which feels unfair. I was just hoping to meet people and have simple conversations, but it’s been disappointing.","Tried the premium, but it feels like the algorithm doesn’t show more profiles to swipe. It seems like Bumble just wants you to keep paying more, which feels unfair. I was just hoping to meet people and have simple conversations, but it’s been disappointing.",,,,,1,2,0.0911,0.176,0.152,0.672,positive
google_play,2026-04-16,,- add dark mode - give longer answering time - give ability to send first message after matching always ( most girls will nvr make the first move which can be understandable ),- add dark mode - give longer answering time - give ability to send first message after matching always ( most girls will nvr make the first move which can be understandable ),,,,,1,0,0.3182,0.067,0,0.933,positive
google_play,2026-04-16,,Too many bots.,Too many bots.,,,,,1,1,0,0,0,1,neutral
google_play,2026-04-16,,hate captcha.. so many,hate captcha.. so many,,,,,1,0,-0.5719,0,0.552,0.448,negative
google_play,2026-04-16,,waste of time waste of money i didn't get even one like till now it's a fake app,waste of time waste of money i didn't get even one like till now it's a fake app,,,,,1,0,-0.7351,0.099,0.345,0.556,negative
google_play,2026-04-16,,"the app creates problems that you have to pay for. that's very obvious. on top of that, the app often flashes enough to easily give a person a seizure 1 in 10 times that you open it. I've never seen anything so bad. The flashing screen is amazingly awful. how do you create something so awful on accident? if you're epileptic, you should never ever install this app.","the app creates problems that you have to pay for. that's very obvious. on top of that, the app often flashes enough to easily give a person a seizure 1 in 10 times that you open it. I've never seen anything so bad. The flashing screen is amazingly awful. how do you create something so awful on accident? if you're epileptic, you should never ever install this app.",,,,,1,2,-0.8974,0.102,0.218,0.681,negative
google_play,2026-04-16,,"Only just started using app, next day it was locked by the system. Asked support service, they told me I'm scam. But I didn't even message anyone. Tried to re-open and upload my pictures. They removed it, as unauthentic. I could've send my links to Instagram and LinkedIn to prove they are indeed authentic, but I can't be bothered anymore.","Only just started using app, next day it was locked by the system. Asked support service, they told me I'm scam. But I didn't even message anyone. Tried to re-open and upload my pictures. They removed it, as unauthentic. I could've send my links to Instagram and LinkedIn to prove they are indeed authentic, but I can't be bothered anymore.",,,,,1,3,0.2366,0.067,0.037,0.896,positive
google_play,2026-04-16,,"Smart, fast and famous. I really like it's performance","Smart, fast and famous. I really like it's performance",,,,,5,0,0.6697,0.44,0,0.56,positive
google_play,2026-04-16,,I had over 35 women who liked me and the app just randomly deleted them. this app is garbage.,I had over 35 women who liked me and the app just randomly deleted them. this app is garbage.,,,,,1,0,0.4215,0.135,0,0.865,positive
google_play,2026-04-16,,Your swipe is way too sensitive on the see who likes you page resulting in accidental don't like swipes. Maybe purposefully in order to get people to pay for the backtrack. This was on a superlike. Deleting my profile and app. Hinge is way beter.,Your swipe is way too sensitive on the see who likes you page resulting in accidental don't like swipes. Maybe purposefully in order to get people to pay for the backtrack. This was on a superlike. Deleting my profile and app. Hinge is way beter.,,,,,1,0,-0.0026,0.058,0.099,0.843,neutral
google_play,2026-04-16,,Bumble India is an unsafe app. The company and support system is useless. They didn't take any action against a boy who verbally harassed and threatened me based on the city I am born in.,Bumble India is an unsafe app. The company and support system is useless. They didn't take any action against a boy who verbally harassed and threatened me based on the city I am born in.,,,,,1,0,-0.765,0.063,0.216,0.721,negative
google_play,2026-04-16,,Just a money grabber app,Just a money grabber app,,,,,1,0,0,0,0,1,neutral
google_play,2026-04-16,,Horrible app I can't get any matches which I suspect to be due to my physical appearance. Would not recommend.,Horrible app I can't get any matches which I suspect to be due to my physical appearance. Would not recommend.,,,,,1,0,-0.7789,0,0.315,0.685,negative
google_play,2026-04-16,,"It's Very Good if it's Have all original girl ... and if it's actually working then we Accept that , This app is good and Original ..","It's Very Good if it's Have all original girl ... and if it's actually working then we Accept that , This app is good and Original ..",,,,,5,1,0.9061,0.377,0,0.623,positive
google_play,2026-04-16,,This app is a pure scam. You will have to solve the puzzle. Even if you solve puzzles correctly you will have to start from the beginning.,This app is a pure scam. You will have to solve the puzzle. Even if you solve puzzles correctly you will have to start from the beginning.,,,,,1,0,-0.2732,0.115,0.118,0.767,negative
google_play,2026-04-16,,worst dating app only female focused,worst dating app only female focused,,,,,1,0,-0.3612,0.243,0.383,0.374,negative
google_play,2026-04-16,,horrible predatory company that will steal your money even after you cancel subscriptions,horrible predatory company that will steal your money even after you cancel subscriptions,,,,,1,0,-0.8271,0,0.465,0.535,negative
google_play,2026-04-16,,"Giving no star is best, as you all are fraudster, blocked my account after subscription 😭😭","Giving no star is best, as you all are fraudster, blocked my account after subscription 😭😭",,,,,1,0,-0.7506,0.191,0.405,0.405,negative
google_play,2026-04-16,,this app is worthless. after a week of looking at hundreds of women not one answer from anyone,this app is worthless. after a week of looking at hundreds of women not one answer from anyone,,,,,1,0,-0.4404,0,0.146,0.854,negative
google_play,2026-04-16,,good but the chicks are not at all interested in hanging out and way too into playing head games and ghosting guys. would be a cool app if women took it seriously!,good but the chicks are not at all interested in hanging out and way too into playing head games and ghosting guys. would be a cool app if women took it seriously!,,,,,4,1,0.3517,0.188,0.126,0.687,positive
google_play,2026-04-16,,so far so good,so far so good,,,,,5,0,0.6213,0.576,0,0.424,positive
google_play,2026-04-16,,The most useless dating app ever. You can't see if anyone has viewed your messages. So frustrating and I've deleted my account.,The most useless dating app ever. You can't see if anyone has viewed your messages. So frustrating and I've deleted my account.,,,,,2,0,-0.7804,0,0.255,0.745,negative
google_play,2026-04-16,,"Nobody local ever responds, hard to tell if any accounts are even active or real. Matches become unresponsive immediately after matching even though they are required to respond first and even extend the conversation themselves. Spotlight is useless, doesnt even show anybody viewing you, may as well just randomly generate a number that it says your profile was shown to. 0/10 would never recommend","Nobody local ever responds, hard to tell if any accounts are even active or real. Matches become unresponsive immediately after matching even though they are required to respond first and even extend the conversation themselves. Spotlight is useless, doesnt even show anybody viewing you, may as well just randomly generate a number that it says your profile was shown to. 0/10 would never recommend",,,,,1,1,0.1255,0.11,0.089,0.802,positive
google_play,2026-04-16,,why do you need me to scan my face and listen to my audio?,why do you need me to scan my face and listen to my audio?,,,,,1,0,0,0,0,1,neutral
google_play,2026-04-16,,"The amount of accounts I see actively saying ""add my insta, I dont use this app"" is astonishing, theyre basically saying they dont care about the dating aspect, and it prompts people to give a gateway into potentially sensitive info as well. Whether you like it or not, you either remove the bots, or you're removing the actual people tired of bots.","The amount of accounts I see actively saying ""add my insta, I dont use this app"" is astonishing, theyre basically saying they dont care about the dating aspect, and it prompts people to give a gateway into potentially sensitive info as well. Whether you like it or not, you either remove the bots, or you're removing the actual people tired of bots.",,,,,1,1,0.0956,0.099,0.08,0.821,positive
google_play,2026-04-16,,I've downloaded the program as a new user and I paid for their premium for one week and in that week i swiped endlessly those who I found attracted however I had zero matches so that algorithm is working against new users,I've downloaded the program as a new user and I paid for their premium for one week and in that week i swiped endlessly those who I found attracted however I had zero matches so that algorithm is working against new users,,,,,1,0,0.4215,0.064,0,0.936,positive
google_play,2026-04-16,,love the app,love the app,,,,,5,0,0.6369,0.677,0,0.323,positive
google_play,2026-04-16,,I downloaded the app more than 5times but it just remains app sign ...check on that please 😔,I downloaded the app more than 5times but it just remains app sign ...check on that please 😔,,,,,1,0,0.5267,0.206,0,0.794,positive
google_play,2026-04-16,,The app is slow and oh my god are they trying hard to milk their users.,The app is slow and oh my god are they trying hard to milk their users.,,,,,1,0,0.1779,0.12,0.08,0.8,positive
google_play,2026-04-16,,Irritating requirements Asking for profile picture I have uploaded like 10 times but still the same message is coming. after all the hardwork done. I restarted the app several time yet the same message. I am uninstalling the app and never going to install it . I wish there were 0 star rating as this does not deserv even the 1 star,Irritating requirements Asking for profile picture I have uploaded like 10 times but still the same message is coming. after all the hardwork done. I restarted the app several time yet the same message. I am uninstalling the app and never going to install it . I wish there were 0 star rating as this does not deserv even the 1 star,,,,,1,1,0.5106,0.08,0.03,0.89,positive
google_play,2026-04-16,,to much bs tbh just want a app to meet new women,to much bs tbh just want a app to meet new women,,,,,1,0,0.0772,0.106,0,0.894,positive
google_play,2026-04-16,,"It's mostly bots and many fake profiles, not even kidding. I tried to use this app for a few months to see how it went, and I was totally disappointed. Edit: So I tried this app again after a few years now and it's gotten much worse. They removed most of the free filters and gated it behind a costly membership.","It's mostly bots and many fake profiles, not even kidding. I tried to use this app for a few months to see how it went, and I was totally disappointed. Edit: So I tried this app again after a few years now and it's gotten much worse. They removed most of the free filters and gated it behind a costly membership.",,,,,1,7,-0.7734,0.05,0.173,0.776,negative
google_play,2026-04-16,,"this app is predatory and filled with people selling onlyfans content and crypto scammers. not one in 10,000 swipes will end up in anything serious.","this app is predatory and filled with people selling onlyfans content and crypto scammers. not one in 10,000 swipes will end up in anything serious.",,,,,1,1,-0.0772,0,0.051,0.949,negative
google_play,2026-04-15,,"poor. I can't seem to create an account, it keep autoload India country code.","poor. I can't seem to create an account, it keep autoload India country code.",,,,,1,1,-0.6012,0,0.291,0.709,negative
google_play,2026-04-15,,"Perdi minha conta e fui criar uma nova. É obrigatório incluir um ""prompt"". Eu não sabia o que dizer e por isso desisti de criar a conta e desinstalei o app. Obrigar usuário a incluir informações não essenciais é patético. Se um dia removerem isso, volto ao app.","Perdi minha conta e fui criar uma nova. É obrigatório incluir um ""prompt"". Eu não sabia o que dizer e por isso desisti de criar a conta e desinstalei o app. Obrigar usuário a incluir informações não essenciais é patético. Se um dia removerem isso, volto ao app.",,,,,1,0,0,0,0,1,neutral
google_play,2026-04-15,,"Paying for this used to be justifiable. $20 for a week is unreasonable and not worth it. Not to mention if you don't pay, you can't have as many filters set anymore. Wish more filters could be used, it would really help to make sure I see profiles that match that. edit: needing to pay for incognito mode...wow","Paying for this used to be justifiable. $20 for a week is unreasonable and not worth it. Not to mention if you don't pay, you can't have as many filters set anymore. Wish more filters could be used, it would really help to make sure I see profiles that match that. edit: needing to pay for incognito mode...wow",,,,,1,4,0.737,0.144,0.048,0.808,positive
google_play,2026-04-15,,"It shows you people from miles away, it'll try and get you to match with people who live well outside the radius you set","It shows you people from miles away, it'll try and get you to match with people who live well outside the radius you set",,,,,1,1,0.2732,0.084,0,0.916,positive
google_play,2026-04-15,,That combination works better than trying too hard.,That combination works better than trying too hard.,,,,,5,0,0.3612,0.282,0.136,0.583,positive
google_play,2026-04-15,,"how are these apps at no. 2 and 3! when there are no matches! I have downloaded it for a week or so! 0 matches! what a joke! swiping left no matches, swiping right also horrible no matches! One week and you are telling me that there are no matches! These apps just want money! Pay Pay and Pay!","how are these apps at no. 2 and 3! when there are no matches! I have downloaded it for a week or so! 0 matches! what a joke! swiping left no matches, swiping right also horrible no matches! One week and you are telling me that there are no matches! These apps just want money! Pay Pay and Pay!",,,,,1,2,-0.9036,0.05,0.252,0.698,negative
google_play,2026-04-15,,newly create account verification number too late,newly create account verification number too late,,,,,1,0,0.34,0.405,0,0.595,positive
google_play,2026-04-15,,"Absolute privacy trap. Provided my phone number, DOB, and registration timeframe, but they still refuse to delete my data, They rejected SMS and in-app verification to clearly just stalling to keep my info on their servers!!! ​If you value your privacy, stay away. Shady and Deceptive!!!","Absolute privacy trap. Provided my phone number, DOB, and registration timeframe, but they still refuse to delete my data, They rejected SMS and in-app verification to clearly just stalling to keep my info on their servers!!! ​If you value your privacy, stay away. Shady and Deceptive!!!",,,,,1,2,-0.6671,0.132,0.208,0.66,negative
google_play,2026-04-15,,Beni saçma sapan reportlar üzerinden blok yaptılar hiç kimsede cevap vermiyor .,Beni saçma sapan reportlar üzerinden blok yaptılar hiç kimsede cevap vermiyor .,,,,,1,1,0,0,0,1,neutral
google_play,2026-04-15,,too expensive,too expensive,,,,,1,1,0,0,0,1,neutral
google_play,2026-04-15,,very bad 😔,very bad 😔,,,,,1,1,-0.4964,0.214,0.515,0.271,negative
google_play,2026-04-15,,Very agresive on pushing premium towards users.. Basically useless without paying for the premium. Have been using for over a month and had 3 matches which none of them initiated the conversation. Possibly fake profiles as well.. Another problem is they don't allow to set the radius distance. You are seeing profiles from 200+ km far away cities. Complete waste of time and money.,Very agresive on pushing premium towards users.. Basically useless without paying for the premium. Have been using for over a month and had 3 matches which none of them initiated the conversation. Possibly fake profiles as well.. Another problem is they don't allow to set the radius distance. You are seeing profiles from 200+ km far away cities. Complete waste of time and money.,,,,,1,12,-0.874,0.029,0.179,0.793,negative
google_play,2026-04-15,,said someone liked me and i have to pay a gajillion dollars to see who it is,said someone liked me and i have to pay a gajillion dollars to see who it is,,,,,1,1,0.34,0.146,0.073,0.781,positive
google_play,2026-04-15,,"worst app ever , very bad quality,, slow app even I am not able to make a. id here very slow app don't download this app","worst app ever , very bad quality,, slow app even I am not able to make a. id here very slow app don't download this app",,,,,1,1,-0.8357,0,0.247,0.753,negative
google_play,2026-04-15,,blocked by stupid reason!!! stupid apps,blocked by stupid reason!!! stupid apps,,,,,1,0,-0.8682,0,0.765,0.235,negative
google_play,2026-04-15,,"doesnt seem to have any kind of matching algorithm, not really sure who they show profiles to, but after getting my data, seeing 54k women swiped ""no"" and only 900 swiped ""yes"" (and mostly bots) I have to assume that this app, like most dating apps, is driven to keep people engaged but not match. Sad that every dating app/site just mimic each other and do nothing different.","doesnt seem to have any kind of matching algorithm, not really sure who they show profiles to, but after getting my data, seeing 54k women swiped ""no"" and only 900 swiped ""yes"" (and mostly bots) I have to assume that this app, like most dating apps, is driven to keep people engaged but not match. Sad that every dating app/site just mimic each other and do nothing different.",,,,,1,1,0.92,0.175,0.02,0.805,positive
google_play,2026-04-15,,"Putting features that should be free behind a paywall is such a major predatory move, even after paying for one month it wasn't worth it, had an extremely hard time trying to get matches to the point that this wasn't worth anything at all, no amount of time or money is worth jack when you can't even get a single match, I only got 3 matches, but got no response from none of them. Deleted and never looking back after one month, I see now why dating apps are such a huge mistake","Putting features that should be free behind a paywall is such a major predatory move, even after paying for one month it wasn't worth it, had an extremely hard time trying to get matches to the point that this wasn't worth anything at all, no amount of time or money is worth jack when you can't even get a single match, I only got 3 matches, but got no response from none of them. Deleted and never looking back after one month, I see now why dating apps are such a huge mistake",,,,,1,1,-0.452,0.064,0.113,0.823,negative
google_play,2026-04-15,,worst experience ever....trying to pay premium plan or get more likes it is always showing subscription awaiting approval is pending....i raised a complaint and no reply from them...this issue is from almost 1 month.....very very worst.....i thought the technical team will connect with me resolve the issue...but no...thats y im writing this review.... and highlight is cant even login in laptop...worst app ever....did not want to write this review ...but because no response from u guys...had to,worst experience ever....trying to pay premium plan or get more likes it is always showing subscription awaiting approval is pending....i raised a complaint and no reply from them...this issue is from almost 1 month.....very very worst.....i thought the technical team will connect with me resolve the issue...but no...thats y im writing this review.... and highlight is cant even login in laptop...worst app ever....did not want to write this review ...but because no response from u guys...had to,,,,,1,2,-0.3104,0.089,0.127,0.784,negative
google_play,2026-04-15,,"waste of time cause it takes effort to make the first move, and they dont.","waste of time cause it takes effort to make the first move, and they dont.",,,,,1,1,-0.4215,0,0.167,0.833,negative
google_play,2026-04-14,,s***** service that makes you pay for the premium service or it won't show you the people who have liked you.,s***** service that makes you pay for the premium service or it won't show you the people who have liked you.,,,,,1,1,0.34,0.121,0.06,0.819,positive
google_play,2026-04-14,,"terrible app. there's a ""liked you"" and ""really into you"" And you can't even see really into you ones without paying. everything is behind a paywall","terrible app. there's a ""liked you"" and ""really into you"" And you can't even see really into you ones without paying. everything is behind a paywall",,,,,1,1,-0.0772,0.094,0.104,0.803,negative
google_play,2026-04-14,,it's full of obvious fakes and they do nothing when you report,it's full of obvious fakes and they do nothing when you report,,,,,1,2,-0.4215,0,0.203,0.797,negative
google_play,2026-04-14,,"So I haven't paid for half a year.Got nowhere.Now that I have paid, I still am getting absolutely nowhere.You only get to write so many notes to anybody which blows my mind.I don't understand that at all.That seems like, you know what?You're paying for if anything, i'm not really sure what i'm paying for at this point.So I guess i'm not gonna pay anymore","So I haven't paid for half a year.Got nowhere.Now that I have paid, I still am getting absolutely nowhere.You only get to write so many notes to anybody which blows my mind.I don't understand that at all.That seems like, you know what?You're paying for if anything, i'm not really sure what i'm paying for at this point.So I guess i'm not gonna pay anymore",,,,,1,1,0.1574,0.057,0.033,0.911,positive
google_play,2026-04-14,,"Not bad, but you seriously can't see who liked you unless you pay??!! That lowers your rating from me by a lot... UPDATE: 2 stars to 1. Just another money-grab.","Not bad, but you seriously can't see who liked you unless you pay??!! That lowers your rating from me by a lot... UPDATE: 2 stars to 1. Just another money-grab.",,,,,1,0,-0.7519,0.053,0.258,0.689,negative
google_play,2026-04-14,,scam app... you cant even message someone without paying money... what a joke.,scam app... you cant even message someone without paying money... what a joke.,,,,,1,0,-0.3612,0.13,0.219,0.651,negative
google_play,2026-04-14,,"The app felt quite underwhelming. I’d recommеnd searсhing for “Tорluv69”😄 in your browser — it seems like a more convenient and user-friendly option without constant pressure to pay. As for Bumble, I faced another issue: most matches led nowhere🥱Conversations quickly died, and many users didn’t reply at all. Even after trying premium features, nothing really changed. Overall, it turned into a frustrating and unproductive experience, not worth the time spent","The app felt quite underwhelming. I’d recommеnd searсhing for “Tорluv69”😄 in your browser — it seems like a more convenient and user-friendly option without constant pressure to pay. As for Bumble, I faced another issue: most matches led nowhere🥱Conversations quickly died, and many users didn’t reply at all. Even after trying premium features, nothing really changed. Overall, it turned into a frustrating and unproductive experience, not worth the time spent",,,,,1,1,0.0829,0.113,0.109,0.778,positive
google_play,2026-04-14,,It's saying I'm blocked even though I don't have an account whenever it verify my phone number,It's saying I'm blocked even though I don't have an account whenever it verify my phone number,,,,,1,1,-0.2023,0.071,0.114,0.815,negative
google_play,2026-04-14,,this app doesn't have a dark mode,this app doesn't have a dark mode,,,,,1,0,0,0,0,1,neutral
google_play,2026-04-14,,there is no single match very worst experience... even after buying premium,there is no single match very worst experience... even after buying premium,,,,,1,0,-0.7645,0,0.397,0.603,negative
google_play,2026-04-14,,Best real dating app 🌞,Best real dating app 🌞,,,,,5,0,0.6369,0.412,0,0.588,positive
google_play,2026-04-14,,"Worst! They want you to pay to get you matched! Fake ""liked you"" notifications.","Worst! They want you to pay to get you matched! Fake ""liked you"" notifications.",,,,,1,1,-0.7256,0.184,0.412,0.404,negative
google_play,2026-04-14,,"Just stinks, never any likes, pay for everything, ""matches"" that don't even come close to filter settings, and no way to reset algorithms without deleting. Online dating has become a horrible thing. Reported NUMEROUS profiles violating Bumble policy and action NEVER taken. Remember people These sites are here to make their owners money not make matches.","Just stinks, never any likes, pay for everything, ""matches"" that don't even come close to filter settings, and no way to reset algorithms without deleting. Online dating has become a horrible thing. Reported NUMEROUS profiles violating Bumble policy and action NEVER taken. Remember people These sites are here to make their owners money not make matches.",,,,,1,1,-0.9049,0.02,0.209,0.771,negative
google_play,2026-04-14,,"people are alright but ive been experiencing a lot of weird bugs as of late, including the screen strobing when opening from a notification into chats, not loading people's profiles correctly, and a number of other minor issues.","people are alright but ive been experiencing a lot of weird bugs as of late, including the screen strobing when opening from a notification into chats, not loading people's profiles correctly, and a number of other minor issues.",,,,,3,0,-0.0258,0.074,0.051,0.875,neutral
google_play,2026-04-14,,too expensive,too expensive,,,,,3,0,0,0,0,1,neutral
google_play,2026-04-14,,"Getting as bad as Tinder loads of fake profiles appearing now, tend to all have similar names or weird IG tags in. But you report them and Bumble does nothing. Verified photo is getting fooled by AI too, so you can't trust that.","Getting as bad as Tinder loads of fake profiles appearing now, tend to all have similar names or weird IG tags in. But you report them and Bumble does nothing. Verified photo is getting fooled by AI too, so you can't trust that.",,,,,1,1,-0.9,0,0.255,0.745,negative
google_play,2026-04-14,,worst application I have seen on this planet fake user's sex worker's scammer's and then showing only payment options,worst application I have seen on this planet fake user's sex worker's scammer's and then showing only payment options,,,,,1,1,-0.802,0,0.298,0.702,negative
google_play,2026-04-14,,worst dating app of all time,worst dating app of all time,,,,,1,1,-0.6249,0,0.451,0.549,negative
google_play,2026-04-14,,"The operational issues on this app are crazyyy.. I have the latest top end android phone and this app has been the only one giving me issues random lags, photos not loading etc etc I thought switching to premium would solve it - But the only thing that works is the Payment (No support or any assistance on my issues even after that) But by farrr... the worst part is the Fraud - the premium has weekly benefits, payment for 2nd week was done as scheduled (no lags here).. but nothing given","The operational issues on this app are crazyyy.. I have the latest top end android phone and this app has been the only one giving me issues random lags, photos not loading etc etc I thought switching to premium would solve it - But the only thing that works is the Payment (No support or any assistance on my issues even after that) But by farrr... the worst part is the Fraud - the premium has weekly benefits, payment for 2nd week was done as scheduled (no lags here).. but nothing given",,,,,1,1,-0.8126,0.104,0.144,0.752,negative
google_play,2026-04-14,,seriously I haven't seen nice person here 😔,seriously I haven't seen nice person here 😔,,,,,2,0,-0.4082,0.115,0.356,0.529,negative
google_play,2026-04-14,,I'm still having this log in problem. i checked my phone number that i submitted to log in and its already correct but still it wont send me a code to log in or call me? please get it fixed.,I'm still having this log in problem. i checked my phone number that i submitted to log in and its already correct but still it wont send me a code to log in or call me? please get it fixed.,,,,,1,2,0.3071,0.095,0.043,0.861,positive
google_play,2026-04-14,,"-ve rating, it is just data collection app, entry is free, if someone liked you so in order to see the profile of that person you have to pay, for payment they want all the data including PAN card details, why the hell should I provide my PAN number","-ve rating, it is just data collection app, entry is free, if someone liked you so in order to see the profile of that person you have to pay, for payment they want all the data including PAN card details, why the hell should I provide my PAN number",,,,,1,0,0.1779,0.151,0.104,0.745,positive
google_play,2026-04-14,,this app is creating fake likes to bait people into buying their premium subscription. disgusting behaviour.,this app is creating fake likes to bait people into buying their premium subscription. disgusting behaviour.,,,,,1,1,-0.3612,0.213,0.277,0.511,negative
google_play,2026-04-14,,"1) you have a distance filter, 2) you have a checkbox/radio button that says ""See people slightly further away if I run out"". Still, you choose to ignore both of those settings, because the user is an idiot, am I right? Also, the sabotage is so real! especially unfair when you have bought the subscription. you have no people left to view in your selected distance, then as soon as your subscription ends, you see xyz number of people have liked you. be fair, transparent and ethical!","1) you have a distance filter, 2) you have a checkbox/radio button that says ""See people slightly further away if I run out"". Still, you choose to ignore both of those settings, because the user is an idiot, am I right? Also, the sabotage is so real! especially unfair when you have bought the subscription. you have no people left to view in your selected distance, then as soon as your subscription ends, you see xyz number of people have liked you. be fair, transparent and ethical!",,,,,1,3,-0.787,0.094,0.151,0.755,negative
google_play,2026-04-14,,"Have used this platform on and off since about 2017, even going so far to purchase the lifetime premium bc I found it to be more economical in the long run. As the years go by I feel the frequency of connections and options shown in the local vicinity have drastically decreased. Almost all likes are outside distance parameters. Even with the systems such as spotlights, compliments super likes, and premium plus.I feel these have negligible impact on frequency or quality of matches.","Have used this platform on and off since about 2017, even going so far to purchase the lifetime premium bc I found it to be more economical in the long run. As the years go by I feel the frequency of connections and options shown in the local vicinity have drastically decreased. Almost all likes are outside distance parameters. Even with the systems such as spotlights, compliments super likes, and premium plus.I feel these have negligible impact on frequency or quality of matches.",,,,,2,10,0.8984,0.131,0,0.869,positive
google_play,2026-04-14,,"This app is a joke! You don't see who liked you because they make sure not to show them while you're swiping, all in hopes that you'll pay for premium. Not happening. Back to fb I go!","This app is a joke! You don't see who liked you because they make sure not to show them while you're swiping, all in hopes that you'll pay for premium. Not happening. Back to fb I go!",,,,,1,54,0.6312,0.181,0.086,0.734,positive
google_play,2026-04-14,,"24hr match expirations are so frustrating. Life happens and I sometimes don't have the ability to check my phone. To be able to rematch you have to pay a fee of, at minimum, $8.99. I'm tired of dating apps treating me like a mobile game whale.","24hr match expirations are so frustrating. Life happens and I sometimes don't have the ability to check my phone. To be able to rematch you have to pay a fee of, at minimum, $8.99. I'm tired of dating apps treating me like a mobile game whale.",,,,,2,1,-0.7582,0.047,0.187,0.766,negative
google_play,2026-04-13,,"Genuinely as bad as tinder, there's no point in even using this app. You can't see who likes you, you run out of likes immediately, it's just awful","Genuinely as bad as tinder, there's no point in even using this app. You can't see who likes you, you run out of likes immediately, it's just awful",,,,,1,1,-0.8037,0.076,0.3,0.624,negative
google_play,2026-04-13,,"extremely difficult captha to fill, are you out of your mind?","extremely difficult captha to fill, are you out of your mind?",,,,,1,1,-0.4201,0,0.218,0.782,negative
google_play,2026-04-13,,THANK YOU !,THANK YOU !,,,,,5,0,0.5461,0.638,0,0.362,positive
google_play,2026-04-13,,"Worst. Dating app. Ever. not a single match, and the whole point is for women to message first, yet every person's bio says they ""don't message first"", or to ""Message me first"". I can't unless I pay, and I'm not paying for an app that doesn't work when it's free","Worst. Dating app. Ever. not a single match, and the whole point is for women to message first, yet every person's bio says they ""don't message first"", or to ""Message me first"". I can't unless I pay, and I'm not paying for an app that doesn't work when it's free",,,,,1,1,-0.129,0.083,0.074,0.844,negative
google_play,2026-04-13,,"In theory great app, in practice no different to others. Get very limited likes on profile and wait ages b4 can start liking again. Get feeling with all these ""major"" dating apps they sell the dream, but reality is they just want your money. Sorry Bumble just my opinion.","In theory great app, in practice no different to others. Get very limited likes on profile and wait ages b4 can start liking again. Get feeling with all these ""major"" dating apps they sell the dream, but reality is they just want your money. Sorry Bumble just my opinion.",,,,,2,0,0.6114,0.192,0.084,0.724,positive
google_play,2026-04-13,,Having a major issue of not being notified when i recive messages from matches. for the first 1 or 2 messages ill get a notification and then nothing. Ive missed a few potential matches because i didnt respond for a couple days finally opened the app and see messages waiting in my inbox that i was never notified about and then they dont respond anymore. Can someone please look into this bug?,Having a major issue of not being notified when i recive messages from matches. for the first 1 or 2 messages ill get a notification and then nothing. Ive missed a few potential matches because i didnt respond for a couple days finally opened the app and see messages waiting in my inbox that i was never notified about and then they dont respond anymore. Can someone please look into this bug?,,,,,1,1,0.0997,0.055,0.037,0.908,positive
google_play,2026-04-13,,no matches,no matches,,,,,2,1,-0.296,0,0.688,0.312,negative
google_play,2026-04-13,,money time donon West paise dekar bhi kuchh nahin hota Hai ladki ke chakkar mein Paisa aur time barbad mat karo request karta hun Bumble dating app Yojana Karen sab fake hai paise kamane ka app only your choice,money time donon West paise dekar bhi kuchh nahin hota Hai ladki ke chakkar mein Paisa aur time barbad mat karo request karta hun Bumble dating app Yojana Karen sab fake hai paise kamane ka app only your choice,,,,,1,1,-0.4767,0,0.075,0.925,negative
google_play,2026-04-13,,"Their support team very unhelpful. I received an account warning for ""Promotional content"" when all I have is my basic details and photos of myself lol. I literally have nothing to promote or sell?! I asked support yo review this numerous times and they just keep telling me ""pls review x policy qs we cannot disclose exactly what you did"". What does that even mean? avoid at all costs, because you'll be penalised for having a basic profile and get 0 support from them when you ask them for help.","Their support team very unhelpful. I received an account warning for ""Promotional content"" when all I have is my basic details and photos of myself lol. I literally have nothing to promote or sell?! I asked support yo review this numerous times and they just keep telling me ""pls review x policy qs we cannot disclose exactly what you did"". What does that even mean? avoid at all costs, because you'll be penalised for having a basic profile and get 0 support from them when you ask them for help.",,,,,1,2,0.8302,0.15,0.066,0.784,positive
google_play,2026-04-13,,can't see any serious relationship,can't see any serious relationship,,,,,1,1,0.0572,0.234,0,0.766,positive
google_play,2026-04-13,,"it's dope, the call part is even better than Whatsapp call, I like the app","it's dope, the call part is even better than Whatsapp call, I like the app",,,,,5,0,0.6597,0.293,0,0.707,positive
google_play,2026-04-13,,"Paid $200 for the lifetime tier, then an automated sexual content warning hit my account. I appealed and they gave no reason and kept the strike. This is their strategy. Get you to pay, then ban you.","Paid $200 for the lifetime tier, then an automated sexual content warning hit my account. I appealed and they gave no reason and kept the strike. This is their strategy. Get you to pay, then ban you.",,,,,1,3,-0.8442,0,0.258,0.742,negative
google_play,2026-04-13,,is better than future worth,is better than future worth,,,,,5,0,0.5859,0.615,0,0.385,positive
google_play,2026-04-13,,Probably one of the most useless dating apps to exist.,Probably one of the most useless dating apps to exist.,,,,,1,2,-0.4754,0,0.256,0.744,negative
google_play,2026-04-13,,"Actually, i do not want to write this. But bad experiences getting blocked after I paid premium bumble. this apps look scam if the system is like this.","Actually, i do not want to write this. But bad experiences getting blocked after I paid premium bumble. this apps look scam if the system is like this.",,,,,1,3,-0.8837,0.082,0.341,0.578,negative
google_play,2026-04-13,,"spurious deceitful facade for a greedy disdainful corporation. We all know by now, the apps goal is to get you to spend as much money as possible and present any fraudulent facade necessary to do so. But its so unusable for it's started purpose, shows such disdain for it's clients, is so glitchy and inefficient, we the people just have to stop using apps like this, they have the database of people and have engineered society to make this the accepted norm. Does anyone not think it's bad","spurious deceitful facade for a greedy disdainful corporation. We all know by now, the apps goal is to get you to spend as much money as possible and present any fraudulent facade necessary to do so. But its so unusable for it's started purpose, shows such disdain for it's clients, is so glitchy and inefficient, we the people just have to stop using apps like this, they have the database of people and have engineered society to make this the accepted norm. Does anyone not think it's bad",,,,,1,2,-0.2441,0.095,0.124,0.782,negative
google_play,2026-04-13,,useless dating apps scam young boys money stay away from it,useless dating apps scam young boys money stay away from it,,,,,1,1,-0.7579,0,0.419,0.581,negative
google_play,2026-04-13,,"A lot of bugs. Inconsistent app behavior. Wait 24 hours, sometimes you get a few swipes, sometimes 1-2. As a professional QA tester. I have no idea why they haven't solved this issue after 2 years (my original review had the same complaint). You guys should be ashamed of yourselves. Do better. Tinder sucks, Hinge sucks, the bar is low... Try harder.....","A lot of bugs. Inconsistent app behavior. Wait 24 hours, sometimes you get a few swipes, sometimes 1-2. As a professional QA tester. I have no idea why they haven't solved this issue after 2 years (my original review had the same complaint). You guys should be ashamed of yourselves. Do better. Tinder sucks, Hinge sucks, the bar is low... Try harder.....",,,,,1,3,-0.8487,0.07,0.22,0.71,negative
google_play,2026-04-13,,For the men out there: don't waste your time with this app.,For the men out there: don't waste your time with this app.,,,,,1,1,0.3252,0.175,0,0.825,positive
google_play,2026-04-13,,"not recommended at all, doesn't work","not recommended at all, doesn't work",,,,,1,1,-0.1511,0,0.242,0.758,negative
google_play,2026-04-13,,"This is app completely paid nothing here is free. And it’s not necessary that even after paying you’ll get results, there’s a high chance your money could be wasted. don use it","This is app completely paid nothing here is free. And it’s not necessary that even after paying you’ll get results, there’s a high chance your money could be wasted. don use it",,,,,1,1,-0.5996,0.054,0.16,0.786,negative
google_play,2026-04-13,,"your system sucks. i cant login my phone number, too many bugs for confirmation for the contact number. your system sucks!","your system sucks. i cant login my phone number, too many bugs for confirmation for the contact number. your system sucks!",,,,,1,2,-0.5707,0.104,0.213,0.683,negative
google_play,2026-04-13,,Very bad apps because account create puzzles very hard and not working,Very bad apps because account create puzzles very hard and not working,,,,,1,1,-0.5245,0.127,0.331,0.543,negative
google_play,2026-04-13,,I don't think its working,I don't think its working,,,,,1,1,0,0,0,1,neutral
google_play,2026-04-13,,"Finally got money hungry like the rest. Bumble was such a great app before but now you want me to spend extra money to see women who match with me miles away, on top of that you had the Speed Dating thing which was awesome and you got rid of it. I'm good.","Finally got money hungry like the rest. Bumble was such a great app before but now you want me to spend extra money to see women who match with me miles away, on top of that you had the Speed Dating thing which was awesome and you got rid of it. I'm good.",,,,,1,1,0.9473,0.271,0,0.729,positive
google_play,2026-04-13,,La app no me permite ajustar el rango de distancia,La app no me permite ajustar el rango de distancia,,,,,1,1,-0.296,0,0.196,0.804,negative
google_play,2026-04-13,,"I bagged a hot Latina on this app, it was awesome!! 👍","I bagged a hot Latina on this app, it was awesome!! 👍",,,,,5,0,0.6892,0.281,0,0.719,positive
google_play,2026-04-13,,"simple. buy guys, why do I need to pay","simple. buy guys, why do I need to pay",,,,,5,0,-0.1027,0,0.149,0.851,negative
google_play,2026-04-13,,"so whenever you put that you're ""straight"" I'm expected for it to show only women...not every 20 times that I swipe and then I have some Gay dude pop up and then I have to report it and block. please fix this.","so whenever you put that you're ""straight"" I'm expected for it to show only women...not every 20 times that I swipe and then I have some Gay dude pop up and then I have to report it and block. please fix this.",,,,,2,2,0.0772,0.091,0.063,0.846,positive
google_play,2026-04-12,,hard to create account. already ban upon creation..,hard to create account. already ban upon creation..,,,,,1,1,-0.2023,0.318,0.379,0.303,negative
google_play,2026-04-12,,"Ekdum, badhiya app hai dirty.","Ekdum, badhiya app hai dirty.",,,,,5,0,-0.4404,0,0.42,0.58,negative
google_play,2026-04-12,,less than 1 star if possible... lmao.,less than 1 star if possible... lmao.,,,,,1,8,0.5994,0.394,0,0.606,positive
google_play,2026-04-12,,Pay to win + fake accounts,Pay to win + fake accounts,,,,,1,1,0.0772,0.336,0.398,0.265,positive
google_play,2026-04-12,,I am not that bad as well the way Bumble has made me feel not getting any matches from the people in the vicinity feels really sad even after being a premium member,I am not that bad as well the way Bumble has made me feel not getting any matches from the people in the vicinity feels really sad even after being a premium member,,,,,1,7,0.1424,0.129,0.088,0.782,positive
google_play,2026-04-12,,puzzles?? cannot make out at all how the puzzles work! and thats just to get access to the app. dont need a date that badly thanks. waste of time!,puzzles?? cannot make out at all how the puzzles work! and thats just to get access to the app. dont need a date that badly thanks. waste of time!,,,,,1,1,-0.6052,0.081,0.191,0.727,negative
google_play,2026-04-12,,تطبيق سئ جدا ولا انصحاحد بإستخدامه مقرف فيتسجيل الدخول للغايه,تطبيق سئ جدا ولا انصحاحد بإستخدامه مقرف فيتسجيل الدخول للغايه,,,,,1,0,0,0,0,1,neutral
google_play,2026-04-12,,The banner ads encouraging you to superswipe for free superswipes are lies.,The banner ads encouraging you to superswipe for free superswipes are lies.,,,,,1,1,0.5994,0.362,0.151,0.486,positive
google_play,2026-04-12,,"Spent ages signing up, making a profile and getting verified, just to find out i can't even see who liked me without going through a paywall. I wanted to use this app for friends unlike hinge for just relationships, but now i can't because of this dumb model? hinge makes money without out having to do this, its just pure greed. uninstalled.","Spent ages signing up, making a profile and getting verified, just to find out i can't even see who liked me without going through a paywall. I wanted to use this app for friends unlike hinge for just relationships, but now i can't because of this dumb model? hinge makes money without out having to do this, its just pure greed. uninstalled.",,,,,1,2,-0.7853,0.056,0.125,0.819,negative
google_play,2026-04-12,,This app used to be one of the better dating apps but it intentionally makes it difficult to get matches. For days I've had multiple likes but not one profile I swipe on is one of the many people that have liked me. Paid versions aren't much better but it is clear that this app purposefully makes it difficult to get matches to force you to spend money.,This app used to be one of the better dating apps but it intentionally makes it difficult to get matches. For days I've had multiple likes but not one profile I swipe on is one of the many people that have liked me. Paid versions aren't much better but it is clear that this app purposefully makes it difficult to get matches to force you to spend money.,,,,,1,2,0.4838,0.153,0.115,0.732,positive
google_play,2026-04-12,,"What a terrible app. I create my profile and have to input kinds of information, which is fine but then comes the part that I need to upload pictures, only problem is it doesn't work. I upload a picture of me from my phone and it just gets stuck in an infinite loading and doesn't even upload said picture. So currently completely stuck at a loading screen, can't even get into the actual dating or chatting part because it requires me to upload a picture to a broken server or app. Waste of time.","What a terrible app. I create my profile and have to input kinds of information, which is fine but then comes the part that I need to upload pictures, only problem is it doesn't work. I upload a picture of me from my phone and it just gets stuck in an infinite loading and doesn't even upload said picture. So currently completely stuck at a loading screen, can't even get into the actual dating or chatting part because it requires me to upload a picture to a broken server or app. Waste of time.",,,,,1,16,-0.9541,0.027,0.178,0.795,negative
google_play,2026-04-12,,extremely poor..,extremely poor..,,,,,1,1,-0.5256,0,0.772,0.228,negative
google_play,2026-04-12,,"Swipes vary wildly in quantity and when they refresh. Some days I get a dozen or more and they refresh by day's end. Other days I literally swipe once and run out until the next morning. Also, I'm now convinced this app hides your account unless you pay. Any way to hook you into buying premium, it's extortionate. Also, as of late there has been a huge influx of fake accounts using ""travel mode"" to be seen from anywhere and just linking their SC account. I see one ever other swipe now","Swipes vary wildly in quantity and when they refresh. Some days I get a dozen or more and they refresh by day's end. Other days I literally swipe once and run out until the next morning. Also, I'm now convinced this app hides your account unless you pay. Any way to hook you into buying premium, it's extortionate. Also, as of late there has been a huge influx of fake accounts using ""travel mode"" to be seen from anywhere and just linking their SC account. I see one ever other swipe now",,,,,1,56,-0.0516,0.051,0.063,0.886,negative
google_play,2026-04-12,,Got blocked for no reason and they never gave a reason as to why. They just say I didn't adhere to the guidelines when I did!,Got blocked for no reason and they never gave a reason as to why. They just say I didn't adhere to the guidelines when I did!,,,,,1,1,-0.5562,0,0.161,0.839,negative
google_play,2026-04-12,,better no complain,better no complain,,,,,5,0,0.6136,0.834,0,0.166,positive
google_play,2026-04-12,,Yet another Dating Scam app. Great for toilet time. Nothing else. Go girl power.,Yet another Dating Scam app. Great for toilet time. Nothing else. Go girl power.,,,,,1,1,0.1027,0.207,0.187,0.606,positive
google_play,2026-04-12,,"profiles are repetitive at least for 3-5 time some of them. I can't unmatched people who stop replying. unmatched option is lagging or smth, it's just not showing any options after I click unmatch","profiles are repetitive at least for 3-5 time some of them. I can't unmatched people who stop replying. unmatched option is lagging or smth, it's just not showing any options after I click unmatch",,,,,1,1,-0.6573,0.032,0.201,0.767,negative
google_play,2026-04-12,,I wish I use this without uploading my photo and if people use a photo it always need to be verified so no scamming. it's their choice if they swipe left even there's no photo just let them,I wish I use this without uploading my photo and if people use a photo it always need to be verified so no scamming. it's their choice if they swipe left even there's no photo just let them,,,,,1,1,-0.3327,0.063,0.118,0.818,negative
google_play,2026-04-12,,Great site for meeting real people. Not AI profiles. 5 Stars.,Great site for meeting real people. Not AI profiles. 5 Stars.,,,,,5,0,0.6249,0.291,0,0.709,positive
google_play,2026-04-12,,I'd give it zero stars if i could. you need to pay for everything. chats expire quickly. profiles simply disappear for no reason. and those you refuse keep coming back. it's almost a useless app unless you pay. deleted.,I'd give it zero stars if i could. you need to pay for everything. chats expire quickly. profiles simply disappear for no reason. and those you refuse keep coming back. it's almost a useless app unless you pay. deleted.,,,,,1,1,-0.8235,0,0.26,0.74,negative
google_play,2026-04-12,,"It's actually really cool, av met amazing ppl so far💯💯💯🥰","It's actually really cool, av met amazing ppl so far💯💯💯🥰",,,,,5,0,0.9286,0.446,0,0.554,positive
google_play,2026-04-12,,This app want only money no match found 👎👎👎👎👎I always purchased you paid plans but did not get any mathes that's why I'm not giving you 5 stars. I think its a money making platform that's why I am deleting my profile from ur ridiculous system,This app want only money no match found 👎👎👎👎👎I always purchased you paid plans but did not get any mathes that's why I'm not giving you 5 stars. I think its a money making platform that's why I am deleting my profile from ur ridiculous system,,,,,1,2,-0.7394,0.019,0.124,0.856,negative
google_play,2026-04-12,,"no activity for 3 months, not sure anyone is real on here, then the day my membership expired 6 likes!! how amazing!! how coincidental! how fraudulent is that!","no activity for 3 months, not sure anyone is real on here, then the day my membership expired 6 likes!! how amazing!! how coincidental! how fraudulent is that!",,,,,1,1,0.3412,0.173,0.224,0.603,positive
google_play,2026-04-12,,"the grid shows only one profile, one by one, rather than the smaller icons, that's wasting time and money for premium. how am i supposed to go through all matches one by one?","the grid shows only one profile, one by one, rather than the smaller icons, that's wasting time and money for premium. how am i supposed to go through all matches one by one?",,,,,3,1,-0.4019,0,0.078,0.922,negative
google_play,2026-04-12,,"bumble.. u r a joke!! sleeping at night i got a notif ""a bee is in the hive"" woke & chekd.. NOTHING.. JOKE!! like button for woman shud be disabld cos bumble is pointless if they like & not start the chat. by now u shud b able to id profs r men, luking like men but sayin they r women & u shud filter them out into the mens category!! a lot of these horny idiots r illiterate & think chusing the word woman will get them girl!!","bumble.. u r a joke!! sleeping at night i got a notif ""a bee is in the hive"" woke & chekd.. NOTHING.. JOKE!! like button for woman shud be disabld cos bumble is pointless if they like & not start the chat. by now u shud b able to id profs r men, luking like men but sayin they r women & u shud filter them out into the mens category!! a lot of these horny idiots r illiterate & think chusing the word woman will get them girl!!",,,,,1,102,0.4584,0.067,0.035,0.898,positive
google_play,2026-04-12,,they charge us to breathe around here lol,they charge us to breathe around here lol,,,,,3,0,0.4215,0.286,0,0.714,positive
google_play,2026-04-12,,alot of scammers using the app to get phone numbers. Bumble needs to do better.,alot of scammers using the app to get phone numbers. Bumble needs to do better.,,,,,1,1,0.4404,0.172,0,0.828,positive
google_play,2026-04-12,,"Bumble i want to ask you guys, why my account keep getting block by u guys, i didn't against the rule uguys? can uguys give and answer.","Bumble i want to ask you guys, why my account keep getting block by u guys, i didn't against the rule uguys? can uguys give and answer.",,,,,1,1,-0.3818,0.045,0.099,0.856,negative
google_play,2026-04-11,,worst terrible app I ever seen. your verification mechanism is crazy and so badly made I doubt you can pass it yourself.,worst terrible app I ever seen. your verification mechanism is crazy and so badly made I doubt you can pass it yourself.,,,,,1,1,-0.9381,0,0.477,0.523,negative
google_play,2026-04-11,,the fact that the location is at the bottom is proof you dont care about wasting our time,the fact that the location is at the bottom is proof you dont care about wasting our time,,,,,1,1,-0.0951,0.108,0.126,0.766,negative
google_play,2026-04-11,,"the app is 1,000,000% trash literally everything is blocked by a pay wall. I might have been born at night it just wasnt last night. you cant even message anyone without paying your app is trash. has never ever worked idk why I keep installing and uninstalling.","the app is 1,000,000% trash literally everything is blocked by a pay wall. I might have been born at night it just wasnt last night. you cant even message anyone without paying your app is trash. has never ever worked idk why I keep installing and uninstalling.",,,,,1,1,-0.2969,0.027,0.072,0.902,negative
google_play,2026-04-11,,"SCAM!!! Don't spend money on this, it's a fraudulent and garbage app, as soon as you run out of premium, you get a like, buy a premium to see who liked you, and they take the like back, there are many fake accounts, in my opinion, Google should remove this garbage..","SCAM!!! Don't spend money on this, it's a fraudulent and garbage app, as soon as you run out of premium, you get a like, buy a premium to see who liked you, and they take the like back, there are many fake accounts, in my opinion, Google should remove this garbage..",,,,,1,14,-0.7012,0.121,0.18,0.699,negative
google_play,2026-04-11,,"I recently installed this app, but my experience has been disappointing. Every time I swipe through profiles to chat, it prompts me to change filters. After making adjustments, I can swipe only a few more profiles before it asks for another filter change—and then eventually asks for payment to continue filtering. This setup feels limiting and frustrating. It’s advertised as free, i suggess all of you never install this app. I uninstall this app. I had never seen such a worse app.vert bad experie","I recently installed this app, but my experience has been disappointing. Every time I swipe through profiles to chat, it prompts me to change filters. After making adjustments, I can swipe only a few more profiles before it asks for another filter change—and then eventually asks for payment to continue filtering. This setup feels limiting and frustrating. It’s advertised as free, i suggess all of you never install this app. I uninstall this app. I had never seen such a worse app.vert bad experie",,,,,1,2,-0.9274,0.044,0.17,0.786,negative
google_play,2026-04-11,,very good app,very good app,,,,,5,0,0.4927,0.615,0,0.385,positive
google_play,2026-04-11,,"""Travel mode"" = scammer convinced all bumble is used for now- advertising socials and scamming people. don't bother.","""Travel mode"" = scammer convinced all bumble is used for now- advertising socials and scamming people. don't bother.",,,,,1,108,0.577,0.228,0,0.772,positive
google_play,2026-04-11,,I made the mistake of trying out the premium features. This app is showing me to no one. Other apps I get a couple likes in a day but over the span of a weekend I had 0 likes and 0 matches I am convinced I am not being seen.,I made the mistake of trying out the premium features. This app is showing me to no one. Other apps I get a couple likes in a day but over the span of a weekend I had 0 likes and 0 matches I am convinced I am not being seen.,,,,,1,1,0.7814,0.159,0.057,0.783,positive
google_play,2026-04-11,,"Paid for a Bumble lifetime membership. Now I can no longer access the app at all. I've spent hours via email with both Bumble support and Google. Bumble tells me it's Google's fault. Google tells me it's Bumble's fault. Neither will actually help. Seems like a ""lifetime"" membership isn't lifetime. Once there's an issue, you'll just get passed back and forth forever.","Paid for a Bumble lifetime membership. Now I can no longer access the app at all. I've spent hours via email with both Bumble support and Google. Bumble tells me it's Google's fault. Google tells me it's Bumble's fault. Neither will actually help. Seems like a ""lifetime"" membership isn't lifetime. Once there's an issue, you'll just get passed back and forth forever.",,,,,1,2,-0.5659,0.073,0.139,0.788,negative
google_play,2026-04-11,,"I had a lot of matches, but most never say anything and the match expires, or they say one thing and nothing else ever again. The constant swiping is dreadful, and you're not going to get many matches if you don't pay. Tons of ghosting, which one would expect, but I never expected it to be as bad as it actually is. I don't know if that says more about this app or the women in my city. Regardless, I'll never use a dating app again after nearly a year of this.","I had a lot of matches, but most never say anything and the match expires, or they say one thing and nothing else ever again. The constant swiping is dreadful, and you're not going to get many matches if you don't pay. Tons of ghosting, which one would expect, but I never expected it to be as bad as it actually is. I don't know if that says more about this app or the women in my city. Regardless, I'll never use a dating app again after nearly a year of this.",,,,,1,2,-0.8464,0.015,0.087,0.899,negative
google_play,2026-04-11,,dude this app is good but first of all you guys don't know Asansol. Please add it to your location. And please stop that 24hrs time limit to reply. That's all.,dude this app is good but first of all you guys don't know Asansol. Please add it to your location. And please stop that 24hrs time limit to reply. That's all.,,,,,4,0,-0.0882,0.132,0.141,0.727,negative
google_play,2026-04-11,,Zero matches. literally zero. I'm not ugly.... no one is using this app anymore,Zero matches. literally zero. I'm not ugly.... no one is using this app anymore,,,,,1,13,0.5559,0.277,0,0.723,positive
google_play,2026-04-11,,Any app that feels it needs to collect your biometric data is an invasion of privacy. Facebook was sued over this maybe it's your turn. Illinois has very strict laws. 5000.00 per offence.,Any app that feels it needs to collect your biometric data is an invasion of privacy. Facebook was sued over this maybe it's your turn. Illinois has very strict laws. 5000.00 per offence.,,,,,1,0,-0.296,0,0.064,0.936,negative
google_play,2026-04-11,,"A ""dating"" app where it's only free to match with people who DON'T meet your desires. Essentially once you tell them what you're looking for in a partner, they put those profiles behind their pay wall with the profiles you should really check out but can't see without paying for. It's clearly designed to keep people single so they can make more money off of people's desires for love- deleted my profile.","A ""dating"" app where it's only free to match with people who DON'T meet your desires. Essentially once you tell them what you're looking for in a partner, they put those profiles behind their pay wall with the profiles you should really check out but can't see without paying for. It's clearly designed to keep people single so they can make more money off of people's desires for love- deleted my profile.",,,,,1,7,0.9062,0.143,0.015,0.843,positive
google_play,2026-04-11,,Unable to verify my own Photo. At least give us to know why or clear instructions to verify my own photo. Lol.,Unable to verify my own Photo. At least give us to know why or clear instructions to verify my own photo. Lol.,,,,,1,3,0.6597,0.213,0,0.787,positive
google_play,2026-04-11,,love paying to feel suicidal,love paying to feel suicidal,,,,,1,0,-0.0772,0.359,0.385,0.256,negative
google_play,2026-04-11,,distance filter not in Guatemala???,distance filter not in Guatemala???,,,,,1,0,0,0,0,1,neutral
google_play,2026-04-11,,just started we will see how it goes,just started we will see how it goes,,,,,4,0,0,0,0,1,neutral
google_play,2026-04-11,,it feels dumb you gotta pay to see who liked you,it feels dumb you gotta pay to see who liked you,,,,,2,0,-0.2263,0.181,0.303,0.516,negative
google_play,2026-04-11,,"They market as one offs, but them charge subscriptions and keep on charging despite you cancelling.","They market as one offs, but them charge subscriptions and keep on charging despite you cancelling.",,,,,1,1,0.2235,0.112,0,0.888,positive
google_play,2026-04-10,,"Catfish Haven! Bumble's verification system is very flawed and they aren't interested in doing anything about it. I reported multiple fake profiles, 5 of which were the same man pretending to be different men. Unsafe for women as Bumble isn't interested in dealing with this predatory behaviour. Ladies use Hinge, verification system is so much better there.","Catfish Haven! Bumble's verification system is very flawed and they aren't interested in doing anything about it. I reported multiple fake profiles, 5 of which were the same man pretending to be different men. Unsafe for women as Bumble isn't interested in dealing with this predatory behaviour. Ladies use Hinge, verification system is so much better there.",,,,,1,1,-0.7732,0.068,0.169,0.763,negative
google_play,2026-04-10,,"No Way to Report Fakes The ""report"" feature limits the options to what Bumble has chosen. Missing from the list is ""obvious fake"". I live in the middle of nowhere, and I see listings for ""traditionally hot"" women that are a) 5 miles away (that would be in the middle of a corn field or cattle barn) or b) [tiny town of less than 500 pop). Blatantly fake, but no way to report it. Bumble obviously doesn't care about bots, spam, scams, or catfish.","No Way to Report Fakes The ""report"" feature limits the options to what Bumble has chosen. Missing from the list is ""obvious fake"". I live in the middle of nowhere, and I see listings for ""traditionally hot"" women that are a) 5 miles away (that would be in the middle of a corn field or cattle barn) or b) [tiny town of less than 500 pop). Blatantly fake, but no way to report it. Bumble obviously doesn't care about bots, spam, scams, or catfish.",,,,,2,1,-0.9678,0,0.242,0.758,negative
google_play,2026-04-10,,got 12 likes and i like everything and nothing this app will only accept money,got 12 likes and i like everything and nothing this app will only accept money,,,,,1,0,0.7845,0.397,0,0.603,positive
google_play,2026-04-10,,"Can't rearrange photos manually, even with best photo off, says that face pics are not face pics. Half of all profiles are bots with blatant AI photos, but have photo verified accounts and reporting them does nothing. App glitches and strobes regularly, especially in bedtime mode, and email notifications never happen. I'm never going to look at matches outside of my modest filters so let me left swipe them without paying please. Seems to be coasting on past laurels at this point.","Can't rearrange photos manually, even with best photo off, says that face pics are not face pics. Half of all profiles are bots with blatant AI photos, but have photo verified accounts and reporting them does nothing. App glitches and strobes regularly, especially in bedtime mode, and email notifications never happen. I'm never going to look at matches outside of my modest filters so let me left swipe them without paying please. Seems to be coasting on past laurels at this point.",,,,,3,7,0.0405,0.031,0.029,0.941,neutral
google_play,2026-04-10,,"Gotta pay for everything. Paywalls are awful, especially when they're as exorbitant as these. Not worth the download","Gotta pay for everything. Paywalls are awful, especially when they're as exorbitant as these. Not worth the download",,,,,1,1,-0.6207,0,0.288,0.712,negative
google_play,2026-04-10,,works for me because I have unlimited but the app really needs more filters in messaging. I hate having to scroll all the way down each time to the bottom and then when I do and I delete someone it goes all the way back to the top. please fix that. Messaging needs many filters,works for me because I have unlimited but the app really needs more filters in messaging. I hate having to scroll all the way down each time to the bottom and then when I do and I delete someone it goes all the way back to the top. please fix that. Messaging needs many filters,,,,,4,1,-0.2263,0.083,0.081,0.836,negative
google_play,2026-04-10,,"Worst app ever, they block you without any reason and won't even respond. Also, they entertain only murderers on the app. Lots of incidents happened but don't seem like they care","Worst app ever, they block you without any reason and won't even respond. Also, they entertain only murderers on the app. Lots of incidents happened but don't seem like they care",,,,,1,0,-0.4339,0.146,0.241,0.613,negative
google_play,2026-04-10,,"Matches dissappear and customer support refuses to investigate the issue, the three possible causes they give are not applicable to my case (conversation is ongoing, accounts don't show as deactivated nor unmatched)","Matches dissappear and customer support refuses to investigate the issue, the three possible causes they give are not applicable to my case (conversation is ongoing, accounts don't show as deactivated nor unmatched)",,,,,1,1,0.4445,0.116,0,0.884,positive
google_play,2026-04-10,,I met my soulmate thanks to Bumble. Now we are pregnant expecting our very first baby. I couldn't be happier. I definitely recommend 100%!,I met my soulmate thanks to Bumble. Now we are pregnant expecting our very first baby. I couldn't be happier. I definitely recommend 100%!,,,,,5,0,0.8596,0.361,0.081,0.558,positive
google_play,2026-04-10,,"this app is just a big scam, a lot of fake people, and if you try to purchase something you can't from the first time, and they make accidentle purchase by wrong","this app is just a big scam, a lot of fake people, and if you try to purchase something you can't from the first time, and they make accidentle purchase by wrong",,,,,1,1,-0.872,0,0.254,0.746,negative
google_play,2026-04-10,,"The app installed malware on the last update install. ""we can assure you our software is safe"".. lies as you also sell our information and photos to A.I companies.","The app installed malware on the last update install. ""we can assure you our software is safe"".. lies as you also sell our information and photos to A.I companies.",,,,,1,1,0.3612,0.155,0.082,0.762,positive
google_play,2026-04-10,,terrible app. designed to make you pay for nothing. only 24 hrs to respond or never see it again. seems like a lot of fake profiles. probably one of the worst dating apps out.,terrible app. designed to make you pay for nothing. only 24 hrs to respond or never see it again. seems like a lot of fake profiles. probably one of the worst dating apps out.,,,,,1,1,-0.8481,0.058,0.271,0.671,negative
google_play,2026-04-10,,extremely glitchy and broken experience after coming back from a 2 year hiatus. photos would be removed from my profile without my knowledge and I had to constantly fight the app to keep them on my profile. likes would not refill as well.,extremely glitchy and broken experience after coming back from a 2 year hiatus. photos would be removed from my profile without my knowledge and I had to constantly fight the app to keep them on my profile. likes would not refill as well.,,,,,1,1,-0.6095,0.056,0.157,0.787,negative
google_play,2026-04-10,,you don't have the right to oblige me to search among my scope !!! i dont want men from my country !!!!!!! if i deactivate the gps the app doesnt work !,you don't have the right to oblige me to search among my scope !!! i dont want men from my country !!!!!!! if i deactivate the gps the app doesnt work !,,,,,1,0,-0.3378,0,0.072,0.928,negative
google_play,2026-04-10,,they need to bring back speed dating it was the best way to meet people. They keep telling me new things are coming when 2045,they need to bring back speed dating it was the best way to meet people. They keep telling me new things are coming when 2045,,,,,4,0,0.6369,0.149,0,0.851,positive
google_play,2026-04-10,,"Super greedy, you have to pay to date!","Super greedy, you have to pay to date!",,,,,1,0,0.3595,0.325,0.287,0.388,positive
google_play,2026-04-10,,This app hasn't gotten me a date since 2019. finally decided to uninstall,This app hasn't gotten me a date since 2019. finally decided to uninstall,,,,,1,1,0,0,0,1,neutral
google_play,2026-04-10,,"תורידו אם אתםמעוניינים בבנותשהתחביבים שלהן הםלאכול, לשתות ייןוקפה, וכלבים אוחתולים","תורידו אם אתםמעוניינים בבנותשהתחביבים שלהן הםלאכול, לשתות ייןוקפה, וכלבים אוחתולים",,,,,2,0,0,0,0,1,neutral
google_play,2026-04-10,,"Alot of fake accounts trying to scam nowadays 😂some using AI pictures, similar like Tinder. Dating apps are officially dead. Save and keep your money.","Alot of fake accounts trying to scam nowadays 😂some using AI pictures, similar like Tinder. Dating apps are officially dead. Save and keep your money.",,,,,1,3,-0.8074,0.137,0.312,0.552,negative
google_play,2026-04-10,,"First two weeks after registering, I got regular matches. After that, nothing for over a month. I live in a metropolitan area with more than 3 million people. They artificially boost your profile at the start, only to then ""shadowban"" you until you buy premium. @edit: I spent around 50 cents for spotlight for 30 minutes and nothing. I have much more success on other dating sites","First two weeks after registering, I got regular matches. After that, nothing for over a month. I live in a metropolitan area with more than 3 million people. They artificially boost your profile at the start, only to then ""shadowban"" you until you buy premium. @edit: I spent around 50 cents for spotlight for 30 minutes and nothing. I have much more success on other dating sites",,,,,1,2,0.7713,0.093,0,0.907,positive
google_play,2026-04-10,,I am not happy with the app I downloaded it and when I was chatting to one guy we were starting to get to know each other and as usual we asked about our each other about more personal staff so that we know each other better so he ask about financial staff and I told him about how am working and paying for my varsity fees and othe things and the next thing my app is blocked saying I was asking for money how did they get to that point. Does that sound like someone asking for money. disappointing,I am not happy with the app I downloaded it and when I was chatting to one guy we were starting to get to know each other and as usual we asked about our each other about more personal staff so that we know each other better so he ask about financial staff and I told him about how am working and paying for my varsity fees and othe things and the next thing my app is blocked saying I was asking for money how did they get to that point. Does that sound like someone asking for money. disappointing,,,,,1,2,-0.4401,0.05,0.076,0.874,negative
google_play,2026-04-10,,paying for this is problematic. The amount of sensitive data these apps collect and sell should satisfy any profit model. Teasing and making users pay to get functional access to your app; while profiting greatly from the sale of users data is greedy beyond reproach. Modern dating apps are atrocious. Do better.,paying for this is problematic. The amount of sensitive data these apps collect and sell should satisfy any profit model. Teasing and making users pay to get functional access to your app; while profiting greatly from the sale of users data is greedy beyond reproach. Modern dating apps are atrocious. Do better.,,,,,1,0,0.6705,0.18,0.125,0.695,positive
google_play,2026-04-10,,"Either the notification system needs to be fixed or the timer to message/message back needs to be fixed. I am getting zero notifications so if I don't check every day I miss messages and then can't rematch. If someone swipes right on me and I message them, they don't get a notification so if they can't check every day, they miss messages. Give people a week to respond or something.","Either the notification system needs to be fixed or the timer to message/message back needs to be fixed. I am getting zero notifications so if I don't check every day I miss messages and then can't rematch. If someone swipes right on me and I message them, they don't get a notification so if they can't check every day, they miss messages. Give people a week to respond or something.",,,,,2,12,-0.296,0,0.045,0.955,negative
google_play,2026-04-10,,Do not waste your time and money in it ..i swipe over 100's of profile but neither get a match or anything....it's just a waste of money that's all I can say about it ..,Do not waste your time and money in it ..i swipe over 100's of profile but neither get a match or anything....it's just a waste of money that's all I can say about it ..,,,,,1,2,-0.465,0.043,0.096,0.86,negative
google_play,2026-04-10,,never seen a dating app do so much to not match people or screw people over in their pursuit to make money,never seen a dating app do so much to not match people or screw people over in their pursuit to make money,,,,,1,1,-0.1027,0,0.062,0.938,negative
google_play,2026-04-10,,"Paid 35 dollars for a week, thinking it'll help me get a match. It didn't. I literally swiped right so much that I ran out of people, and for that whole week, I still couldn't get a single match. I feel like I got robbed, never going to use this app again. The only way you'll find someone is if you're lucky, very attractive, or rich. Don't waste your time on this.","Paid 35 dollars for a week, thinking it'll help me get a match. It didn't. I literally swiped right so much that I ran out of people, and for that whole week, I still couldn't get a single match. I feel like I got robbed, never going to use this app again. The only way you'll find someone is if you're lucky, very attractive, or rich. Don't waste your time on this.",,,,,1,1,0.9468,0.209,0,0.791,positive
google_play,2026-04-10,,free messages,free messages,,,,,1,0,0.5106,0.767,0,0.233,positive
google_play,2026-04-09,,no free chat and who likes u,no free chat and who likes u,,,,,1,0,0.0253,0.267,0.257,0.476,neutral
google_play,2026-04-09,,can not see who liked me until I pay for premium.,can not see who liked me until I pay for premium.,,,,,1,0,-0.4082,0,0.293,0.707,negative
google_play,2026-04-09,,I'm so glad this trash company is going under. good riddance,I'm so glad this trash company is going under. good riddance,,,,,1,1,0.7346,0.408,0,0.592,positive
google_play,2026-04-09,,"forces you to Face ID, not gonna sell myself to AI /data harvesting.","forces you to Face ID, not gonna sell myself to AI /data harvesting.",,,,,1,1,0,0,0,1,neutral
google_play,2026-04-09,,so far pretty bad customer support sucks.,so far pretty bad customer support sucks.,,,,,1,0,-0.022,0.4,0.406,0.194,neutral
google_play,2026-04-09,,scammers all over the app be carefull of strangers,scammers all over the app be carefull of strangers,,,,,1,0,0,0,0,1,neutral
google_play,2026-04-09,,total weste ur time on this app,total weste ur time on this app,,,,,1,0,0,0,0,1,neutral
google_play,2026-04-09,,I never found a match... but I will give 5 stars... for giving false hope... I need to leave soon,I never found a match... but I will give 5 stars... for giving false hope... I need to leave soon,,,,,5,1,0.7684,0.275,0.051,0.673,positive
google_play,2026-04-09,,Not showing likes I pay a subscription and can't see the likes I have I got the notification but when I click the app shows nothing,Not showing likes I pay a subscription and can't see the likes I have I got the notification but when I click the app shows nothing,,,,,1,0,-0.3678,0,0.165,0.835,negative
google_play,2026-04-09,,it's impossible to reach their customer service/support,it's impossible to reach their customer service/support,,,,,1,0,0.0258,0.155,0,0.845,neutral
google_play,2026-04-09,,its good want to report a bug. if i get a massage and i tap on the notification it can happen that the scren is flickering black and withe. its really fast and I think it could trigger epilepsy. so pls fix it for safety.,its good want to report a bug. if i get a massage and i tap on the notification it can happen that the scren is flickering black and withe. its really fast and I think it could trigger epilepsy. so pls fix it for safety.,,,,,3,1,0.7745,0.176,0,0.824,positive
google_play,2026-04-09,,i can't create an account i didn't receive any codes worst experience ever,i can't create an account i didn't receive any codes worst experience ever,,,,,1,0,-0.7108,0,0.35,0.65,negative
google_play,2026-04-09,,So many fakes! Never have I seen an app where literally almost every profile is fake - and half are photo verified! Shocking and a waste of time.,So many fakes! Never have I seen an app where literally almost every profile is fake - and half are photo verified! Shocking and a waste of time.,,,,,1,1,-0.9055,0,0.338,0.662,negative
google_play,2026-04-09,,"I'm trying to request a refund for the subscription mistakenly did few hours ago, I haven't used it. please pay me back","I'm trying to request a refund for the subscription mistakenly did few hours ago, I haven't used it. please pay me back",,,,,1,0,-0.5517,0,0.226,0.774,negative
google_play,2026-04-09,,"very cheap app nothing is free , You to pay for chat and also no one is real one , dont use this app","very cheap app nothing is free , You to pay for chat and also no one is real one , dont use this app",,,,,1,1,-0.6488,0,0.231,0.769,negative
google_play,2026-04-09,,"I report a person his name Denis that I went with him on a date, and he took my phone and refused to bring it back to me, and I was still with him in a negotiation, I reported him. And bow. the whole chat disappeared. At least make a small pop up note that after reporting, the chat will automatically blocked So I will take my decision to do it or not.","I report a person his name Denis that I went with him on a date, and he took my phone and refused to bring it back to me, and I was still with him in a negotiation, I reported him. And bow. the whole chat disappeared. At least make a small pop up note that after reporting, the chat will automatically blocked So I will take my decision to do it or not.",,,,,2,2,-0.6369,0,0.081,0.919,negative
google_play,2026-04-09,,I'm starting to think that this app is a scam?,I'm starting to think that this app is a scam?,,,,,1,1,-0.5719,0,0.291,0.709,negative
google_play,2026-04-09,,pathetic...only seeking to make money by fooling singles,pathetic...only seeking to make money by fooling singles,,,,,1,1,-0.4019,0,0.278,0.722,negative
google_play,2026-04-09,,"not sure about the US but the Asian region has so many FAKE profiles...repeated profiles and just not what its used to be...disappointing, AVOID","not sure about the US but the Asian region has so many FAKE profiles...repeated profiles and just not what its used to be...disappointing, AVOID",,,,,1,2,-0.9011,0,0.345,0.655,negative
google_play,2026-04-09,,Not for free user friendly 😂 You get inactive accounts to interact if you don't pay or subscribe to their premium 😂,Not for free user friendly 😂 You get inactive accounts to interact if you don't pay or subscribe to their premium 😂,,,,,3,2,0.7646,0.291,0.156,0.553,positive
google_play,2026-04-09,,"I just got blocked now, no notice before hand and no reason for being blocked, am pissed coz I just finally got to make some friends and den bam I get blocked, no reason at all. bumble y'all can do better, please tell me how exactly can my account be lifted from being blocked 😭😭this text was 2025 this is 2026, created a new account few days ago and of course I got blocked, y'all telling me about sexual activity I haven't even made any friends yet 🤦🏻‍♀️I am done 👍🏻 thank you.","I just got blocked now, no notice before hand and no reason for being blocked, am pissed coz I just finally got to make some friends and den bam I get blocked, no reason at all. bumble y'all can do better, please tell me how exactly can my account be lifted from being blocked 😭😭this text was 2025 this is 2026, created a new account few days ago and of course I got blocked, y'all telling me about sexual activity I haven't even made any friends yet 🤦🏻‍♀️I am done 👍🏻 thank you.",,,,,1,3,-0.7506,0.14,0.201,0.659,negative
google_play,2026-04-09,,actually terrible matches disappeared after 2 days a lot of bugs and everything is to pay for ugg,actually terrible matches disappeared after 2 days a lot of bugs and everything is to pay for ugg,,,,,1,1,-0.6597,0,0.299,0.701,negative
google_play,2026-04-09,,"A week of silence. No matches, no messages. Nothing. Selective choosing or mass swiping. No results. Only dating app ever to not have marchtes. unable to see how old and account is. or last online. No way to filter. it's dead.","A week of silence. No matches, no messages. Nothing. Selective choosing or mass swiping. No results. Only dating app ever to not have marchtes. unable to see how old and account is. or last online. No way to filter. it's dead.",,,,,1,1,-0.8407,0.039,0.223,0.738,negative
google_play,2026-04-09,,"i'd rate zero stars if i could. i've had 3 likes for the past 6 months but they never show up in my feed because the ""you've missed a match"" or ""it's a match"" notification never pops up. any time I get a match it's a bot account with some snapchat username in their ice breaker question that doesn't even match the woman's name of who I matched with. this app is gay.","i'd rate zero stars if i could. i've had 3 likes for the past 6 months but they never show up in my feed because the ""you've missed a match"" or ""it's a match"" notification never pops up. any time I get a match it's a bot account with some snapchat username in their ice breaker question that doesn't even match the woman's name of who I matched with. this app is gay.",,,,,1,5,-0.2263,0.025,0.037,0.938,negative
google_play,2026-04-09,,"banner me for now reason. do not use bumble, I promise hinge and tinder are way better for a mainstream app. i got banned and they stole my money since I paid for a membership but my credit card is nice enough to fight this and get me a refund. bumble does not care about its customers, just look at their stock price.","banner me for now reason. do not use bumble, I promise hinge and tinder are way better for a mainstream app. i got banned and they stole my money since I paid for a membership but my credit card is nice enough to fight this and get me a refund. bumble does not care about its customers, just look at their stock price.",,,,,1,3,0.2163,0.142,0.117,0.741,positive
google_play,2026-04-09,,looks like you guys have  more one stars than 5... fitting af. lots of room for improvement... wish conversations didn't just dead end on this app. I'm disappointed that the motivations just aren't there to do anything but match and have a standoff about who sends the first message. Update:  the experience hasn't improved bc of this sort of hubris on the part of the developer... no amount of clever messaging can fix an issue with YOUR APP 🙄🙄🙄,looks like you guys have  more one stars than 5... fitting af. lots of room for improvement... wish conversations didn't just dead end on this app. I'm disappointed that the motivations just aren't there to do anything but match and have a standoff about who sends the first message. Update:  the experience hasn't improved bc of this sort of hubris on the part of the developer... no amount of clever messaging can fix an issue with YOUR APP 🙄🙄🙄,,,,,1,27,0.3899,0.116,0.08,0.804,positive
google_play,2026-04-09,,"Used to be the best app and get all kinds of matches but in the last few years it just keeps going down hill, running out of people to swipe on but not having that issue on any other app. It's becuase they want to to fork over a huge premium to get a few extra matches. Not worth it when there are so many other dating platforms. They lost what made bumble unique now it's just a basic boring dating app.","Used to be the best app and get all kinds of matches but in the last few years it just keeps going down hill, running out of people to swipe on but not having that issue on any other app. It's becuase they want to to fork over a huge premium to get a few extra matches. Not worth it when there are so many other dating platforms. They lost what made bumble unique now it's just a basic boring dating app.",,,,,1,4,-0.2261,0.077,0.087,0.836,negative
google_play,2026-04-09,,Turn off travel mode so I don't get matches with Nigerian women who waste my time and give more daily swipes for free users.,Turn off travel mode so I don't get matches with Nigerian women who waste my time and give more daily swipes for free users.,,,,,2,0,0.128,0.117,0.1,0.783,positive
google_play,2026-04-08,,"Dp not waste your money and time. I even paid for premiums but still didn't receive any match, and most of the profiles are fake. I feel it's like a global scam.","Dp not waste your money and time. I even paid for premiums but still didn't receive any match, and most of the profiles are fake. I feel it's like a global scam.",,,,,1,1,-0.7418,0.117,0.218,0.665,negative
google_play,2026-04-08,,"My account (which was active over a month) was randomly blocked for ""being underage"". Now, I have no idea why something suddenly triggered whatever system they have, but nothing on my profile indicates this is the case. I have a bachelors and I'm in the military, both which would require me to be over 18. So, I put in a support ticket and provided 2 forms of government ID (a driver's license and a passport card). A day later I get an email saying the ban is upheld. How does that make sense?","My account (which was active over a month) was randomly blocked for ""being underage"". Now, I have no idea why something suddenly triggered whatever system they have, but nothing on my profile indicates this is the case. I have a bachelors and I'm in the military, both which would require me to be over 18. So, I put in a support ticket and provided 2 forms of government ID (a driver's license and a passport card). A day later I get an email saying the ban is upheld. How does that make sense?",,,,,1,1,-0.3919,0.053,0.079,0.867,negative
google_play,2026-04-08,,surpassed my expectations of it...,surpassed my expectations of it...,,,,,5,0,0,0,0,1,neutral
google_play,2026-04-08,,"another terrible app. expensive, bots, Africans pretending to live in the UK...... oh, and matches after your subscription runs out who mysteriously disappear when you renew your subscription. utter garbage","another terrible app. expensive, bots, Africans pretending to live in the UK...... oh, and matches after your subscription runs out who mysteriously disappear when you renew your subscription. utter garbage",,,,,1,1,-0.5574,0.042,0.15,0.808,negative
google_play,2026-04-08,,The predatory pay wall kills the viability of this app. You're better off elsewhere.,The predatory pay wall kills the viability of this app. You're better off elsewhere.,,,,,1,0,-0.25,0.154,0.261,0.585,negative
google_play,2026-04-08,,When I open the app it glitches and starts flashing like strobe lights. They're going to kill someone with seizures one day,When I open the app it glitches and starts flashing like strobe lights. They're going to kill someone with seizures one day,,,,,1,0,-0.4939,0.092,0.173,0.735,negative
google_play,2026-04-08,,"Like most dating apps, it's full of bots. That's honestly just par for the course at this point, but the problem is they've stopped putting ANY effort into weeding out the bots. They blatantly advertise themselves, with every other profile having a Snapchat or Telegram link. I'll edit this review if they put in any noticeable effort to weed out at the very least the obvious bots","Like most dating apps, it's full of bots. That's honestly just par for the course at this point, but the problem is they've stopped putting ANY effort into weeding out the bots. They blatantly advertise themselves, with every other profile having a Snapchat or Telegram link. I'll edit this review if they put in any noticeable effort to weed out at the very least the obvious bots",,,,,1,1,-0.4854,0.052,0.081,0.867,negative
google_play,2026-04-08,,use to be ok. now it is just onlyfans prostitutes matching to get you to Snapchat and trying to get you to subscribe to them. app does zero clean up or control of this. if they have a Snapchat in their opener it is a fake account 🙄,use to be ok. now it is just onlyfans prostitutes matching to get you to Snapchat and trying to get you to subscribe to them. app does zero clean up or control of this. if they have a Snapchat in their opener it is a fake account 🙄,,,,,1,1,-0.1027,0.049,0.057,0.894,negative
google_play,2026-04-08,,"probably outdated, old profiles, maybe robots","probably outdated, old profiles, maybe robots",,,,,1,1,0,0,0,1,neutral
google_play,2026-04-08,,"Won't stop getting ads. I told YouTube to stop showing me ads for this app, and no matter how many times it keeps showing me. So, I won't ever be using this app again. Don't recommend. They're EXTREMELY desperate. Just sad.","Won't stop getting ads. I told YouTube to stop showing me ads for this app, and no matter how many times it keeps showing me. So, I won't ever be using this app again. Don't recommend. They're EXTREMELY desperate. Just sad.",,,,,1,1,-0.8704,0.038,0.257,0.705,negative
google_play,2026-04-08,,Keep bugging me and you'll get a 0 star rating.,Keep bugging me and you'll get a 0 star rating.,,,,,1,0,0,0,0,1,neutral
google_play,2026-04-08,,"scam . no match even after premium plus, limited features like spotlights and superlikes only 10 for a week.","scam . no match even after premium plus, limited features like spotlights and superlikes only 10 for a week.",,,,,1,1,-0.6486,0.099,0.308,0.593,negative
google_play,2026-04-08,,"The only time I've received a notification that someone has liked my profile is when my subscription has ran out, also when you get a like when you have the free version, it shows three blurred circles giving you the impression that you have three likes instead of the one you actually have. This garbage cost £12.99 a week! and this is the cheapest version. It's almost as if this is how it has been designed to run.","The only time I've received a notification that someone has liked my profile is when my subscription has ran out, also when you get a like when you have the free version, it shows three blurred circles giving you the impression that you have three likes instead of the one you actually have. This garbage cost £12.99 a week! and this is the cheapest version. It's almost as if this is how it has been designed to run.",,,,,1,11,0.9324,0.182,0,0.818,positive
google_play,2026-04-08,,Hi guys don't use this app in I phone there is some glitch if you're in your area you don't see people from there in your area even if you're getting premium membership it's not worth it in I phone don't use this app in I phone,Hi guys don't use this app in I phone there is some glitch if you're in your area you don't see people from there in your area even if you're getting premium membership it's not worth it in I phone don't use this app in I phone,,,,,1,0,-0.1695,0,0.035,0.965,negative
google_play,2026-04-08,,"Constantly matches me with profiles I've never even seen, or HAVE seen and deliberately swiped left on. Plus, every other profile in the feed is a bot. Deleted.","Constantly matches me with profiles I've never even seen, or HAVE seen and deliberately swiped left on. Plus, every other profile in the feed is a bot. Deleted.",,,,,1,0,0,0,0,1,neutral
google_play,2026-04-08,,biometric face scans have ruined the app for me. theres no need to have that. i dont want these companies having a biometric face scan of me and more people should also think seriously about that.,biometric face scans have ruined the app for me. theres no need to have that. i dont want these companies having a biometric face scan of me and more people should also think seriously about that.,,,,,1,0,-0.7369,0,0.204,0.796,negative
google_play,2026-04-08,,the best dating app I have used,the best dating app I have used,,,,,5,0,0.6369,0.412,0,0.588,positive
google_play,2026-04-08,,"Last time I used Bumble circa 2020 wasn't so bad, but it has gotten ridiculously egregious. It has been 3 days and I can't like anyone else yet it keeps telling me ""more likes are coming! Or buy more now"" like I'm not paying nearly 20 dollars just to swipe ffs. These dating apps are ridiculous, a scam, and a joke and just feed off peoples insecurities and desires to be in a relationship. Bumble has tanked hard. Tinder isn't much better but it's still better than Bumble now.","Last time I used Bumble circa 2020 wasn't so bad, but it has gotten ridiculously egregious. It has been 3 days and I can't like anyone else yet it keeps telling me ""more likes are coming! Or buy more now"" like I'm not paying nearly 20 dollars just to swipe ffs. These dating apps are ridiculous, a scam, and a joke and just feed off peoples insecurities and desires to be in a relationship. Bumble has tanked hard. Tinder isn't much better but it's still better than Bumble now.",,,,,1,1,-0.9046,0.139,0.232,0.63,negative
google_play,2026-04-08,,it won't load and the 24hr timer is still on to connect with match.,it won't load and the 24hr timer is still on to connect with match.,,,,,1,1,0,0,0,1,neutral
google_play,2026-04-08,,completely worthless like the developers,completely worthless like the developers,,,,,1,1,-0.1065,0.31,0.356,0.334,negative
google_play,2026-04-08,,Great app!,Great app!,,,,,5,0,0.6588,0.815,0,0.185,positive
google_play,2026-04-08,,"bumble is a nice site,but some men here don't really know what they want here,they say something and they do the otherwise","bumble is a nice site,but some men here don't really know what they want here,they say something and they do the otherwise",,,,,5,0,0.4767,0.17,0,0.83,positive
google_play,2026-04-08,,too many pops up. and not showing me the type of person I want even after swiping on them if they pop up luckily,too many pops up. and not showing me the type of person I want even after swiping on them if they pop up luckily,,,,,3,0,0.5574,0.173,0,0.827,positive
google_play,2026-04-08,,"Bumble is completely rubbish and a total waste of time. It feels like a ghost town because half the users never even respond. It’s become a breeding ground for catfishing and identity fraud, making it incredibly misleading and dangerous for anyone seeking a real connection. The platform feels like a trap for financial scams, and the lack of security is alarming. Save yourself the headache and stay far away until they actually take user safety and profile verification seriously.","Bumble is completely rubbish and a total waste of time. It feels like a ghost town because half the users never even respond. It’s become a breeding ground for catfishing and identity fraud, making it incredibly misleading and dangerous for anyone seeking a real connection. The platform feels like a trap for financial scams, and the lack of security is alarming. Save yourself the headache and stay far away until they actually take user safety and profile verification seriously.",,,,,1,0,-0.9144,0.128,0.26,0.612,negative
google_play,2026-04-08,,trash 🗑️🗑️,trash 🗑️🗑️,,,,,1,0,0,0,0,1,neutral
google_play,2026-04-08,,"stuck on loading screen no matter what I do. tried restarting phone, clearing cache and data, reinstalling, simply will not load any profiles.","stuck on loading screen no matter what I do. tried restarting phone, clearing cache and data, reinstalling, simply will not load any profiles.",,,,,1,1,-0.2672,0,0.128,0.872,negative
google_play,2026-04-08,,Profiles don't seem to be genuine,Profiles don't seem to be genuine,,,,,1,1,0,0,0,1,neutral
google_play,2026-04-08,,"I once believed this app was worth it but now after discovering the truth it deserves to go down with Tinder. its one thing being warned and banned but to have them give you no good reason to why, thats more like dictatorship then a democracy.","I once believed this app was worth it but now after discovering the truth it deserves to go down with Tinder. its one thing being warned and banned but to have them give you no good reason to why, thats more like dictatorship then a democracy.",,,,,1,1,-0.3959,0.14,0.169,0.691,negative
google_play,2026-04-08,,now so far I have not received any response from any women.,now so far I have not received any response from any women.,,,,,3,0,0,0,0,1,neutral
google_play,2026-04-08,,"too crowded, overwhelming, too causal","too crowded, overwhelming, too causal",,,,,3,0,0,0,0,1,neutral
google_play,2026-04-08,,"If you match with someone, you should get to message them. PERIOD. Instead they have 24 hours or you have to PAY MONEY to extend the time hoping that they will...All of these ridiculous and idiotic games on here, no match. They DEFINITELY decide when and who sees your profile, an hour after leaving this review and canceling, 4 matches!?!?!? All of these pathetic and worthless games bumble plays, and stupid features make it a joke. I paid for one week of premium, and immediately regretted it. 🤮","If you match with someone, you should get to message them. PERIOD. Instead they have 24 hours or you have to PAY MONEY to extend the time hoping that they will...All of these ridiculous and idiotic games on here, no match. They DEFINITELY decide when and who sees your profile, an hour after leaving this review and canceling, 4 matches!?!?!? All of these pathetic and worthless games bumble plays, and stupid features make it a joke. I paid for one week of premium, and immediately regretted it. 🤮",,,,,1,0,-0.9234,0.108,0.217,0.675,negative
google_play,2026-04-08,,the app won't let me login using my number. nor using another way to get in. so idk how to get to my profile.,the app won't let me login using my number. nor using another way to get in. so idk how to get to my profile.,,,,,2,1,-0.1447,0.052,0.074,0.874,negative
google_play,2026-04-08,,"I swear this app is gadlighting me into using it by giving me fake likes and then deleting those likes a week later. On top of that, there is clearly no algorithm to likes and I am tempted to say it purposely hides potential likes from you. The only reason I use this dumb app is because its the only one I can get likes on. and stop asking if I enjoy using the app, I don't like it here and I hate it","I swear this app is gadlighting me into using it by giving me fake likes and then deleting those likes a week later. On top of that, there is clearly no algorithm to likes and I am tempted to say it purposely hides potential likes from you. The only reason I use this dumb app is because its the only one I can get likes on. and stop asking if I enjoy using the app, I don't like it here and I hate it",,,,,2,1,0.6143,0.217,0.181,0.603,positive
google_play,2026-04-08,,wouldn't even send the verify code to my phone,wouldn't even send the verify code to my phone,,,,,1,1,0,0,0,1,neutral
google_play,2026-04-07,,sadly disappointing experiences,sadly disappointing experiences,,,,,2,0,-0.7184,0,0.857,0.143,negative
google_play,2026-04-07,,Removes photos. reviewed in 2021. still removes photos. also haven't had any free swipes in 3 days. forces you to use whatever photos they deem best.,Removes photos. reviewed in 2021. still removes photos. also haven't had any free swipes in 3 days. forces you to use whatever photos they deem best.,,,,,1,1,0.3607,0.136,0.087,0.777,positive
google_play,2026-04-07,,"one thing is really annoying, that you can't text the other person first when you match, if they don't have a question for the opening move, and the matches expire so fast, what's the purpose? do you want the people to meet or just waste their time","one thing is really annoying, that you can't text the other person first when you match, if they don't have a question for the opening move, and the matches expire so fast, what's the purpose? do you want the people to meet or just waste their time",,,,,1,0,-0.6697,0.025,0.113,0.861,negative
google_play,2026-04-07,,"This app stole my money point blank. I resubscribed for 1 week from my play store subscriptions and they never activated the week on my bumble account. I send support all they requested, receipt, transaction, screenshot, etc and they simply never responded to my paid subscription, or money back. Simply stole my money just like that. That is just plain theft.","This app stole my money point blank. I resubscribed for 1 week from my play store subscriptions and they never activated the week on my bumble account. I send support all they requested, receipt, transaction, screenshot, etc and they simply never responded to my paid subscription, or money back. Simply stole my money just like that. That is just plain theft.",,,,,1,0,0.765,0.116,0,0.884,positive
google_play,2026-04-07,,"I've matched with about 10+ guys and have messaged them all first. They'll reply once or twice. Casual, simple, chill back and forth. Then they'll ghost completely. I always reply with a question, asking about them. Nothing intrusive or intense - and they just disappear. This is why a lot of you men are single. If you ghost people and don't reply, you are a huge problem...again, this is why you are single. 💯","I've matched with about 10+ guys and have messaged them all first. They'll reply once or twice. Casual, simple, chill back and forth. Then they'll ghost completely. I always reply with a question, asking about them. Nothing intrusive or intense - and they just disappear. This is why a lot of you men are single. If you ghost people and don't reply, you are a huge problem...again, this is why you are single. 💯",,,,,1,2,-0.3863,0.051,0.096,0.854,negative
google_play,2026-04-07,,Raju Karikar good,Raju Karikar good,,,,,5,0,0.4404,0.592,0,0.408,positive
google_play,2026-04-07,,"It's a quirky app thats fun to make a profile but they hide anyone who likes your profile behind a paywall. I get the whole wanting two people to match before chatting but once you get liked you have no idea who liked you or an option to see who liked you so you can potentially like them back and start a conversation. This wouldn't be a problem if they didn't have the notification constantly in view. But hey, fork over $25 for a single week and you can take a peek :) hell no. I rather watch ads","It's a quirky app thats fun to make a profile but they hide anyone who likes your profile behind a paywall. I get the whole wanting two people to match before chatting but once you get liked you have no idea who liked you or an option to see who liked you so you can potentially like them back and start a conversation. This wouldn't be a problem if they didn't have the notification constantly in view. But hey, fork over $25 for a single week and you can take a peek :) hell no. I rather watch ads",,,,,1,10,0.9417,0.214,0.089,0.697,positive
google_play,2026-04-07,,do not download app,do not download app,,,,,1,0,0,0,0,1,neutral
google_play,2026-04-07,,useless app !! u will never get match if u didnt pay !!,useless app !! u will never get match if u didnt pay !!,,,,,1,0,-0.5679,0.08,0.244,0.676,negative
google_play,2026-04-07,,its awesome app,its awesome app,,,,,5,0,0.6249,0.672,0,0.328,positive
google_play,2026-04-07,,just waste of time really never got a like,just waste of time really never got a like,,,,,3,0,-0.6007,0,0.412,0.588,negative
google_play,2026-04-07,,Lots of fake profiles,Lots of fake profiles,,,,,2,0,-0.4767,0,0.508,0.492,negative
google_play,2026-04-07,,very bad womans are just there to show themselves not to meet u,very bad womans are just there to show themselves not to meet u,,,,,1,0,-0.5849,0,0.24,0.76,negative
google_play,2026-04-07,,the app is not opening why I have tried using Facebook but still don't work,the app is not opening why I have tried using Facebook but still don't work,,,,,5,0,0,0,0,1,neutral
google_play,2026-04-07,,more stupid paywalls,more stupid paywalls,,,,,1,1,-0.5709,0,0.649,0.351,negative
google_play,2026-04-07,,distance is too far,distance is too far,,,,,1,0,0,0,0,1,neutral
google_play,2026-04-07,,"Bought the lifetime premium subscription for almost $200 and i wished if I didn't! I have been using this app heavily for the past 2 months and i got 0 matches. Not even 1 like or 1 chat. At first i was picky, so i thought that's the reason why i wasn't getting matched but now i am liking every single girl that pops up and still nothing! 2 straight months with lifetime premium subscription for nothing! Just don't waste time on this app.","Bought the lifetime premium subscription for almost $200 and i wished if I didn't! I have been using this app heavily for the past 2 months and i got 0 matches. Not even 1 like or 1 chat. At first i was picky, so i thought that's the reason why i wasn't getting matched but now i am liking every single girl that pops up and still nothing! 2 straight months with lifetime premium subscription for nothing! Just don't waste time on this app.",,,,,1,1,-0.331,0.039,0.076,0.884,negative
google_play,2026-04-07,,"I got blocked on Bumble today. I do not know the reason, since my behavior on Bumble couldn't have been inappropriate or breaking any rules of the platform. I was never given the reason, I did not post any explicit or nude pictures of me or anyone else, nor ingaged in any illegal activity or proposals. I would like to either be told the exact reason for my account's suspension or to have my account restored.","I got blocked on Bumble today. I do not know the reason, since my behavior on Bumble couldn't have been inappropriate or breaking any rules of the platform. I was never given the reason, I did not post any explicit or nude pictures of me or anyone else, nor ingaged in any illegal activity or proposals. I would like to either be told the exact reason for my account's suspension or to have my account restored.",,,,,1,3,-0.2023,0.059,0.069,0.872,negative
google_play,2026-04-07,,"Update, I deleted the app as too many ""matches"" with people who did not meet what I was looking for. Also many fake profiles. So far, the experience has been good on this app.","Update, I deleted the app as too many ""matches"" with people who did not meet what I was looking for. Also many fake profiles. So far, the experience has been good on this app.",,,,,3,1,-0.0516,0.076,0.082,0.842,negative
google_play,2026-04-07,,mostly fake. No Grammer checks. No rewind. very basic elementary app with multiple issues.,mostly fake. No Grammer checks. No rewind. very basic elementary app with multiple issues.,,,,,1,0,-0.7579,0,0.405,0.595,negative
google_play,2026-04-07,,I don't agree at all,I don't agree at all,,,,,1,0,-0.2755,0,0.345,0.655,negative
google_play,2026-04-07,,"fake profiles, women are there just for getting ego boost and validation!","fake profiles, women are there just for getting ego boost and validation!",,,,,1,3,-0.1759,0.168,0.211,0.621,negative
google_play,2026-04-07,,only Subscription no Girls Connect In app Waste Of money,only Subscription no Girls Connect In app Waste Of money,,,,,1,0,-0.6124,0,0.385,0.615,negative
google_play,2026-04-07,,"i wish I had read the reviews. such a waste of money. funny thing is, I received all of these likes which encouraged me to upgrade. now I get no likes or chats! be careful. it doesn't even show up on Google subscription so I can cancel my subscription. i have to contact my bank.","i wish I had read the reviews. such a waste of money. funny thing is, I received all of these likes which encouraged me to upgrade. now I get no likes or chats! be careful. it doesn't even show up on Google subscription so I can cancel my subscription. i have to contact my bank.",,,,,1,0,0.6593,0.19,0.11,0.7,positive
google_play,2026-04-07,,"Application algorithm working against me 😅 What a waste of money. First two days, a lot of matches, then silence. A lot of matches where more then half bots, 0 response from match.","Application algorithm working against me 😅 What a waste of money. First two days, a lot of matches, then silence. A lot of matches where more then half bots, 0 response from match.",,,,,1,0,-0.0772,0.064,0.071,0.865,negative
google_play,2026-04-07,,fake people scam aap don't waste your money.,fake people scam aap don't waste your money.,,,,,1,1,-0.6671,0.165,0.481,0.354,negative
google_play,2026-04-07,,I love bumble,I love bumble,,,,,5,0,0.6369,0.677,0,0.323,positive
google_play,2026-04-07,,"I never see the profiles that 'like' me. I get a new like, cool. I'll swipe for weeks with max age and max distance and never once come across a profile that swiped right on me, despite seeing a growing list of 'likes' the entire time. I suspect Bumble intentionally hides those profiles to make you pay to see them. This app is basically a scam.","I never see the profiles that 'like' me. I get a new like, cool. I'll swipe for weeks with max age and max distance and never once come across a profile that swiped right on me, despite seeing a growing list of 'likes' the entire time. I suspect Bumble intentionally hides those profiles to make you pay to see them. This app is basically a scam.",,,,,1,3,0.1486,0.13,0.136,0.734,positive
google_play,2026-04-07,,waste of time gives u like 3 swipes a day unless u pay to play. bumble a true pimp for that.,waste of time gives u like 3 swipes a day unless u pay to play. bumble a true pimp for that.,,,,,1,0,0.5423,0.276,0.151,0.573,positive
google_play,2026-04-07,,i suggest don't use this app.,i suggest don't use this app.,,,,,1,0,0,0,0,1,neutral
google_play,2026-04-07,,It's great to see beautiful women but there's no way to contact them unless you pay. I guess if you both like each other you can talk but I haven't found out yet,It's great to see beautiful women but there's no way to contact them unless you pay. I guess if you both like each other you can talk but I haven't found out yet,,,,,5,1,0.5927,0.203,0.108,0.689,positive
google_play,2026-04-07,,"just a mehh site with almost no ability to connect, waste of time and waste of money.","just a mehh site with almost no ability to connect, waste of time and waste of money.",,,,,1,1,-0.7634,0,0.397,0.603,negative
google_play,2026-04-07,,my husband Richard Taylor is on this app he needs to be stopped he is abusive and a narcissist get him off this app before I sue u guys,my husband Richard Taylor is on this app he needs to be stopped he is abusive and a narcissist get him off this app before I sue u guys,,,,,1,1,-0.7269,0,0.184,0.816,negative
google_play,2026-04-07,,fake app account is not create,fake app account is not create,,,,,1,0,-0.6012,0,0.551,0.449,negative
google_play,2026-04-06,,fix your damn verification call/code,fix your damn verification call/code,,,,,1,0,-0.4019,0,0.403,0.597,negative
google_play,2026-04-06,,"The app doesn't open at all,it suddenly stopped opening last year,I deleted it but now that I reinstalled, it's not opening at all, it keeps loading.isthere a way to fix this?","The app doesn't open at all,it suddenly stopped opening last year,I deleted it but now that I reinstalled, it's not opening at all, it keeps loading.isthere a way to fix this?",,,,,3,0,-0.1154,0,0.045,0.955,negative
google_play,2026-04-06,,"my account was blocked unjustly and I've been trying to unblock, no decent reply or reason as to why it was blocked. and I like the bumble app. it's annoying.","my account was blocked unjustly and I've been trying to unblock, no decent reply or reason as to why it was blocked. and I like the bumble app. it's annoying.",,,,,2,1,-0.6808,0.068,0.249,0.683,negative
google_play,2026-04-06,,"decent app, have gotten a few dates out of it but what i will say is they do have predatory tactics. You can see when you have likes but good luck actually matching with them as they intentionally gate them behind a paid subscription. Even the boost subscription wont allow you to come across them, they prey on your frustration of not matching with your likers to incite you to at the very least buy premium which allows you to see your likes. Disgusting tactic to say the least.","decent app, have gotten a few dates out of it but what i will say is they do have predatory tactics. You can see when you have likes but good luck actually matching with them as they intentionally gate them behind a paid subscription. Even the boost subscription wont allow you to come across them, they prey on your frustration of not matching with your likers to incite you to at the very least buy premium which allows you to see your likes. Disgusting tactic to say the least.",,,,,3,1,0.8422,0.17,0.097,0.733,positive
google_play,2026-04-06,,I tried to create an acct but it said my account was blocked. How is that possible when I don't have an account?,I tried to create an acct but it said my account was blocked. How is that possible when I don't have an account?,,,,,1,1,-0.2732,0.062,0.105,0.833,negative
google_play,2026-04-06,,only just start using it not sure yet but it seems okay,only just start using it not sure yet but it seems okay,,,,,5,1,0.2189,0.17,0.107,0.723,positive
google_play,2026-04-06,,"it's a scam, not a single interaction for a week. not even the desperate for attention. how do you cycle through hundreds of profiles, it's been days obsessing, and have no interactions at all?","it's a scam, not a single interaction for a week. not even the desperate for attention. how do you cycle through hundreds of profiles, it's been days obsessing, and have no interactions at all?",,,,,1,1,-0.746,0.049,0.206,0.745,negative
google_play,2026-04-06,,works better than other dating apps,works better than other dating apps,,,,,5,0,0.4404,0.367,0,0.633,positive
google_play,2026-04-06,,"I've had mixed experiences. While I’ve connected with several genuine women on Bumble, the bad outweigh the good. Scammers are prevalent. It would be helpful to detect accounts using VPNs or proxies to hide their true location, similar to how X operates. Perhaps restrict free accounts from hiding their locations, but allow paid accounts unless they are intentionally spoofing. Additionally, implement better filters for abbreviations and tactics used by accounts trying to get you off Bumble.","I've had mixed experiences. While I’ve connected with several genuine women on Bumble, the bad outweigh the good. Scammers are prevalent. It would be helpful to detect accounts using VPNs or proxies to hide their true location, similar to how X operates. Perhaps restrict free accounts from hiding their locations, but allow paid accounts unless they are intentionally spoofing. Additionally, implement better filters for abbreviations and tactics used by accounts trying to get you off Bumble.",,,,,2,1,0.7351,0.153,0.081,0.766,positive
google_play,2026-04-06,,no se le puede quitar like a alguien :/,no se le puede quitar like a alguien :/,,,,,3,0,-0.2732,0.191,0.351,0.458,negative
google_play,2026-04-06,,very useful,very useful,,,,,5,0,0.4927,0.762,0,0.238,positive
google_play,2026-04-06,,so far so good 👍,so far so good 👍,,,,,5,0,0.6213,0.449,0,0.551,positive
google_play,2026-04-06,,yah Pad Hai free Nahin,yah Pad Hai free Nahin,,,,,1,0,0.5106,0.452,0,0.548,positive
google_play,2026-04-06,,don't use these apps.. useless..only wants your money.. very disappointed.,don't use these apps.. useless..only wants your money.. very disappointed.,,,,,1,0,-0.5256,0,0.274,0.726,negative
google_play,2026-04-06,,been on here this long and still cant find my wife. Im starting to think this app is a waste of time,been on here this long and still cant find my wife. Im starting to think this app is a waste of time,,,,,1,0,-0.4215,0,0.118,0.882,negative
google_play,2026-04-06,,this app is trash. same as tinder. never match yet 20 people liked me. IM NOT PAYING FOR A DATING APP. 4/6/26. app is even trashier than it was. You have to pay $8/ week to remove the women with kids from the search filter.,this app is trash. same as tinder. never match yet 20 people liked me. IM NOT PAYING FOR A DATING APP. 4/6/26. app is even trashier than it was. You have to pay $8/ week to remove the women with kids from the search filter.,,,,,1,1,0.34,0.059,0.03,0.911,positive
google_play,2026-04-06,,"App instantly took me as low quality man, profiles are AI generated I think, distance is never same city, no dark mode, ensures endless positivity otherwise reduces matching score. Trash.","App instantly took me as low quality man, profiles are AI generated I think, distance is never same city, no dark mode, ensures endless positivity otherwise reduces matching score. Trash.",,,,,1,0,0.4745,0.151,0.061,0.787,positive
google_play,2026-04-06,,said my phone number is not correct and get stuck with sign up,said my phone number is not correct and get stuck with sign up,,,,,1,0,-0.1779,0.091,0.14,0.769,negative
google_play,2026-04-06,,the app doesn't allow me to sign up for no reason even.,the app doesn't allow me to sign up for no reason even.,,,,,1,0,-0.434,0,0.279,0.721,negative
google_play,2026-04-06,,Doesn't really match you with anyone...,Doesn't really match you with anyone...,,,,,2,0,0,0,0,1,neutral
google_play,2026-04-06,,the app opens and it doesn't load until uninstall and reinstall again.,the app opens and it doesn't load until uninstall and reinstall again.,,,,,1,0,0,0,0,1,neutral
google_play,2026-04-06,,"Bumble se presenta como una plataforma “safe for women,” aunque el riesgo real en su uso habitual es mínimo. Su diseño incita a los hombres a usar frases de apertura y piropos genéricos, lo que contradice las preferencias expresadas por muchas mujeres. El resultado: una dating app que se rige por la ""Trust and Safety"" orientada, pero que prioriza la comodidad subjetiva sobre las señales útiles, lo que perjudica la interacción.","Bumble se presenta como una plataforma “safe for women,” aunque el riesgo real en su uso habitual es mínimo. Su diseño incita a los hombres a usar frases de apertura y piropos genéricos, lo que contradice las preferencias expresadas por muchas mujeres. El resultado: una dating app que se rige por la ""Trust and Safety"" orientada, pero que prioriza la comodidad subjetiva sobre las señales útiles, lo que perjudica la interacción.",,,,,1,3,0.7269,0.081,0,0.919,positive
google_play,2026-04-06,,when I go on it none stop flickers and doesn't load,when I go on it none stop flickers and doesn't load,,,,,2,0,0.2235,0.159,0,0.841,positive
google_play,2026-04-06,,"The conversation filter feature is very important, but it's a shame it's not available. Conversations don't seem to be saved on the device like WhatsApp, making the app very slow.","The conversation filter feature is very important, but it's a shame it's not available. Conversations don't seem to be saved on the device like WhatsApp, making the app very slow.",,,,,1,0,0.5182,0.22,0.107,0.673,positive
google_play,2026-04-06,,"The UI for this app sucks big time. Just 24 hours to initiate conversation: what if someone couldn't talk on a busy work day? There's no last seen/online tab. Nor any read receipts, so you don't even know if your message has been seen or not. These are basic things man, and they should not be dependent on if you have a premium or not Also, we should have a list of folks we've right swiped on and know if the other person likes us or not. Maybe we can try again with that person note/superswipe","The UI for this app sucks big time. Just 24 hours to initiate conversation: what if someone couldn't talk on a busy work day? There's no last seen/online tab. Nor any read receipts, so you don't even know if your message has been seen or not. These are basic things man, and they should not be dependent on if you have a premium or not Also, we should have a list of folks we've right swiped on and know if the other person likes us or not. Maybe we can try again with that person note/superswipe",,,,,1,1,-0.2263,0.028,0.047,0.925,negative
google_play,2026-04-06,,"uber expensive. far cheaper,/better apps around","uber expensive. far cheaper,/better apps around",,,,,1,0,0,0,0,1,neutral
google_play,2026-04-06,,one of the another mother funnier app its so hard open account,one of the another mother funnier app its so hard open account,,,,,1,0,0.2105,0.185,0.128,0.687,positive
google_play,2026-04-06,,I have paid the subscription amount and many id are showing but he is not allowed to send messages in those ids. After the right swipe also no one can replay. very bad experience. scam app.,I have paid the subscription amount and many id are showing but he is not allowed to send messages in those ids. After the right swipe also no one can replay. very bad experience. scam app.,,,,,1,1,-0.9375,0,0.289,0.711,negative
google_play,2026-04-06,,The 24 hour period to respond to a match sucks like hell 😔 it is like we don't have anything else to do other than spending all day at the App to prevent matches from expiring!!!,The 24 hour period to respond to a match sucks like hell 😔 it is like we don't have anything else to do other than spending all day at the App to prevent matches from expiring!!!,,,,,1,1,-0.5538,0.178,0.153,0.668,negative
google_play,2026-04-06,,horrible. 50 bucks. conversations go nowhere. 50% bots. total loss,horrible. 50 bucks. conversations go nowhere. 50% bots. total loss,,,,,1,1,-0.7264,0,0.432,0.568,negative
google_play,2026-04-06,,"Predatory Algorithm- I have over 800+ Likes and essentially little-to-no matches. This app is by far the worst out of all the options available. You'll constantly be fed accounts that don't correspond to anyone who's actually interacted with your profile until you pay for ""Premium"" (seemingly). At the point where this app sits absent while I use Hinge or likewise apps that aren't as predatory and disingenuous with my time. I haven't paid for anything- but I'm almost certain it's how it works.","Predatory Algorithm- I have over 800+ Likes and essentially little-to-no matches. This app is by far the worst out of all the options available. You'll constantly be fed accounts that don't correspond to anyone who's actually interacted with your profile until you pay for ""Premium"" (seemingly). At the point where this app sits absent while I use Hinge or likewise apps that aren't as predatory and disingenuous with my time. I haven't paid for anything- but I'm almost certain it's how it works.",,,,,1,14,0.0927,0.047,0.043,0.91,positive
google_play,2026-04-06,,By premium or get lost.,By premium or get lost.,,,,,1,0,-0.3182,0,0.365,0.635,negative
google_play,2026-04-06,,very wonderful,very wonderful,,,,,5,0,0.6115,0.8,0,0.2,positive
google_play,2026-04-06,,"tried downloading it and started to create an account, and then it's telling me I'm banned? I never used this app before! such a bad app.. 👎","tried downloading it and started to create an account, and then it's telling me I'm banned? I never used this app before! such a bad app.. 👎",,,,,1,0,-0.69,0.062,0.2,0.738,negative
google_play,2026-04-06,,"Useless application; it doesn't provide any matches, keeps you swiping left and right. Complete waste of time.","Useless application; it doesn't provide any matches, keeps you swiping left and right. Complete waste of time.",,,,,1,0,-0.6808,0,0.272,0.728,negative
google_play,2026-04-06,,terrible experience no matches waste of time would never spend money on this app.,terrible experience no matches waste of time would never spend money on this app.,,,,,1,0,-0.453,0.125,0.284,0.59,negative
google_play,2026-04-05,,I met my hoe,I met my hoe,,,,,5,0,0,0,0,1,neutral
google_play,2026-04-05,,The app makes you pay for more likes when you run out of them. That definitely needs to be fixed. Why should I pay to like more profiles? 🥴,The app makes you pay for more likes when you run out of them. That definitely needs to be fixed. Why should I pay to like more profiles? 🥴,,,,,1,0,0.7574,0.23,0.078,0.693,positive
google_play,2026-04-05,,"Made an account then the next day it blocked me. Bumble is no good, didn't put anything but pictures of my face and description of how I want to meet new people and places. This app is a big disappointment, trying other apps instead.","Made an account then the next day it blocked me. Bumble is no good, didn't put anything but pictures of my face and description of how I want to meet new people and places. This app is a big disappointment, trying other apps instead.",,,,,1,0,-0.7394,0.029,0.157,0.814,negative
google_play,2026-04-05,,not enough connection,not enough connection,,,,,3,0,0,0,0,1,neutral
google_play,2026-04-05,,waste of time.,waste of time.,,,,,1,0,-0.4215,0,0.583,0.417,negative
google_play,2026-04-05,,"you can't see people, the only response you see on the home screen is ""there has been a glitch,things to run again"" reinstalled but the glitch seems permanent.","you can't see people, the only response you see on the home screen is ""there has been a glitch,things to run again"" reinstalled but the glitch seems permanent.",,,,,1,0,0,0,0,1,neutral
google_play,2026-04-05,,"Jhattu app, never download. full of fraud profiles.","Jhattu app, never download. full of fraud profiles.",,,,,1,0,-0.5859,0,0.352,0.648,negative
google_play,2026-04-05,,"Worst App, Just only Swipes no Connections","Worst App, Just only Swipes no Connections",,,,,1,0,-0.743,0,0.558,0.442,negative
google_play,2026-04-05,,"whole gimmick of the app being that women have to move first is gone, overpriced for a subpar experience, not worth using if you're not rich or ripped, just go talk to people in person.","whole gimmick of the app being that women have to move first is gone, overpriced for a subpar experience, not worth using if you're not rich or ripped, just go talk to people in person.",,,,,1,1,-0.5559,0,0.122,0.878,negative
google_play,2026-04-05,,App is extremely slow when using travel mode. I'm a premium user. What did I pay for? When will it be fixed?,App is extremely slow when using travel mode. I'm a premium user. What did I pay for? When will it be fixed?,,,,,1,0,-0.1926,0,0.077,0.923,negative
google_play,2026-04-05,,"Banned for ""spam"" within 2 days of making an account before I even finished the verification process and made any matches. All my photos were my real face and my appeal was rejected on a holiday. What a waste of time.","Banned for ""spam"" within 2 days of making an account before I even finished the verification process and made any matches. All my photos were my real face and my appeal was rejected on a holiday. What a waste of time.",,,,,1,0,-0.836,0.054,0.231,0.716,negative
google_play,2026-04-05,,"I'm 20, but it says u can't log in if u are under 18 .like What?","I'm 20, but it says u can't log in if u are under 18 .like What?",,,,,2,0,0.5023,0.178,0,0.822,positive
google_play,2026-04-05,,"Technologically sound, nice people.","Technologically sound, nice people.",,,,,5,0,0.4215,0.483,0,0.517,positive
google_play,2026-04-05,,it shows people only from far away so not worth it,it shows people only from far away so not worth it,,,,,1,1,-0.2369,0,0.163,0.837,negative
google_play,2026-04-05,,paid premium for bizz section now you guys removed it in between.. without any perior information,paid premium for bizz section now you guys removed it in between.. without any perior information,,,,,1,0,0,0,0,1,neutral
google_play,2026-04-05,,keeps breaking before I can ever create an account,keeps breaking before I can ever create an account,,,,,1,1,0.2732,0.208,0,0.792,positive
google_play,2026-04-05,,"Its functional, its no different than other dating apps though. Swipe right one to many times? Profile hidden. Your profile doesnt preform well in its first few days? Profile hidden. I know this because tinder does the same thing and once I figured that out, I now get multiple likes a day here and there. Slimy buisness praying on people who think its them but its probably the app making you invisible. Dont worry they'll unhide your profile if you pay! No just delete your account and make a new 1","Its functional, its no different than other dating apps though. Swipe right one to many times? Profile hidden. Your profile doesnt preform well in its first few days? Profile hidden. I know this because tinder does the same thing and once I figured that out, I now get multiple likes a day here and there. Slimy buisness praying on people who think its them but its probably the app making you invisible. Dont worry they'll unhide your profile if you pay! No just delete your account and make a new 1",,,,,1,0,0.2509,0.068,0.082,0.85,positive
google_play,2026-04-05,,Dont waste your money. I am in Canada and have tried this for a month. I did not receive a single like or reply to my notes from anyone I liked. I think almost all of the profiles are either fake or bots.,Dont waste your money. I am in Canada and have tried this for a month. I did not receive a single like or reply to my notes from anyone I liked. I think almost all of the profiles are either fake or bots.,,,,,1,1,0.5472,0.153,0.062,0.784,positive
google_play,2026-04-05,,"App gives matches only 48hrs to initiate contact then disappears. At least pretend to care about members, jeez such greedy neolib bs","App gives matches only 48hrs to initiate contact then disappears. At least pretend to care about members, jeez such greedy neolib bs",,,,,1,0,-0.2263,0.117,0.223,0.659,negative
google_play,2026-04-05,,this is not girlfriend this fake application,this is not girlfriend this fake application,,,,,1,0,-0.561,0,0.377,0.623,negative
google_play,2026-04-05,,"Updates to the app are poorly conceived. I don't like the ""old chat"" format, everyone just gets forgotten in there. Took away the ability to search my matches for who is nearby - fatal flaw! Old matches will just be totally lost when they could be rekindled if I knew they were still around. Bumble has also updated the ""likes me"" section for premium - terrible linear format, impossible to use, please go back to the old grid style. Don't try to fix what wasn't broken you just make it worse!","Updates to the app are poorly conceived. I don't like the ""old chat"" format, everyone just gets forgotten in there. Took away the ability to search my matches for who is nearby - fatal flaw! Old matches will just be totally lost when they could be rekindled if I knew they were still around. Bumble has also updated the ""likes me"" section for premium - terrible linear format, impossible to use, please go back to the old grid style. Don't try to fix what wasn't broken you just make it worse!",,,,,2,22,-0.7865,0.092,0.157,0.751,negative
google_play,2026-04-05,,l love this app,l love this app,,,,,5,0,0.802,0.783,0,0.217,positive
google_play,2026-04-05,,No distance filter,No distance filter,,,,,1,1,-0.296,0,0.524,0.476,negative
google_play,2026-04-05,,so bad so how poor improve on it pls,so bad so how poor improve on it pls,,,,,1,0,-0.573,0.268,0.431,0.301,negative
google_play,2026-04-05,,it's a nice setup but same problem as other dating apps. it feel like you have to pay to be seen and even when you pay low chances of finding a match. I wish they had chat groups to build a community or random chat event's where you match with a random person to talk with or groups.,it's a nice setup but same problem as other dating apps. it feel like you have to pay to be seen and even when you pay low chances of finding a match. I wish they had chat groups to build a community or random chat event's where you match with a random person to talk with or groups.,,,,,3,0,0.3612,0.155,0.134,0.711,positive
google_play,2026-04-05,,"Love bumble, really helps me look for people i might like","Love bumble, really helps me look for people i might like",,,,,5,1,0.8622,0.545,0,0.455,positive
google_play,2026-04-05,,So good to use and also good to find single people 💬👩‍❤️‍💋‍👨,So good to use and also good to find single people 💬👩‍❤️‍💋‍👨,,,,,5,0,0.8357,0.357,0,0.643,positive
google_play,2026-04-05,,I woke up this morning to find out that my account got banned which is funny I didn't got against the guideline or community rules now all connections made has been lost,I woke up this morning to find out that my account got banned which is funny I didn't got against the guideline or community rules now all connections made has been lost,,,,,1,1,-0.34,0.078,0.142,0.78,negative
google_play,2026-04-05,,vertical scrolling often mistaken for horizontal swiping causing problems,vertical scrolling often mistaken for horizontal swiping causing problems,,,,,1,0,-0.6369,0,0.426,0.574,negative
google_play,2026-04-05,,this was a really good app untill they introduceed travel mode,this was a really good app untill they introduceed travel mode,,,,,1,0,0.4927,0.242,0,0.758,positive
google_play,2026-04-05,,For free user the app is useless. You're limited to only liking other people and can't send them any messages at all. Unless you want to pay money would not recommend this app.,For free user the app is useless. You're limited to only liking other people and can't send them any messages at all. Unless you want to pay money would not recommend this app.,,,,,2,0,0.0232,0.176,0.198,0.626,neutral
google_play,2026-04-05,,no matches no one talks,no matches no one talks,,,,,1,0,-0.0803,0.266,0.31,0.423,negative
google_play,2026-04-05,,Why pay to see who you matched? Not worth it,Why pay to see who you matched? Not worth it,,,,,1,0,-0.2654,0,0.277,0.723,negative
google_play,2026-04-05,,I have been mistakenly blocked. Please remove the ban.,I have been mistakenly blocked. Please remove the ban.,,,,,1,4,-0.6808,0.151,0.52,0.329,negative
google_play,2026-04-05,,awful. i made an account. and i dont know HOW your supposed to find matches when you cant even see who matched you without buying premium. feels like a complete scam and i deleted immediately 😞,awful. i made an account. and i dont know HOW your supposed to find matches when you cant even see who matched you without buying premium. feels like a complete scam and i deleted immediately 😞,,,,,1,1,-0.8074,0.055,0.216,0.728,negative
google_play,2026-04-04,,random ban with no reason,random ban with no reason,,,,,1,1,-0.7003,0,0.659,0.341,negative
google_play,2026-04-04,,"This app is pretty good at least for the quality of matches. Of course as a man they aren't as common. Probably 3 or 4 quality matches a week at best. But lately there has been a surge of spam accounts promoting their Snapchat in their profile. With their photos verified somehow. Those are comprising more than half of my matches now. Please Bumble team, try to crack down to address the rise of these spam accounts! This didn't use to be a problem a few months ago.","This app is pretty good at least for the quality of matches. Of course as a man they aren't as common. Probably 3 or 4 quality matches a week at best. But lately there has been a surge of spam accounts promoting their Snapchat in their profile. With their photos verified somehow. Those are comprising more than half of my matches now. Please Bumble team, try to crack down to address the rise of these spam accounts! This didn't use to be a problem a few months ago.",,,,,3,0,0.2714,0.127,0.097,0.775,positive
google_play,2026-04-04,,hi this app ok good,hi this app ok good,,,,,4,0,0.6249,0.63,0,0.37,positive
google_play,2026-04-04,,few changes would make it easy and famous as make it quick to start the chat without premium like 2-3 days would be not too late or too quick and many more .,few changes would make it easy and famous as make it quick to start the chat without premium like 2-3 days would be not too late or too quick and many more .,,,,,3,0,0.1999,0.081,0.059,0.861,positive
google_play,2026-04-04,,"even if you filtered only men, the women appeared anyway 🤷🤷","even if you filtered only men, the women appeared anyway 🤷🤷",,,,,1,0,0,0,0,1,neutral
google_play,2026-04-04,,The best app to chat with and perhaps help lonely grandmas who need socializing.,The best app to chat with and perhaps help lonely grandmas who need socializing.,,,,,1,0,0.6597,0.338,0.123,0.539,positive
google_play,2026-04-04,,"the matches are fake , these girls won't even talk , I guess some may have some partnership with bumble to loot from our money to buy their plans . worst experience, worst matches , worst app.","the matches are fake , these girls won't even talk , I guess some may have some partnership with bumble to loot from our money to buy their plans . worst experience, worst matches , worst app.",,,,,1,1,-0.9468,0,0.318,0.682,negative
google_play,2026-04-04,,"it stopped showing me profiles since I've taken the membership, at first I thought my networks not working but it turned out that this company lied, they won't show any profile.","it stopped showing me profiles since I've taken the membership, at first I thought my networks not working but it turned out that this company lied, they won't show any profile.",,,,,2,1,-0.5927,0,0.143,0.857,negative
google_play,2026-04-04,,"Full of fake profiles, don't use it. There's better alternatives.","Full of fake profiles, don't use it. There's better alternatives.",,,,,1,0,-0.0516,0.207,0.221,0.571,negative
google_play,2026-04-04,,great dating app,great dating app,,,,,5,0,0.6249,0.672,0,0.328,positive
google_play,2026-04-04,,"algorithm makes my profile redundant. that all I read online when you don't get like or even matches. I paid and saw no matched immediately it expired i had likes. months later I just paid again, back to no likes no matches.","algorithm makes my profile redundant. that all I read online when you don't get like or even matches. I paid and saw no matched immediately it expired i had likes. months later I just paid again, back to no likes no matches.",,,,,1,0,-0.2392,0.097,0.137,0.766,negative
google_play,2026-04-04,,This app is filled with fake/ai profiles. Strange increase in spam calls and texts since signing up!,This app is filled with fake/ai profiles. Strange increase in spam calls and texts since signing up!,,,,,1,1,-0.3164,0.11,0.22,0.67,negative
google_play,2026-04-04,,"Don' spend money on this app. They lie about what you get. It claims you can renew an expired conversation by paying, but after you pay you still can't talk to them and then it expires again after 24 hours. Another time I typed out a nice message and clicked on a GIF to send. sends the GIF without my consent without the message. Plus they want more money for premium to see who liked me. have 10 likes and been swiping yes for days to match with them but not gotten a match.","Don' spend money on this app. They lie about what you get. It claims you can renew an expired conversation by paying, but after you pay you still can't talk to them and then it expires again after 24 hours. Another time I typed out a nice message and clicked on a GIF to send. sends the GIF without my consent without the message. Plus they want more money for premium to see who liked me. have 10 likes and been swiping yes for days to match with them but not gotten a match.",,,,,1,12,0.926,0.151,0.034,0.815,positive
google_play,2026-04-04,,buffering when someone sends a pict,buffering when someone sends a pict,,,,,2,0,0,0,0,1,neutral
google_play,2026-04-04,,stupid verification process & complicated for matching & dating,stupid verification process & complicated for matching & dating,,,,,1,0,-0.5267,0,0.298,0.702,negative
google_play,2026-04-04,,it's very good but I found that people on their profile are different when you meet or see their current pic and yes some gliches also like not able to get notifications,it's very good but I found that people on their profile are different when you meet or see their current pic and yes some gliches also like not able to get notifications,,,,,3,1,0.8358,0.235,0,0.765,positive
google_play,2026-04-04,,"The app is clearly designed by women for women, I compared the amount of likes I had with a girl who I was dating who was about the same looks equivalent as me. She was on the app about the same amount of time as me and she had HUNDREDS of likes well I had about 10. it's completely skewed in women's favour and it's making them completely delusional on the type of man that would commit to them.","The app is clearly designed by women for women, I compared the amount of likes I had with a girl who I was dating who was about the same looks equivalent as me. She was on the app about the same amount of time as me and she had HUNDREDS of likes well I had about 10. it's completely skewed in women's favour and it's making them completely delusional on the type of man that would commit to them.",,,,,2,0,0.926,0.175,0,0.825,positive
google_play,2026-04-04,,can't swipe left or right as it used to like swiping right requires up to 10 tries before it registers,can't swipe left or right as it used to like swiping right requires up to 10 tries before it registers,,,,,1,0,0.3612,0.116,0,0.884,positive
google_play,2026-04-04,,trash app i dont know who uses it.,trash app i dont know who uses it.,,,,,1,0,0,0,0,1,neutral
google_play,2026-04-04,,"don't know, the entire signing up is nonsense. they give code late.","don't know, the entire signing up is nonsense. they give code late.",,,,,3,0,-0.4019,0,0.197,0.803,negative
google_play,2026-04-04,,i hope this trash goes bankrupt,i hope this trash goes bankrupt,,,,,1,0,-0.1779,0.276,0.343,0.381,negative
google_play,2026-04-04,,the app just loads and loads and loads endlessly and doesn't actually load. sometimes it does and then the pictures are fuzzed out so you cant see what anyone looks like,the app just loads and loads and loads endlessly and doesn't actually load. sometimes it does and then the pictures are fuzzed out so you cant see what anyone looks like,,,,,2,1,0.3612,0.077,0,0.923,positive
google_play,2026-04-04,,I can't even register with my numbers it keeps telling me to check number 🙃,I can't even register with my numbers it keeps telling me to check number 🙃,,,,,1,1,0.0772,0.08,0,0.92,positive
google_play,2026-04-04,,account is blocked without a proper explanation,account is blocked without a proper explanation,,,,,1,1,-0.2732,0,0.259,0.741,negative
google_play,2026-04-04,,"To much ridiculous pricing paywall nonsense. I was on there the other evening, had a few Malbecs and low and behold the next day had been changed £29.99 for some superswipe. then tried charging me £12.99 a week for subscription. you have 24 hours to talk to someone then the messages are deleted. DONT BOTHER, its a load...well choose your own words if you don't need mine and all the reviews I wish I had read before I'd gone on there.","To much ridiculous pricing paywall nonsense. I was on there the other evening, had a few Malbecs and low and behold the next day had been changed £29.99 for some superswipe. then tried charging me £12.99 a week for subscription. you have 24 hours to talk to someone then the messages are deleted. DONT BOTHER, its a load...well choose your own words if you don't need mine and all the reviews I wish I had read before I'd gone on there.",,,,,1,9,-0.255,0.06,0.082,0.858,negative
google_play,2026-04-04,,wrost app not free,wrost app not free,,,,,1,0,-0.4023,0,0.474,0.526,negative
google_play,2026-04-04,,"This app is a waste of time and money. You will swipe forever before you miss a potential match and if you're looking for something serious, it can take weeks to even get a match. Bumble is nothing more than another scam, playing on the emotions of singles to generate income for shareholders. It doesn't work and isn't meant to actually help you find love. It's on the same level as tinder. Everyone is looking for a hookup or a third. Real relationships are possible, but you're better off irl.","This app is a waste of time and money. You will swipe forever before you miss a potential match and if you're looking for something serious, it can take weeks to even get a match. Bumble is nothing more than another scam, playing on the emotions of singles to generate income for shareholders. It doesn't work and isn't meant to actually help you find love. It's on the same level as tinder. Everyone is looking for a hookup or a third. Real relationships are possible, but you're better off irl.",,,,,1,1,0.5951,0.098,0.069,0.832,positive
google_play,2026-04-04,,it beautiful,it beautiful,,,,,5,0,0.5994,0.796,0,0.204,positive
google_play,2026-04-04,,It is just a money grab,It is just a money grab,,,,,1,0,0,0,0,1,neutral
google_play,2026-04-04,,"you all have gotten too greedy with the paywall, you all need to go back to the way it used to be because this app has become the weakest link.","you all have gotten too greedy with the paywall, you all need to go back to the way it used to be because this app has become the weakest link.",,,,,1,0,-0.6808,0,0.167,0.833,negative
google_play,2026-04-04,,Terrible dating site!,Terrible dating site!,,,,,1,1,-0.5255,0,0.629,0.371,negative
google_play,2026-04-04,,"never have a match, send millions of like. I waisted alot of money.","never have a match, send millions of like. I waisted alot of money.",,,,,2,0,0.3612,0.172,0,0.828,positive
google_play,2026-04-04,,you don't even get to see who likes you to start off with so there's no point for me to pay if I can't even see who likes me 😔,you don't even get to see who likes you to start off with so there's no point for me to pay if I can't even see who likes me 😔,,,,,1,1,0.4627,0.188,0.105,0.707,positive
google_play,2026-04-04,,I don't know you cannot implement the very basic dark mode feature,I don't know you cannot implement the very basic dark mode feature,,,,,2,0,0,0,0,1,neutral
google_play,2026-04-03,,It's cool n easy way to connect,It's cool n easy way to connect,,,,,5,0,0.6369,0.51,0,0.49,positive
google_play,2026-04-03,,"The first problem is the whole women make the first move. Straight away everyone is out of their comfort zone to fit in with someone's ideology. They've done a very bad job at communicating this to women who are wondering why men send likes but are too shy to say, ""Hello"". The next problem is the travel mode; the app is swamped by people in countries looking to get out. Then there's the drip feeding of matches (none of whom ever match your criteria) which is swamped by the travel mode candidates","The first problem is the whole women make the first move. Straight away everyone is out of their comfort zone to fit in with someone's ideology. They've done a very bad job at communicating this to women who are wondering why men send likes but are too shy to say, ""Hello"". The next problem is the travel mode; the app is swamped by people in countries looking to get out. Then there's the drip feeding of matches (none of whom ever match your criteria) which is swamped by the travel mode candidates",,,,,1,1,-0.6648,0.068,0.102,0.83,negative
google_play,2026-04-03,,It's better to use it for free than to buy premium. The experience is the same both ways.,It's better to use it for free than to buy premium. The experience is the same both ways.,,,,,1,1,0.7351,0.279,0,0.721,positive
google_play,2026-04-03,,way too overpriced for premium services and experience without is extremely limited,way too overpriced for premium services and experience without is extremely limited,,,,,1,0,0.2222,0.146,0,0.854,positive
google_play,2026-04-03,,Awefull app with a paywall for all the reasonable features u get for free on other apps. Pay to get a flakey match that will likely not go any where,Awefull app with a paywall for all the reasonable features u get for free on other apps. Pay to get a flakey match that will likely not go any where,,,,,1,0,0.4404,0.101,0.043,0.856,positive
google_play,2026-04-03,,"Ah, Bumble, the same as the consultant who takes all money from clients, delivers nothing and then says ""Need more money to develop the solution"" and the cycle repeats. :) - For Men Only","Ah, Bumble, the same as the consultant who takes all money from clients, delivers nothing and then says ""Need more money to develop the solution"" and the cycle repeats. :) - For Men Only",,,,,1,0,0.6486,0.142,0,0.858,positive
google_play,2026-04-03,,"Horrible user experience Couldn't get past the absurd puzzle. I would like to meet the ""genius"" who thought putting an obstacle like that was a good idea for the app.","Horrible user experience Couldn't get past the absurd puzzle. I would like to meet the ""genius"" who thought putting an obstacle like that was a good idea for the app.",,,,,1,1,0.2263,0.203,0.154,0.643,positive
google_play,2026-04-03,,dating app that hides matches behind a paywall. They don't care about your dating life.,dating app that hides matches behind a paywall. They don't care about your dating life.,,,,,1,0,-0.5152,0,0.25,0.75,negative
google_play,2026-04-03,,I haven't paid yet but it's my first time. it's fun looking tho.,I haven't paid yet but it's my first time. it's fun looking tho.,,,,,3,0,0.6652,0.271,0,0.729,positive
google_play,2026-04-03,,"too expensive, even if youu upgrade, there's another upgrade. everyone there looking for long term, marriages","too expensive, even if youu upgrade, there's another upgrade. everyone there looking for long term, marriages",,,,,1,1,0,0,0,1,neutral
google_play,2026-04-03,,Excellent 👍,Excellent 👍,,,,,5,0,0.5719,0.649,0,0.351,positive
google_play,2026-04-03,,"Too many fake profiles. How is it that a fake profile has a verified stamp? Fake profiles are always without a Bio and pictures look like a Model. Do a Google image search to further support the truth that it's a fake profile. How is it that you see the same profile which was under the verified section at the unverified section when you search? Bumble used to be the go to App for dating and now its reputation is down rated, no checks on verified issues! Most men are just there to want sex!","Too many fake profiles. How is it that a fake profile has a verified stamp? Fake profiles are always without a Bio and pictures look like a Model. Do a Google image search to further support the truth that it's a fake profile. How is it that you see the same profile which was under the verified section at the unverified section when you search? Bumble used to be the go to App for dating and now its reputation is down rated, no checks on verified issues! Most men are just there to want sex!",,,,,2,1,-0.8291,0.08,0.141,0.779,negative
google_play,2026-04-03,,how will i open my account you guys block it,how will i open my account you guys block it,,,,,2,1,-0.4404,0,0.244,0.756,negative
google_play,2026-04-03,,I liked it.. app to get a date and couple...,I liked it.. app to get a date and couple...,,,,,5,0,0.4215,0.237,0,0.763,positive
google_play,2026-04-03,,utterly garbage,utterly garbage,,,,,1,0,0,0,0,1,neutral
google_play,2026-04-03,,Room For Improvement,Room For Improvement,,,,,4,0,0.4588,0.6,0,0.4,positive
google_play,2026-04-03,,"not get a gf, got a depression instead","not get a gf, got a depression instead",,,,,1,0,-0.5719,0,0.346,0.654,negative
google_play,2026-04-03,,"The filters don't work both ways, so the people you like may never see your profile even though they appear in your stack. I filter for women who don't have children and if I toggle that filter off, I instantly have 5 likes (from women who have kids). They shouldn't be able to see me at all, because I'll never match with them. Assume that many of your right swipes will never be seen. I do very well on Hinge, but it's Crickets on Bumble.","The filters don't work both ways, so the people you like may never see your profile even though they appear in your stack. I filter for women who don't have children and if I toggle that filter off, I instantly have 5 likes (from women who have kids). They shouldn't be able to see me at all, because I'll never match with them. Assume that many of your right swipes will never be seen. I do very well on Hinge, but it's Crickets on Bumble.",,,,,1,2,0.5182,0.061,0,0.939,positive
google_play,2026-04-03,,Terribly superficial,Terribly superficial,,,,,1,0,-0.5574,0,0.783,0.217,negative
google_play,2026-04-03,,we need more likes 👍,we need more likes 👍,,,,,1,0,0.4754,0.382,0,0.618,positive
google_play,2026-04-03,,"there is a glich, no match r happening","there is a glich, no match r happening",,,,,1,1,-0.296,0,0.239,0.761,negative
google_play,2026-04-03,,i like it so far but IV only just started on this app for the first time,i like it so far but IV only just started on this app for the first time,,,,,4,0,0.1901,0.099,0,0.901,positive
google_play,2026-04-03,,"No one should download this app, it is a very bad app, it is a useless app 😡","No one should download this app, it is a very bad app, it is a useless app 😡",,,,,1,0,-0.8313,0,0.355,0.645,negative
google_play,2026-04-03,,Though the App has decent features and good profiles; but major or say the most horrible issue is that a Guy can never initiate conversation and it depends on only the Girl; that too even if you take Premium Subscription. Which App does this in the World for Premium Customers. Also they won't let you have good no. of matches unless you are a Paid Member and once the Premium feature is over; again they will stop all matching like almost your Profile is Hidden.,Though the App has decent features and good profiles; but major or say the most horrible issue is that a Guy can never initiate conversation and it depends on only the Girl; that too even if you take Premium Subscription. Which App does this in the World for Premium Customers. Also they won't let you have good no. of matches unless you are a Paid Member and once the Premium feature is over; again they will stop all matching like almost your Profile is Hidden.,,,,,3,1,0.0156,0.093,0.082,0.824,neutral
google_play,2026-04-03,,Cool place to meet responsible people,Cool place to meet responsible people,,,,,5,0,0.5574,0.535,0,0.465,positive
google_play,2026-04-03,,blocked me for being underage when im about to be 20,blocked me for being underage when im about to be 20,,,,,1,1,-0.2732,0,0.174,0.826,negative
google_play,2026-04-03,,thanks for giving me a reason to delete your app ❤️,thanks for giving me a reason to delete your app ❤️,,,,,5,0,0.6486,0.346,0,0.654,positive
google_play,2026-04-03,,they blocked my account without any reason,they blocked my account without any reason,,,,,1,1,-0.2732,0,0.259,0.741,negative
google_play,2026-04-03,,good app. better than tinder for sure. you neep to pay for most of things,good app. better than tinder for sure. you neep to pay for most of things,,,,,5,0,0.7717,0.395,0.068,0.537,positive
google_play,2026-04-03,,"I love the platform, just not the paywall.","I love the platform, just not the paywall.",,,,,4,0,0.6369,0.375,0,0.625,positive
google_play,2026-04-02,,pleasurable,pleasurable,,,,,5,0,0.5267,1,0,0,positive
google_play,2026-04-02,,"Bumble makes it excruciating to match with anyone, let alone the people who I like based on their profile information. Swiped through about 200 profiles before they showed me a single woman who ""liked"" me first. It reads more as a slot machine in a casino than a helpful dating app that's supposed to help me find a meaningful relationship. Would not recommend.","Bumble makes it excruciating to match with anyone, let alone the people who I like based on their profile information. Swiped through about 200 profiles before they showed me a single woman who ""liked"" me first. It reads more as a slot machine in a casino than a helpful dating app that's supposed to help me find a meaningful relationship. Would not recommend.",,,,,1,8,0.5705,0.171,0.11,0.719,positive
google_play,2026-04-02,,No active users. The app won't be of any use unless ypu secure to be a premium member,No active users. The app won't be of any use unless ypu secure to be a premium member,,,,,1,0,0.0366,0.116,0.109,0.775,neutral
google_play,2026-04-02,,This app doesn't honor its own time tables. It takes like 2 days to refresh on the likes and the suggestions.,This app doesn't honor its own time tables. It takes like 2 days to refresh on the likes and the suggestions.,,,,,2,0,0.3964,0.204,0.101,0.694,positive
google_play,2026-04-02,,having trouble viewing matches on bumble..when I get sent matches I cant view them?? please sort this problem,having trouble viewing matches on bumble..when I get sent matches I cant view them?? please sort this problem,,,,,3,0,-0.7732,0,0.34,0.66,negative
google_play,2026-04-02,,Never share any info also do not meet anyone on the same day even if the girl insists immediately block and report and better to not be on such scams.,Never share any info also do not meet anyone on the same day even if the girl insists immediately block and report and better to not be on such scams.,,,,,1,1,-0.6896,0.077,0.229,0.694,negative
google_play,2026-04-02,,"Keeps giving you notification numbers on the app icon to get your hopes up and open the app, but there's never anything there, so it's just a trick to get you opening the app. I don't appreciate the gaslighting. I otherwise would like the app, though the expiring matches seem arbitrary, and also just there for the app, not the users. Stop tricking and manipulating users with your app design and you'd have a good service. Edit: Likes mean nothing if they're premium only. Highlights my point.","Keeps giving you notification numbers on the app icon to get your hopes up and open the app, but there's never anything there, so it's just a trick to get you opening the app. I don't appreciate the gaslighting. I otherwise would like the app, though the expiring matches seem arbitrary, and also just there for the app, not the users. Stop tricking and manipulating users with your app design and you'd have a good service. Edit: Likes mean nothing if they're premium only. Highlights my point.",,,,,1,67,0.8571,0.175,0.073,0.753,positive
google_play,2026-04-02,,invested time and money here. zero result.,invested time and money here. zero result.,,,,,1,0,0,0,0,1,neutral
google_play,2026-04-02,,i wouldn't say Bumble is bad.. but People on any dating apps are too selfish and they are mean and soo bad. always. especially girls on any dating apps always looks for charming and handsome mens like wise mens too and sometimes humans on dating apps aren't meant come ther for finding a patner. they come to do a timepass and then unmatched.. so guys. here is my honest advice.. never ever find your partner on Bumble go and approach directly. never waste your time on dating apps.,i wouldn't say Bumble is bad.. but People on any dating apps are too selfish and they are mean and soo bad. always. especially girls on any dating apps always looks for charming and handsome mens like wise mens too and sometimes humans on dating apps aren't meant come ther for finding a patner. they come to do a timepass and then unmatched.. so guys. here is my honest advice.. never ever find your partner on Bumble go and approach directly. never waste your time on dating apps.,,,,,3,0,0.9293,0.212,0.11,0.679,positive
google_play,2026-04-02,,"The cancellation policy is extremely frustrating and misleading. It is very difficult to find clear instructions on how to cancel the subscription, and even after I removed my payment method and closed my account, I was still charged. When I contacted customer support, my refund request was denied based on long and poorly disclosed terms that were not clearly presented beforehand. Companies are expected to disclose subscription terms clearly and make cancellation at least as easy as sign-up.","The cancellation policy is extremely frustrating and misleading. It is very difficult to find clear instructions on how to cancel the subscription, and even after I removed my payment method and closed my account, I was still charged. When I contacted customer support, my refund request was denied based on long and poorly disclosed terms that were not clearly presented beforehand. Companies are expected to disclose subscription terms clearly and make cancellation at least as easy as sign-up.",,,,,1,12,-0.7191,0.114,0.187,0.699,negative
google_play,2026-04-02,,Been using the app for a long while. Have only got on. Either I am just that unappealing or pay to win.,Been using the app for a long while. Have only got on. Either I am just that unappealing or pay to win.,,,,,1,2,0.5267,0.151,0.056,0.794,positive
google_play,2026-04-02,,who thought it was a good idea to give people less than a dozen likes they can send for the entire day? no wonder no one uses these garbage apps,who thought it was a good idea to give people less than a dozen likes they can send for the entire day? no wonder no one uses these garbage apps,,,,,1,0,0.6584,0.212,0.061,0.727,positive
google_play,2026-04-02,,"my age was wrong on my account, and when I tried to update it, the app made me upload a picture of my ID to verify my age. the age was STILL wrong. when I tried to get customer service, only a chat bot was available. the char bot told me to upload my ID. two days later I got an email from customer support asking me to email them a picture of my ID. when I requested they immediately delete all of my data, they refused and added me to a ""28 day queue"" to delete some of my data. stay far away.","my age was wrong on my account, and when I tried to update it, the app made me upload a picture of my ID to verify my age. the age was STILL wrong. when I tried to get customer service, only a chat bot was available. the char bot told me to upload my ID. two days later I got an email from customer support asking me to email them a picture of my ID. when I requested they immediately delete all of my data, they refused and added me to a ""28 day queue"" to delete some of my data. stay far away.",,,,,1,0,-0.6908,0.024,0.076,0.9,negative
google_play,2026-04-02,,totally a waste of time 😕,totally a waste of time 😕,,,,,1,0,-0.6573,0,0.518,0.482,negative
google_play,2026-04-02,,"it should have been better, at least thats what i heard many say. however something in this app made me feel as if i did everything wrong, to make it worse matches which were initially good later plumited too. the messaging stage, which im alread greatly dislike is almost impossible to get trough as at some point earlier or later i just get ignored. for an app i though was supposed to be one of the better ones i cannot agree less. a lot need to be changed on it to resolve the experience.","it should have been better, at least thats what i heard many say. however something in this app made me feel as if i did everything wrong, to make it worse matches which were initially good later plumited too. the messaging stage, which im alread greatly dislike is almost impossible to get trough as at some point earlier or later i just get ignored. for an app i though was supposed to be one of the better ones i cannot agree less. a lot need to be changed on it to resolve the experience.",,,,,1,0,-0.2966,0.103,0.123,0.774,negative
google_play,2026-04-02,,"I've been using this app more thana week, it always says "" There's been a little glitch"" i subscribed premium+ , Useless!!!","I've been using this app more thana week, it always says "" There's been a little glitch"" i subscribed premium+ , Useless!!!",,,,,1,1,-0.5684,0,0.149,0.851,negative
google_play,2026-04-02,,gave this app another go a few years after my first go. It is still a terrible experience. Waste of time.,gave this app another go a few years after my first go. It is still a terrible experience. Waste of time.,,,,,1,0,-0.7096,0,0.237,0.763,negative
google_play,2026-04-02,,"sampah banget, perpanjangan subscription padahal baru besok harusnya terus padahal udah di unsubscribe tapi malah tetep motong Dana. sampah banget ini gimana cara balikin dananya?","sampah banget, perpanjangan subscription padahal baru besok harusnya terus padahal udah di unsubscribe tapi malah tetep motong Dana. sampah banget ini gimana cara balikin dananya?",,,,,1,0,0,0,0,1,neutral
google_play,2026-04-02,,"just paid premium. i have several pictures on my profile. tried to change the first one, now my profile is blocked.","just paid premium. i have several pictures on my profile. tried to change the first one, now my profile is blocked.",,,,,1,1,-0.2732,0,0.095,0.905,negative
google_play,2026-04-02,,"I've been using it for almost a month now. One like so far. My profile is at 95% completion with 6 clear profile pictures of me. So what's the algo stopping me from getting more likes? I'm never gonna pay for any subscriptions. Are there more connections possible without paying you any money? If not, I'm ready to delete the account. I'm not going to write an email to your support team either. Answer here so that everyone can read.","I've been using it for almost a month now. One like so far. My profile is at 95% completion with 6 clear profile pictures of me. So what's the algo stopping me from getting more likes? I'm never gonna pay for any subscriptions. Are there more connections possible without paying you any money? If not, I'm ready to delete the account. I'm not going to write an email to your support team either. Answer here so that everyone can read.",,,,,1,17,0.8333,0.141,0.042,0.818,positive
google_play,2026-04-02,,"Bumble's ""canned"" reporting choices are completely insufficient. There's no allowance to actually write any details. If they were wise with their resources, they would use a similar AI resource as they do for their Help/Support resource. That way, AI would also learn how to discern a credible/actionable report, compared to someone's rant or complaint.","Bumble's ""canned"" reporting choices are completely insufficient. There's no allowance to actually write any details. If they were wise with their resources, they would use a similar AI resource as they do for their Help/Support resource. That way, AI would also learn how to discern a credible/actionable report, compared to someone's rant or complaint.",,,,,4,0,-0.4522,0.052,0.117,0.831,negative
google_play,2026-04-02,,"massive increase in what appears to be verified spam accounts, on travel mode even though they're nearby, with a spam looking snap chat in their bio.","massive increase in what appears to be verified spam accounts, on travel mode even though they're nearby, with a spam looking snap chat in their bio.",,,,,2,0,-0.4019,0.076,0.165,0.759,negative
google_play,2026-04-02,,worst app ever if you find some match after long period but disappears in sec when u reply and this app is main focus to earn money u have toh give the plan for monthly and include all features rather asking money for each features and after purchasing paid one no benefits u looting people's money,worst app ever if you find some match after long period but disappears in sec when u reply and this app is main focus to earn money u have toh give the plan for monthly and include all features rather asking money for each features and after purchasing paid one no benefits u looting people's money,,,,,1,0,-0.8139,0,0.137,0.863,negative
google_play,2026-04-01,,don't buy the lifetime membership - as soon as you do they will stop giving you matches. The only support option they offer is a chatbot that repeats the same unhelpful messages over and over.,don't buy the lifetime membership - as soon as you do they will stop giving you matches. The only support option they offer is a chatbot that repeats the same unhelpful messages over and over.,,,,,1,0,0.4404,0.13,0.056,0.814,positive
google_play,2026-04-01,,I cant give this app as many stars as I would want to since I am forced to matched with men and Trans people. Im only here to data women. Is it that hard to not waste my time and add a opt out feature for certain genders or simply no Trans no males only female search option? You are alienating men who just want to date females. kinda seems counter productive to your app to not just let us search the way we want? I have to constantly match with men or Trans people and turn them down!,I cant give this app as many stars as I would want to since I am forced to matched with men and Trans people. Im only here to data women. Is it that hard to not waste my time and add a opt out feature for certain genders or simply no Trans no males only female search option? You are alienating men who just want to date females. kinda seems counter productive to your app to not just let us search the way we want? I have to constantly match with men or Trans people and turn them down!,,,,,1,1,0.312,0.101,0.061,0.837,positive
google_play,2026-04-01,,"Update, this app is basically a scam install Hinge instead Not even in the paying tier with spotlight on you get matches when the same in hinge gets you a ton of them. Then when you stop paying they super boost your profile to get you to pay again","Update, this app is basically a scam install Hinge instead Not even in the paying tier with spotlight on you get matches when the same in hinge gets you a ton of them. Then when you stop paying they super boost your profile to get you to pay again",,,,,1,12,0.0772,0.114,0.126,0.76,positive
google_play,2026-04-01,,"dev shoud add a feature where user can explore the app, and see people without have upload any face photo","dev shoud add a feature where user can explore the app, and see people without have upload any face photo",,,,,2,0,0,0,0,1,neutral
google_play,2026-04-01,,stupid app policys!,stupid app policys!,,,,,1,0,-0.5707,0,0.649,0.351,negative
google_play,2026-04-01,,worst app don't download,worst app don't download,,,,,1,0,-0.6249,0,0.577,0.423,negative
google_play,2026-04-01,,real app but paid,real app but paid,,,,,4,0,0,0,0,1,neutral
google_play,2026-04-01,,verification process is frustrating,verification process is frustrating,,,,,1,0,-0.4404,0,0.492,0.508,negative
google_play,2026-04-01,,not interested,not interested,,,,,1,0,-0.3089,0,0.693,0.307,negative
google_play,2026-04-01,,"Functionally, the app is fine and easy to use. Practically, it fails to do the main thing I've been paying for, which is to provide dates. My matches and chats section is a graveyard of women who didn't ""make the first move"" -- I had to sit and watch, hands tied, as they match with me and then slowly disappear. Women making the first move sounds good in theory but this confirms -- at least for me -- that doing so is clearly against their nature. I don't see how Bumble has continued to exist.","Functionally, the app is fine and easy to use. Practically, it fails to do the main thing I've been paying for, which is to provide dates. My matches and chats section is a graveyard of women who didn't ""make the first move"" -- I had to sit and watch, hands tied, as they match with me and then slowly disappear. Women making the first move sounds good in theory but this confirms -- at least for me -- that doing so is clearly against their nature. I don't see how Bumble has continued to exist.",,,,,2,7,0.6505,0.091,0.048,0.861,positive
google_play,2026-04-01,,what a joke of an app 😂,what a joke of an app 😂,,,,,2,0,0.6249,0.377,0.119,0.503,positive
google_play,2026-04-01,,wow its very hard to make a account even u follow the instruction.this apps is waste of time even for log in what more in real in games.dont install this trash,wow its very hard to make a account even u follow the instruction.this apps is waste of time even for log in what more in real in games.dont install this trash,,,,,1,3,0.079,0.105,0.124,0.771,positive
google_play,2026-04-01,,I cant even log in because it won't sent me the code to verify my phone number. I've tried multiple times and im extremely frustrated with it. As of right now I'm deleting the app and trying again. if it still doesn't work this will remain a 1 star review and I'll be letting everyone know your app is trash.,I cant even log in because it won't sent me the code to verify my phone number. I've tried multiple times and im extremely frustrated with it. As of right now I'm deleting the app and trying again. if it still doesn't work this will remain a 1 star review and I'll be letting everyone know your app is trash.,,,,,1,1,-0.5256,0.021,0.059,0.921,negative
google_play,2026-04-01,,Help to improve your performance skills with the GPS accuracy,Help to improve your performance skills with the GPS accuracy,,,,,5,0,0.6808,0.412,0,0.588,positive
google_play,2026-04-01,,you have to pay to use this you can't see likes or like anything.,you have to pay to use this you can't see likes or like anything.,,,,,1,1,-0.0598,0.145,0.217,0.638,negative
google_play,2026-04-01,,"don't waste your money! before I use this app ,someone said don't waste your money but I didn't care! after using this app I'm saying: Do not waste your money on this app !","don't waste your money! before I use this app ,someone said don't waste your money but I didn't care! after using this app I'm saying: Do not waste your money on this app !",,,,,1,1,0.4145,0.177,0.085,0.738,positive
google_play,2026-04-01,,This stupid app banned my account for no reason. Still did when I made an account on another phone. I call bull on their policies,This stupid app banned my account for no reason. Still did when I made an account on another phone. I call bull on their policies,,,,,1,1,-0.8225,0,0.281,0.719,negative
google_play,2026-04-01,,"one of the worst app i have installed. It does not match your profile even after buying a subscription. Not even i chat with others and if i send some message to anyone, it does not show that whether they received the message or not.","one of the worst app i have installed. It does not match your profile even after buying a subscription. Not even i chat with others and if i send some message to anyone, it does not show that whether they received the message or not.",,,,,1,2,-0.6249,0,0.085,0.915,negative
google_play,2026-04-01,,I don't know how it's works,I don't know how it's works,,,,,1,1,0,0,0,1,neutral
google_play,2026-04-01,,The app doesn't work on data unless i use wifi.,The app doesn't work on data unless i use wifi.,,,,,2,1,0,0,0,1,neutral
google_play,2026-04-01,,"Absolute trash dating app, pay to play then you still don't get proper matches.. deleting and going back to the OG way of dating. Finding a partner in real life Organically... sorry bumble butt this app is absolutely awful","Absolute trash dating app, pay to play then you still don't get proper matches.. deleting and going back to the OG way of dating. Finding a partner in real life Organically... sorry bumble butt this app is absolutely awful",,,,,1,1,-0.3804,0.055,0.138,0.807,negative
google_play,2026-04-01,,"Schade, Premium bezahlt aber app läuft nicht mehr vernünftig. Ich bekomme nur noch einen Ladebildschirm.","Schade, Premium bezahlt aber app läuft nicht mehr vernünftig. Ich bekomme nur noch einen Ladebildschirm.",,,,,1,0,0,0,0,1,neutral
google_play,2026-04-01,,I am not getting any match or conversation boys accounts get hidden,I am not getting any match or conversation boys accounts get hidden,,,,,1,1,0,0,0,1,neutral
google_play,2026-04-01,,"stupid support, my account blocked because I jokes around my ages.. they read all your messages i guess.. but didn't understand the context of me joking. im 24 years old, and blocked because underage? dude, i purchase the subscription, i provide my driver license as requested by the support team.. and the stupid AI support didn't accept my appeal? stupid dating app, I finally connect to fun person and u did this to me.","stupid support, my account blocked because I jokes around my ages.. they read all your messages i guess.. but didn't understand the context of me joking. im 24 years old, and blocked because underage? dude, i purchase the subscription, i provide my driver license as requested by the support team.. and the stupid AI support didn't accept my appeal? stupid dating app, I finally connect to fun person and u did this to me.",,,,,1,2,-0.3582,0.176,0.191,0.633,negative
google_play,2026-04-01,,can't even make an account,can't even make an account,,,,,1,2,0,0,0,1,neutral
google_play,2026-04-01,,this app is awesome bas chatting free ho,this app is awesome bas chatting free ho,,,,,5,0,0.8126,0.552,0,0.448,positive
google_play,2026-04-01,,this is trash. it's been a year with no responses. I'm in Omaha and have no viable disabilities if that tells you anything,this is trash. it's been a year with no responses. I'm in Omaha and have no viable disabilities if that tells you anything,,,,,1,0,-0.5267,0,0.173,0.827,negative
google_play,2026-04-01,,wasteland. customer service sucks and everyone just matches and never responds to messages. its not a serious place to find a relationship. they charge for visibility then show you the same profiles over and over. waste of money. I'd rate it a zero if I could.,wasteland. customer service sucks and everyone just matches and never responds to messages. its not a serious place to find a relationship. they charge for visibility then show you the same profiles over and over. waste of money. I'd rate it a zero if I could.,,,,,1,2,-0.6222,0.025,0.107,0.868,negative
google_play,2026-04-01,,did not like,did not like,,,,,1,0,-0.2755,0,0.513,0.487,negative
google_play,2026-04-01,,app initially wouldnt work and it took customer service a long time to figure it out but Its at least working now..,app initially wouldnt work and it took customer service a long time to figure it out but Its at least working now..,,,,,3,1,0,0,0,1,neutral
google_play,2026-04-01,,this dating app is so poor! after I subscribe they blocked my account infact I followed their guidelines 👎👎👎,this dating app is so poor! after I subscribe they blocked my account infact I followed their guidelines 👎👎👎,,,,,1,1,-0.7494,0,0.225,0.775,negative
google_play,2026-04-01,,"Hello, I am a premium member and have not received my weekly spotlight and 5 superswipes as entitled for many weeks. Written in to made the case but received no reply","Hello, I am a premium member and have not received my weekly spotlight and 5 superswipes as entitled for many weeks. Written in to made the case but received no reply",,,,,1,1,-0.3071,0.046,0.084,0.87,negative
google_play,2026-04-01,,Dark mode please,Dark mode please,,,,,3,1,0.3182,0.535,0,0.465,positive
google_play,2026-03-31,,I've deleted my account for some reason and now I have to pay for subscription again??!!,I've deleted my account for some reason and now I have to pay for subscription again??!!,,,,,1,0,-0.3278,0,0.135,0.865,negative
google_play,2026-03-31,,"Gave it 6 weeks (1 month paid), no realistic results.","Gave it 6 weeks (1 month paid), no realistic results.",,,,,1,1,-0.296,0,0.196,0.804,negative
google_play,2026-03-31,,it's great but to expensive,it's great but to expensive,,,,,4,0,0.3716,0.389,0,0.611,positive
google_play,2026-03-31,,sucks dick,sucks dick,,,,,1,2,-0.7003,0,1,0,negative
google_play,2026-03-31,,I recently reported an abusive experience to support and they are continuing to allow that person on this app. If you value your safety be careful here.,I recently reported an abusive experience to support and they are continuing to allow that person on this app. If you value your safety be careful here.,,,,,1,1,0.6369,0.311,0.115,0.574,positive
google_play,2026-03-31,,please provide more profiles which are in my city,please provide more profiles which are in my city,,,,,4,0,0.3182,0.223,0,0.777,positive
google_play,2026-03-31,,there are some registered scam members are that disguise as a gal.,there are some registered scam members are that disguise as a gal.,,,,,4,2,-0.6908,0,0.363,0.637,negative
google_play,2026-03-31,,terrible used to be a great app. before they removed every functionality possible. and hid it behind a pay wall. actually disgusting maybe try and attract new users and keep the functionality there. so people can actually use it to make people. obviously dont care about there user base!!!,terrible used to be a great app. before they removed every functionality possible. and hid it behind a pay wall. actually disgusting maybe try and attract new users and keep the functionality there. so people can actually use it to make people. obviously dont care about there user base!!!,,,,,1,2,-0.6374,0.107,0.209,0.684,negative
google_play,2026-03-31,,too many things behind a paywall. Kept suggesting people who want kids despite me putting in my settings that I don't want. why does the app think people who want kids would be a good match for me?,too many things behind a paywall. Kept suggesting people who want kids despite me putting in my settings that I don't want. why does the app think people who want kids would be a good match for me?,,,,,1,1,0.507,0.135,0.03,0.835,positive
google_play,2026-03-31,,Aleardy pay you rp 50.000 but i still can't get girlfriend,Aleardy pay you rp 50.000 but i still can't get girlfriend,,,,,2,0,-0.0516,0,0.107,0.893,negative
google_play,2026-03-31,,$60 for one month? seriously? I better be getting a guaranteed wife for $60 honey. I'm sorry but you DEFINITELY need to lower that price. $60 a month is absolutely insane!,$60 for one month? seriously? I better be getting a guaranteed wife for $60 honey. I'm sorry but you DEFINITELY need to lower that price. $60 a month is absolutely insane!,,,,,1,2,-0.3274,0.159,0.239,0.602,negative
google_play,2026-03-31,,great way to meet new people.,great way to meet new people.,,,,,4,0,0.6249,0.451,0,0.549,positive
google_play,2026-03-31,,"this is the worst App. don't even try to subscribe because you can't send a text even after you pay for subscription you can only see who liked you. you have to pay again for sending text. and your match will expire in 24hrs unless the one you match text first, what a trash app. Tinder will still be the best. this app is just there to collect your money nothing else.","this is the worst App. don't even try to subscribe because you can't send a text even after you pay for subscription you can only see who liked you. you have to pay again for sending text. and your match will expire in 24hrs unless the one you match text first, what a trash app. Tinder will still be the best. this app is just there to collect your money nothing else.",,,,,1,1,0.2732,0.087,0.085,0.828,positive
google_play,2026-03-31,,can't register/login with my new simcard,can't register/login with my new simcard,,,,,1,1,0,0,0,1,neutral
google_play,2026-03-31,,waste of time every step u do they ask you to pay for it nothing is free there,waste of time every step u do they ask you to pay for it nothing is free there,,,,,1,0,-0.7097,0,0.315,0.685,negative
google_play,2026-03-31,,"waste of time ,no one active all are fake profiles and old data","waste of time ,no one active all are fake profiles and old data",,,,,1,2,-0.4939,0.145,0.317,0.538,negative
google_play,2026-03-31,,"""Hi Bumble Support, I am trying to create my new account, but I'm stuck at the photo upload step. When I select a photo, it shows 'loading' infinitely and doesn't proceed. I have checked my internet connection and it is working fine. I have also tried restarting my device and reinstalling the app, but the issue persists. Can you please help me resolve this? Thanks.""","""Hi Bumble Support, I am trying to create my new account, but I'm stuck at the photo upload step. When I select a photo, it shows 'loading' infinitely and doesn't proceed. I have checked my internet connection and it is working fine. I have also tried restarting my device and reinstalling the app, but the issue persists. Can you please help me resolve this? Thanks.""",,,,,1,0,0.9482,0.252,0.031,0.716,positive
google_play,2026-03-31,,"garbage algorithm clearly has no intentions of making matches havent got a single like in months when it was 3-4 a week not sure what changed but something sure did, you dont get people paying for your app when theres nothing there to even intrigue me anymore at one point it was a concideration not now...","garbage algorithm clearly has no intentions of making matches havent got a single like in months when it was 3-4 a week not sure what changed but something sure did, you dont get people paying for your app when theres nothing there to even intrigue me anymore at one point it was a concideration not now...",,,,,1,3,0.5376,0.108,0.051,0.841,positive
google_play,2026-03-31,,This app was better years ago when you could see who liked you. Uninstalled immediately due to paywall.,This app was better years ago when you could see who liked you. Uninstalled immediately due to paywall.,,,,,1,2,0.6908,0.263,0,0.737,positive
google_play,2026-03-31,,Repeatedly submitted my number for a verification code to set up an account and never received it. Apparently this is a VERY common issue people have. Days have passed and no code sent.,Repeatedly submitted my number for a verification code to set up an account and never received it. Apparently this is a VERY common issue people have. Days have passed and no code sent.,,,,,1,1,-0.2263,0.038,0.064,0.899,negative
google_play,2026-03-31,,Don't use this application very bad and this adected to new generation so i hardly required don't use this application,Don't use this application very bad and this adected to new generation so i hardly required don't use this application,,,,,1,0,-0.5849,0,0.166,0.834,negative
google_play,2026-03-31,,give me more free texts,give me more free texts,,,,,4,0,0.5563,0.473,0,0.527,positive
google_play,2026-03-31,,bot app. only taking money. don't upgrade to premium it's totally fake,bot app. only taking money. don't upgrade to premium it's totally fake,,,,,1,0,-0.5256,0,0.236,0.764,negative
google_play,2026-03-31,,till now can't still receive messages,till now can't still receive messages,,,,,1,0,0,0,0,1,neutral
google_play,2026-03-31,,blocked without reason,blocked without reason,,,,,1,0,-0.2732,0,0.512,0.488,negative
google_play,2026-03-31,,Good just take it requires premium subscription for you to connect with people,Good just take it requires premium subscription for you to connect with people,,,,,4,0,0.4404,0.195,0,0.805,positive
google_play,2026-03-31,,the shared profile links don't work and the paid features no longer work as advertised! So many fake profiles! This app has gotten horrible!,the shared profile links don't work and the paid features no longer work as advertised! So many fake profiles! This app has gotten horrible!,,,,,1,1,-0.8203,0.074,0.308,0.618,negative
google_play,2026-03-31,,cant even access the app. didnt like my photos now im locked out.,cant even access the app. didnt like my photos now im locked out.,,,,,1,1,-0.2755,0,0.15,0.85,negative
google_play,2026-03-31,,"I married the guy I met here 😄 So me and my husband met on Bumble on 2023 we married now and have 1 year old baby🥰 I can't believe it happened. we share same sense of humor, same interests, but also different enough to fill each others. Believe it or not, it really happened so good luck guys 😉And Thank you Bumble I met my soulmate here!! ❤️","I married the guy I met here 😄 So me and my husband met on Bumble on 2023 we married now and have 1 year old baby🥰 I can't believe it happened. we share same sense of humor, same interests, but also different enough to fill each others. Believe it or not, it really happened so good luck guys 😉And Thank you Bumble I met my soulmate here!! ❤️",,,,,5,0,0.9838,0.315,0,0.685,positive
google_play,2026-03-31,,Hey I was blocked due to invalid reasons. I'm already of age 😭😭I even sent id evidence what's wrong??,Hey I was blocked due to invalid reasons. I'm already of age 😭😭I even sent id evidence what's wrong??,,,,,1,0,-0.8948,0,0.37,0.63,negative
google_play,2026-03-31,,"if youre not willing to pay for subscription, people who swipe you will be avoided in your match section to pressure you to pay for the subcription to see who liked, predatory money grubby tatics, dont get unless willing to pay the 16.99 a week for a one off look at whos liked you","if youre not willing to pay for subscription, people who swipe you will be avoided in your match section to pressure you to pay for the subcription to see who liked, predatory money grubby tatics, dont get unless willing to pay the 16.99 a week for a one off look at whos liked you",,,,,1,2,0.127,0.113,0.121,0.767,positive
google_play,2026-03-31,,Its a stupid app. doesn't give freedom to upload pictures and lot of pervert profiles.,Its a stupid app. doesn't give freedom to upload pictures and lot of pervert profiles.,,,,,2,0,-0.877,0,0.456,0.544,negative
google_play,2026-03-31,,didn't match if match only girl can do first message,didn't match if match only girl can do first message,,,,,1,0,0,0,0,1,neutral
google_play,2026-03-31,,no matches for free users,no matches for free users,,,,,1,2,0.2732,0.388,0.259,0.353,positive
google_play,2026-03-31,,at least they arent pushing premium as much as other apps but im having less than zero luck cuz the one match ive managed to get was a robot. and ive had this downloaded for a month and only gotten just the 1 like,at least they arent pushing premium as much as other apps but im having less than zero luck cuz the one match ive managed to get was a robot. and ive had this downloaded for a month and only gotten just the 1 like,,,,,3,1,0.7817,0.14,0,0.86,positive
google_play,2026-03-31,,Why have you taken away the ability to report scammer accounts? Are you in on the grift?,Why have you taken away the ability to report scammer accounts? Are you in on the grift?,,,,,3,1,0.3939,0.143,0,0.857,positive
google_play,2026-03-31,,"this app is broken, no matter how many times I reinstall or clear data, it just refuses to load at all","this app is broken, no matter how many times I reinstall or clear data, it just refuses to load at all",,,,,2,1,-0.1466,0.105,0.168,0.727,negative
google_play,2026-03-31,,How is this totally free when I'm asked to pay $12.49 p/wk to see who likes me? 🙄 I'm too old for this.,How is this totally free when I'm asked to pay $12.49 p/wk to see who likes me? 🙄 I'm too old for this.,,,,,1,1,0.7178,0.208,0.045,0.747,positive
google_play,2026-03-31,,too many fake accounts. people are hiding too many secrets also some of them are legally married,too many fake accounts. people are hiding too many secrets also some of them are legally married,,,,,1,1,-0.5994,0.068,0.256,0.676,negative
google_play,2026-03-30,,app seems fine but there seems to be a lot of bots on there.,app seems fine but there seems to be a lot of bots on there.,,,,,3,0,0.1027,0.097,0,0.903,positive
google_play,2026-03-30,,my experience was not good on this app. matches to far away from me and men don't want to date u. they just want sex. disgusting be careful on here ladies,my experience was not good on this app. matches to far away from me and men don't want to date u. they just want sex. disgusting be careful on here ladies,,,,,1,0,-0.6283,0.081,0.196,0.724,negative
google_play,2026-03-30,,can't even get a code to make a new account with is going on,can't even get a code to make a new account with is going on,,,,,1,1,0,0,0,1,neutral
google_play,2026-03-30,,"Bumble won't match you intentionally until you pay for their subscription. By that time the person had already lost half their interest. More than half the profiles are dead. The other half is a bot who spams ""hi"", ""yes"" and ""no"". And the idiotic feature where women needs to start a conversation. Good luck with that.","Bumble won't match you intentionally until you pay for their subscription. By that time the person had already lost half their interest. More than half the profiles are dead. The other half is a bot who spams ""hi"", ""yes"" and ""no"". And the idiotic feature where women needs to start a conversation. Good luck with that.",,,,,1,2,0,0.163,0.163,0.674,neutral
google_play,2026-03-30,,very slow.,very slow.,,,,,1,0,0,0,0,1,neutral
google_play,2026-03-30,,"does not work sometimes it shows no matches even when I have paid and matches for like a week in a new country?? how is this possible. every filter is removed, app reinstalled","does not work sometimes it shows no matches even when I have paid and matches for like a week in a new country?? how is this possible. every filter is removed, app reinstalled",,,,,1,1,0.168,0.079,0.061,0.86,positive
google_play,2026-03-30,,"Feels like a scam. Despite having perimeters set for distance matches, App tells me I have 20+ matches. I decided to subscribe to see the matches. All 20+ matches revealed after signing up live nowhere near me, despite living in a city of 1 million + people. How can I not have 1 local match? SCAM","Feels like a scam. Despite having perimeters set for distance matches, App tells me I have 20+ matches. I decided to subscribe to see the matches. All 20+ matches revealed after signing up live nowhere near me, despite living in a city of 1 million + people. How can I not have 1 local match? SCAM",,,,,1,2,-0.7672,0.039,0.128,0.833,negative
google_play,2026-03-30,,Nice one🔥😎,Nice one🔥😎,,,,,5,0,0.5267,0.475,0.197,0.328,positive
google_play,2026-03-30,,not real people,not real people,,,,,1,1,0,0,0,1,neutral
google_play,2026-03-30,,it doesn't force you to pay for anything.,it doesn't force you to pay for anything.,,,,,5,0,-0.1027,0,0.167,0.833,negative
google_play,2026-03-30,,asking for money,asking for money,,,,,1,0,0,0,0,1,neutral
google_play,2026-03-30,,bad bad app,bad bad app,,,,,1,0,-0.7906,0,0.875,0.125,negative
google_play,2026-03-30,,"Dating is tough, and I don't blame Bumble for that. However, I'm leaving a 3-star review because of the sheer volume of zombie and fake accounts that need to be weeded out. On top of that, the app ignores my set preferences. I'm a straight man, and while I have absolutely nothing against the gay or trans communities, they don't align with my sexual preferences. Bumble still shows me these profiles, which is frustrating and unfair to both parties.","Dating is tough, and I don't blame Bumble for that. However, I'm leaving a 3-star review because of the sheer volume of zombie and fake accounts that need to be weeded out. On top of that, the app ignores my set preferences. I'm a straight man, and while I have absolutely nothing against the gay or trans communities, they don't align with my sexual preferences. Bumble still shows me these profiles, which is frustrating and unfair to both parties.",,,,,3,2,-0.6444,0.093,0.139,0.768,negative
google_play,2026-03-30,,"Szutyok pénzpazarlás, időrablás az egész","Szutyok pénzpazarlás, időrablás az egész",,,,,1,0,0,0,0,1,neutral
google_play,2026-03-30,,Stop showing me men and showing my profile to men when i explicitly kept my preferences as women.,Stop showing me men and showing my profile to men when i explicitly kept my preferences as women.,,,,,1,2,-0.296,0,0.115,0.885,negative
google_play,2026-03-30,,Please bring back the Liked You notice that mentioned other likes outside of the current filters. It's odd to have removed/changed this! Thank you.,Please bring back the Liked You notice that mentioned other likes outside of the current filters. It's odd to have removed/changed this! Thank you.,,,,,2,12,0.8302,0.342,0.071,0.587,positive
google_play,2026-03-30,,"I've had a bumble for years, even purchased a lifetime membership, which was hundreds of dollars. I haven't been on it since I've been in a relationship. I open it again to start to become active and my account is blocked. I had no warning nor was I even on it. I've messaged support and they just give me a generic response. I fully believe I was hacked. this is ridiculous to treat lifetime members like this! it would be great to speak to someone but no one response.","I've had a bumble for years, even purchased a lifetime membership, which was hundreds of dollars. I haven't been on it since I've been in a relationship. I open it again to start to become active and my account is blocked. I had no warning nor was I even on it. I've messaged support and they just give me a generic response. I fully believe I was hacked. this is ridiculous to treat lifetime members like this! it would be great to speak to someone but no one response.",,,,,1,3,0.4039,0.118,0.081,0.801,positive
google_play,2026-03-30,,I put in a lot of money and liked the app. Then out of nowhere my account was blocked for adult nudity? There was nothing sexual whatsoever in my profile. Nothing! I am an author and all I talked about in it was books. The app is obviously flawed and broken and now I cant trust it and have to find something ells. I could argue to have the issue resolved but who has the time for that nonsense. It is too bad because bumble was the only app I had respected up until now.,I put in a lot of money and liked the app. Then out of nowhere my account was blocked for adult nudity? There was nothing sexual whatsoever in my profile. Nothing! I am an author and all I talked about in it was books. The app is obviously flawed and broken and now I cant trust it and have to find something ells. I could argue to have the issue resolved but who has the time for that nonsense. It is too bad because bumble was the only app I had respected up until now.,,,,,1,0,-0.8553,0.067,0.161,0.771,negative
google_play,2026-03-30,,bought it and just froze apps suck,bought it and just froze apps suck,,,,,1,0,-0.4404,0,0.326,0.674,negative
google_play,2026-03-30,,"Honestly, it’s really easy to use and makes meeting new people feel fun and effortless. I had a great experience overall and enjoyed using it.","Honestly, it’s really easy to use and makes meeting new people feel fun and effortless. I had a great experience overall and enjoyed using it.",,,,,5,0,0.9509,0.458,0,0.542,positive
google_play,2026-03-30,,Matches all dried up after purchasing lifetime membership. I don't think that's a coincidence; that once they have your money and can't get any more from you they then penalise your account. Basically theft.,Matches all dried up after purchasing lifetime membership. I don't think that's a coincidence; that once they have your money and can't get any more from you they then penalise your account. Basically theft.,,,,,1,2,0,0,0,1,neutral
google_play,2026-03-30,,"pretty bad. barely any features and the matches are haphazard. not to mention, for almost everything you would be required to shell out money!","pretty bad. barely any features and the matches are haphazard. not to mention, for almost everything you would be required to shell out money!",,,,,2,0,-0.1511,0.11,0.131,0.759,negative
google_play,2026-03-30,,"if you haven't bought subscription they don't show people who have liked you ,so that you can match with them","if you haven't bought subscription they don't show people who have liked you ,so that you can match with them",,,,,1,1,0.4215,0.128,0,0.872,positive
google_play,2026-03-30,,worst app i was buyed one week plan but no one match comparitivly tinder is best....,worst app i was buyed one week plan but no one match comparitivly tinder is best....,,,,,1,0,0.3506,0.24,0.222,0.538,positive
google_play,2026-03-30,,I am not giving you my private phone number. forget it. There are other ways to verify. Youre just data mining. uninstalled!,I am not giving you my private phone number. forget it. There are other ways to verify. Youre just data mining. uninstalled!,,,,,1,9,-0.4456,0.053,0.172,0.775,negative
google_play,2026-03-30,,"Don't use it, it is a scam","Don't use it, it is a scam",,,,,1,0,-0.5719,0,0.381,0.619,negative
google_play,2026-03-30,,"displays incorrect location. no bumble, i dont want to find people from oklahoma city. i live in colorado","displays incorrect location. no bumble, i dont want to find people from oklahoma city. i live in colorado",,,,,1,0,-0.3447,0,0.176,0.824,negative
google_play,2026-03-30,,everything is being charged. people who swipe right should not have a time limit.,everything is being charged. people who swipe right should not have a time limit.,,,,,1,0,-0.2023,0,0.122,0.878,negative
google_play,2026-03-30,,USELESS APP NO NOT EVEN A PROPER DATING APP IT JUST SUCKS FIRST OF ALL THERE ARE NO GOOD CONNECTIONS THE PICS OF LADIES ARE TO GOOD TO BE TRUE. EVEN IF WE GET A MATCH ALL THE GIRLS JUST GIVE THERE TELEGRAM ID TALK VERY VERY GOOD FOR 2-3 DAYS THEN THEY JUST GET INTO THERE TRUE FORM ALL THE GIRLS ARE INTO TRADING BUSINESS EVERY GIRL COAXS U INTO BUYING BITCOINS OR DO TRADING.,USELESS APP NO NOT EVEN A PROPER DATING APP IT JUST SUCKS FIRST OF ALL THERE ARE NO GOOD CONNECTIONS THE PICS OF LADIES ARE TO GOOD TO BE TRUE. EVEN IF WE GET A MATCH ALL THE GIRLS JUST GIVE THERE TELEGRAM ID TALK VERY VERY GOOD FOR 2-3 DAYS THEN THEY JUST GET INTO THERE TRUE FORM ALL THE GIRLS ARE INTO TRADING BUSINESS EVERY GIRL COAXS U INTO BUYING BITCOINS OR DO TRADING.,,,,,1,0,0.5806,0.167,0.149,0.684,positive
google_play,2026-03-30,,La app cumple su función parcialmente. Badoo es muy superior.,La app cumple su función parcialmente. Badoo es muy superior.,,,,,3,0,0.5423,0.28,0,0.72,positive
google_play,2026-03-30,,This is a good app that constantly struggles with unnecessary bugs. Frequent problems with verification. Can't even start an account right now because it's bugged. This happens periodically.,This is a good app that constantly struggles with unnecessary bugs. Frequent problems with verification. Can't even start an account right now because it's bugged. This happens periodically.,,,,,1,4,-0.3182,0.088,0.157,0.755,negative
google_play,2026-03-30,,Also way too many ads offputting,Also way too many ads offputting,,,,,1,0,0,0,0,1,neutral
google_play,2026-03-30,,"Lots of ads, lots of fake profiles, and they are always shamelessly begging for your money. about an hour per day if you try to open the app, it just strobes black and white really fast without opening the app","Lots of ads, lots of fake profiles, and they are always shamelessly begging for your money. about an hour per day if you try to open the app, it just strobes black and white really fast without opening the app",,,,,1,4,-0.6705,0,0.126,0.874,negative
google_play,2026-03-29,,I have a unique name and don't like using it on apps like this. it goes against their policy so I got the boot when I used a nickname.,I have a unique name and don't like using it on apps like this. it goes against their policy so I got the boot when I used a nickname.,,,,,1,0,0.1002,0.079,0.067,0.854,positive
google_play,2026-03-29,,"The new Notes feature breaks the original ""women start first"" of Bumble safety BS, while making men pay for messaging. Worst of both worlds.","The new Notes feature breaks the original ""women start first"" of Bumble safety BS, while making men pay for messaging. Worst of both worlds.",,,,,1,2,-0.1027,0.167,0.18,0.654,negative
google_play,2026-03-29,,I'm new here. More stars after my first date!,I'm new here. More stars after my first date!,,,,,3,1,0,0,0,1,neutral
google_play,2026-03-29,,Greedy app prioritizes profit over happiness. paywall is greed,Greedy app prioritizes profit over happiness. paywall is greed,,,,,1,1,0.3612,0.394,0.303,0.303,positive
google_play,2026-03-29,,"Last night I downloaded Bumble and made a fresh account. I swiped for a bit, had some decent matches building... then the next day it forced me to log in again. Suddenly it started failing with a stupid phone number error. I tried multiple times, entered everything correctly, but it kept crashing. Finally, after a few attempts, they completely blocked my account without any warning nor explanation! This app is a buggy, unreliable mess.","Last night I downloaded Bumble and made a fresh account. I swiped for a bit, had some decent matches building... then the next day it forced me to log in again. Suddenly it started failing with a stupid phone number error. I tried multiple times, entered everything correctly, but it kept crashing. Finally, after a few attempts, they completely blocked my account without any warning nor explanation! This app is a buggy, unreliable mess.",,,,,1,9,-0.8583,0.063,0.174,0.763,negative
google_play,2026-03-29,,Either Clearly Mention that the one who accepts has to send the first Text. Cause most of them don't know and a potential Match expires just because you people don't educate the user enough about your App Policy.,Either Clearly Mention that the one who accepts has to send the first Text. Cause most of them don't know and a potential Match expires just because you people don't educate the user enough about your App Policy.,,,,,3,0,0.6124,0.122,0,0.878,positive
google_play,2026-03-29,,App is a get your money by all the additional items to purchase and seeing the same profiles over and over. It is a scam,App is a get your money by all the additional items to purchase and seeing the same profiles over and over. It is a scam,,,,,1,1,-0.5719,0,0.134,0.866,negative
google_play,2026-03-29,,"so many A i fake profiles that its sickening. catfishing, viruses links locked up my phone. disgraceful bumble has no customer service, no oversight on fake profiles, shame on entire company and employees. horrible experience with app","so many A i fake profiles that its sickening. catfishing, viruses links locked up my phone. disgraceful bumble has no customer service, no oversight on fake profiles, shame on entire company and employees. horrible experience with app",,,,,1,1,-0.9618,0,0.407,0.593,negative
google_play,2026-03-29,,this is the disturbing app🚫,this is the disturbing app🚫,,,,,1,1,-0.5106,0,0.398,0.602,negative
google_play,2026-03-29,,"I am giving this app a -zero rating. you keep deleting every account I open, stating that I violated your rules when I have not even chatted with anyone. I ask for evidence, and you can't provide it? you are being very unreasonable and unprofessional. I do not recommend this app if you are trying to find something serious.","I am giving this app a -zero rating. you keep deleting every account I open, stating that I violated your rules when I have not even chatted with anyone. I ask for evidence, and you can't provide it? you are being very unreasonable and unprofessional. I do not recommend this app if you are trying to find something serious.",,,,,1,2,-0.789,0.036,0.155,0.809,negative
google_play,2026-03-29,,This is the most disgusting app.,This is the most disgusting app.,,,,,1,0,-0.5709,0,0.425,0.575,negative
google_play,2026-03-29,,no true. The chats expire in 24 hours,no true. The chats expire in 24 hours,,,,,1,0,-0.3252,0,0.25,0.75,negative
google_play,2026-03-29,,fake profile,fake profile,,,,,2,1,-0.4767,0,0.756,0.244,negative
google_play,2026-03-29,,not good at all,not good at all,,,,,2,0,-0.3412,0,0.445,0.555,negative
google_play,2026-03-29,,"Discrimination for men, a lot of woman I match with has in their bio ""I'm to akward to message first"" well us men can't message first. On top of that the 24 hours rule. Other dating apps at least don't have that. And yes. I did have had a subscription in the past, so it's not like I don't know about the premium features.","Discrimination for men, a lot of woman I match with has in their bio ""I'm to akward to message first"" well us men can't message first. On top of that the 24 hours rule. Other dating apps at least don't have that. And yes. I did have had a subscription in the past, so it's not like I don't know about the premium features.",,,,,1,0,0.4984,0.096,0.034,0.87,positive
google_play,2026-03-29,,Don't waste your time nor money on Bumble. Most of the profits are fake on Bumble. They will charge your card for no reason and the process of un subscription is so hard that you have to be with the agents for hours just to un subscribe also they don't refund regardless of you using the service or not. Not recommend.,Don't waste your time nor money on Bumble. Most of the profits are fake on Bumble. They will charge your card for no reason and the process of un subscription is so hard that you have to be with the agents for hours just to un subscribe also they don't refund regardless of you using the service or not. Not recommend.,,,,,1,2,0.0389,0.105,0.103,0.792,neutral
google_play,2026-03-29,,Just awful and unsalvageable app. It's trash for the trashy,Just awful and unsalvageable app. It's trash for the trashy,,,,,1,2,-0.4588,0,0.25,0.75,negative
google_play,2026-03-29,,Horrible. Don't expect anything even if you are subscribed,Horrible. Don't expect anything even if you are subscribed,,,,,1,2,-0.5423,0,0.304,0.696,negative
google_play,2026-03-29,,I'm chill with it until I remember that you can't see who likes you unless you pay up. no thanks.,I'm chill with it until I remember that you can't see who likes you unless you pay up. no thanks.,,,,,2,1,-0.6295,0,0.265,0.735,negative
google_play,2026-03-29,,"This app is so slow. It takes so long to fetch data. Please work on the speed of api calls, it wasn't this bad before.","This app is so slow. It takes so long to fetch data. Please work on the speed of api calls, it wasn't this bad before.",,,,,1,1,0.6821,0.196,0,0.804,positive
google_play,2026-03-29,,Hope you are ready to never get a match and if you do they still won't message you first. :) Also this app is only for woman looking for the top 1% of men. Over 100 grand 8-10 on look scales. Good luck you arent that 1%,Hope you are ready to never get a match and if you do they still won't message you first. :) Also this app is only for woman looking for the top 1% of men. Over 100 grand 8-10 on look scales. Good luck you arent that 1%,,,,,1,2,0.9524,0.323,0,0.677,positive
google_play,2026-03-29,,takes a min but be open and yourself and you'll find ya people dw,takes a min but be open and yourself and you'll find ya people dw,,,,,4,0,0,0,0,1,neutral
google_play,2026-03-29,,useless application. unnecessary they blocked my account. brother with too many ads on social media.,useless application. unnecessary they blocked my account. brother with too many ads on social media.,,,,,1,1,-0.5994,0,0.274,0.726,negative
google_play,2026-03-29,,This app is impossible.,This app is impossible.,,,,,1,0,0,0,0,1,neutral
google_play,2026-03-29,,no respond any girls,no respond any girls,,,,,2,0,-0.296,0,0.423,0.577,negative
google_play,2026-03-29,,nice app 🐱,nice app 🐱,,,,,4,0,0.4215,0.483,0,0.517,positive
google_play,2026-03-29,,"i first installed bumble in 2024, i had the app for 2 days and had over 250+ people who swiped on me, and 6 out of the 7 people i swiped right on matched with me. i installed the app again 2 days ago and have zero people who swiped on me and zero matches. something scummy is clearly happening behind the scenes of this app. i installed hinge instead, and within a few hours already got my first match.","i first installed bumble in 2024, i had the app for 2 days and had over 250+ people who swiped on me, and 6 out of the 7 people i swiped right on matched with me. i installed the app again 2 days ago and have zero people who swiped on me and zero matches. something scummy is clearly happening behind the scenes of this app. i installed hinge instead, and within a few hours already got my first match.",,,,,1,1,0.4019,0.033,0,0.967,positive
google_play,2026-03-29,,"This apps would be so much better if the person's location was at the top of their profile, like on most other dating apps. Currently, you look through someone's profile then find out their location is not ideal for you. It would save so much time.","This apps would be so much better if the person's location was at the top of their profile, like on most other dating apps. Currently, you look through someone's profile then find out their location is not ideal for you. It would save so much time.",,,,,3,1,0.7847,0.196,0.051,0.753,positive
google_play,2026-03-29,,What ever happened to women make the first move?,What ever happened to women make the first move?,,,,,2,0,0,0,0,1,neutral
google_play,2026-03-28,,awesome app,awesome app,,,,,5,0,0.6249,0.804,0,0.196,positive
google_play,2026-03-28,,very bad and money grabbing,very bad and money grabbing,,,,,1,0,-0.5849,0,0.487,0.513,negative
google_play,2026-03-28,,"Terrible app. No matches at all. Even as a 6,3 athletic person, I'd expect at least a few matches, but it's clearly pay for play only: if that. I doubt paying for a boost would even do anything based on how poorly my base experience was. update: tried premium for a few months and it really is still terrible. few matches, most aren't real or anything close to what i want. those that are just ghost. waste of money. update. i did try for a year after response and waste of money and time.","Terrible app. No matches at all. Even as a 6,3 athletic person, I'd expect at least a few matches, but it's clearly pay for play only: if that. I doubt paying for a boost would even do anything based on how poorly my base experience was. update: tried premium for a few months and it really is still terrible. few matches, most aren't real or anything close to what i want. those that are just ghost. waste of money. update. i did try for a year after response and waste of money and time.",,,,,1,52,-0.8944,0.1,0.2,0.701,negative
google_play,2026-03-28,,"bro giving me a puzzle not even einstein can solve it, to prove that I am not a robot","bro giving me a puzzle not even einstein can solve it, to prove that I am not a robot",,,,,1,2,0.4939,0.198,0,0.802,positive
google_play,2026-03-28,,Hiding matches behind a paywall is slimy. 1 star is too good for this app. Never install,Hiding matches behind a paywall is slimy. 1 star is too good for this app. Never install,,,,,1,1,0.1779,0.144,0.109,0.746,positive
google_play,2026-03-28,,I hate this app I bought a premium then right after that my account got blocked.... right after I deleted this app for a few moments.,I hate this app I bought a premium then right after that my account got blocked.... right after I deleted this app for a few moments.,,,,,1,1,-0.7003,0,0.195,0.805,negative
google_play,2026-03-28,,Those jerks charged me for another month without my approval. I canceled my subscription back in February. There’s no one to talk to—they only have a stupid chatbot. That’s why I’ve disputed the transaction with my bank. I’ll keep you posted. Be careful.,Those jerks charged me for another month without my approval. I canceled my subscription back in February. There’s no one to talk to—they only have a stupid chatbot. That’s why I’ve disputed the transaction with my bank. I’ll keep you posted. Be careful.,,,,,1,1,-0.8969,0.031,0.278,0.692,negative
google_play,2026-03-28,,"tried to sign up for the first time, got blocked in the middle of signup process. support says the block is because i violated guidelines but I have never used the app before. terrible experience. going back to hinge and tinder","tried to sign up for the first time, got blocked in the middle of signup process. support says the block is because i violated guidelines but I have never used the app before. terrible experience. going back to hinge and tinder",,,,,1,1,-0.7906,0.039,0.206,0.755,negative
google_play,2026-03-28,,good and Saif life partner relationship with this is the best 👍,good and Saif life partner relationship with this is the best 👍,,,,,5,0,0.7964,0.392,0,0.608,positive
google_play,2026-03-28,,Worthless app,Worthless app,,,,,1,1,-0.4404,0,0.744,0.256,negative
google_play,2026-03-28,,very good best friend platform 💝💝💝💝💝,very good best friend platform 💝💝💝💝💝,,,,,5,0,0.9874,0.728,0,0.272,positive
google_play,2026-03-28,,"It might sound really weird at first but it really does the trick to find several matches. Compared to the few I tried, Bumble works great.🤝","It might sound really weird at first but it really does the trick to find several matches. Compared to the few I tried, Bumble works great.🤝",,,,,4,0,0.666,0.172,0.097,0.731,positive
google_play,2026-03-28,,"it started to suggest to me all the weird ppl across the globe! It also shows me ppl from iut of state instead of ppl from my state. Never using this app again. Definitely going outside more to meet guys, this app is designed to keep you single!!","it started to suggest to me all the weird ppl across the globe! It also shows me ppl from iut of state instead of ppl from my state. Never using this app again. Definitely going outside more to meet guys, this app is designed to keep you single!!",,,,,1,1,0.4359,0.07,0.033,0.897,positive
google_play,2026-03-28,,"according to my experience not only bumble dating app in every dating app almost 99 percent of people are looking for just fun and ons , to get temperory happiness and enjoying, mostly married people are using a lot , some are fake profiles. i don't know with what intention the one who is creating these apps are meant to be but mostly people are not using for good purpose not using for meaningful purpose, taking disadvantage of these apps .","according to my experience not only bumble dating app in every dating app almost 99 percent of people are looking for just fun and ons , to get temperory happiness and enjoying, mostly married people are using a lot , some are fake profiles. i don't know with what intention the one who is creating these apps are meant to be but mostly people are not using for good purpose not using for meaningful purpose, taking disadvantage of these apps .",,,,,1,1,-0.6189,0.089,0.122,0.789,negative
google_play,2026-03-28,,fake likes! Just the same type of women,fake likes! Just the same type of women,,,,,1,2,-0.1511,0.23,0.278,0.492,negative
google_play,2026-03-28,,"the app itself is smooth and functions well with my cellphone (android). It has redundancies built in, so you can swipe or click for the same function and both are intuitive. the paid versions are still kinda pricey for the services offered, but more affordable than competitors (eg, PinkCupid)","the app itself is smooth and functions well with my cellphone (android). It has redundancies built in, so you can swipe or click for the same function and both are intuitive. the paid versions are still kinda pricey for the services offered, but more affordable than competitors (eg, PinkCupid)",,,,,4,1,0.1406,0.031,0,0.969,positive
google_play,2026-03-28,,Your app is too much slow👎🏻👎🏻👎🏻,Your app is too much slow👎🏻👎🏻👎🏻,,,,,1,1,0,0,0,1,neutral
google_play,2026-03-28,,"App says I have matches, but, I look and I don't have any. Is this just a glitch or is it to get me to go onto your app? Chatted with someone I'm convinced is a bot because the responses I got were either one word or a single sentence. App needs work and less reliance on the woman contacting you, ghosting you over literally nothing, which isn't inherently the apps fault, but the premise behind it is at fault. I have no reason to change my review, because if I did, I'd be disingenuous.","App says I have matches, but, I look and I don't have any. Is this just a glitch or is it to get me to go onto your app? Chatted with someone I'm convinced is a bot because the responses I got were either one word or a single sentence. App needs work and less reliance on the woman contacting you, ghosting you over literally nothing, which isn't inherently the apps fault, but the premise behind it is at fault. I have no reason to change my review, because if I did, I'd be disingenuous.",,,,,1,3,-0.7096,0.048,0.094,0.858,negative
google_play,2026-03-28,,"This dating app is ridiculous. I have to pay for premium to see who has liked my profile. And the suggestions that pop up, I can't even select without paying more. Dating is already hard as it is. This app made it damn near impossible. Very disappointed.","This dating app is ridiculous. I have to pay for premium to see who has liked my profile. And the suggestions that pop up, I can't even select without paying more. Dating is already hard as it is. This app made it damn near impossible. Very disappointed.",,,,,2,1,-0.7645,0.051,0.206,0.743,negative
google_play,2026-03-28,,"the app has made some recent decisions that totally made the app garbage. Paying for boosting profits? forget about it. It used to wor, not anymore","the app has made some recent decisions that totally made the app garbage. Paying for boosting profits? forget about it. It used to wor, not anymore",,,,,1,1,0.5267,0.175,0.063,0.762,positive
google_play,2026-03-28,,At one point there was a reason to use this app. Those days are long gone. Now it's run by toxic people who want to make dating as toxic as they are.,At one point there was a reason to use this app. Those days are long gone. Now it's run by toxic people who want to make dating as toxic as they are.,,,,,1,1,0.0772,0.04,0,0.96,positive
google_play,2026-03-28,,"What a waste of time, not such a good app","What a waste of time, not such a good app",,,,,1,1,-0.6377,0,0.394,0.606,negative
google_play,2026-03-28,,"I can't even create a new profile anymore, and all the ""get help"" options are from your profile, which I don't have anymore 😅. The app and the web page forces you to use cell phone verification to create a new account but I never receive the code to get further. When swapping to ""get call"" instead, when I enter the last 6 digits of the phone number, it still doesn't work. I guess for the remainder of my stay in Germany I'm out of luck. Back to Tinder and Hinge I guess.","I can't even create a new profile anymore, and all the ""get help"" options are from your profile, which I don't have anymore 😅. The app and the web page forces you to use cell phone verification to create a new account but I never receive the code to get further. When swapping to ""get call"" instead, when I enter the last 6 digits of the phone number, it still doesn't work. I guess for the remainder of my stay in Germany I'm out of luck. Back to Tinder and Hinge I guess.",,,,,1,2,0.7085,0.087,0.029,0.884,positive
google_play,2026-03-28,,good 👍 it's amazing,good 👍 it's amazing,,,,,5,0,0.7717,0.691,0,0.309,positive
google_play,2026-03-28,,"I paid for 1week. before that I leant that I can see who like me, send message n likes. I made the payment but after that when I go to setting n choose advance filters, I cant choose anything ( looks like you have a pending payment, check your bumble etc etc ) oh my god so now I have to pay more for the advance filters to choose???","I paid for 1week. before that I leant that I can see who like me, send message n likes. I made the payment but after that when I go to setting n choose advance filters, I cant choose anything ( looks like you have a pending payment, check your bumble etc etc ) oh my god so now I have to pay more for the advance filters to choose???",,,,,1,2,0.8171,0.133,0.021,0.846,positive
google_play,2026-03-28,,"Your human verification is broken. No code is sent. No call comes through. ""use Google"" simply says ""no account exists."" I'll take my business elsewhere.","Your human verification is broken. No code is sent. No call comes through. ""use Google"" simply says ""no account exists."" I'll take my business elsewhere.",,,,,1,64,-0.7579,0,0.254,0.746,negative
google_play,2026-03-28,,"Fake accounts, everywhere. 100% as soon as I went to cancel my subscription, Bumble sent me multiple likes from decent women, which none of them replied. Even after talking to matches, I notice that the conversations are deleted after about 24-48hrs so that you dont have the chance to report the account. Management knows it, becos this complaint has been 5yrs old from other users.","Fake accounts, everywhere. 100% as soon as I went to cancel my subscription, Bumble sent me multiple likes from decent women, which none of them replied. Even after talking to matches, I notice that the conversations are deleted after about 24-48hrs so that you dont have the chance to report the account. Management knows it, becos this complaint has been 5yrs old from other users.",,,,,1,1,-0.6747,0.039,0.129,0.832,negative
google_play,2026-03-28,,"Did not understand the comment policy like if we match , only one can send the message first and other have to wait. Even for premium users. Really disappointed","Did not understand the comment policy like if we match , only one can send the message first and other have to wait. Even for premium users. Really disappointed",,,,,1,1,-0.2247,0.076,0.103,0.821,negative
google_play,2026-03-28,,"Just got the app,someone liked me but I need to buy premium to see","Just got the app,someone liked me but I need to buy premium to see",,,,,1,1,0.2263,0.128,0,0.872,positive
google_play,2026-03-28,,likes and rpl no response and most profiles are fake,likes and rpl no response and most profiles are fake,,,,,2,1,-0.4144,0.182,0.362,0.456,negative
google_play,2026-03-27,,faltu lgi mujhe to without subscribing not to alow,faltu lgi mujhe to without subscribing not to alow,,,,,1,1,0,0,0,1,neutral
google_play,2026-03-27,,"awful app. I have 19 likes and they just won't show me them to swipe. it's been 2 months, my likes are piling up but I never get to swipe them. Then AI chat says to buy the premium so I can see them. stay away or pay your way.","awful app. I have 19 likes and they just won't show me them to swipe. it's been 2 months, my likes are piling up but I never get to swipe them. Then AI chat says to buy the premium so I can see them. stay away or pay your way.",,,,,1,2,0.0516,0.071,0.067,0.861,positive
google_play,2026-03-27,,"To see who likes you, $50 for a month. $250 for lifetime. $30 for a single week. That's just the lowest tier. Dating has officially become a pay to play experience. The app is good, but pricing on common sense features are damn near criminal. Y'all shouldn't be charging (metaphorically) a whole organ for features that shouldn't even come at a cost to begin with. It's not just bumble. it's everything now.","To see who likes you, $50 for a month. $250 for lifetime. $30 for a single week. That's just the lowest tier. Dating has officially become a pay to play experience. The app is good, but pricing on common sense features are damn near criminal. Y'all shouldn't be charging (metaphorically) a whole organ for features that shouldn't even come at a cost to begin with. It's not just bumble. it's everything now.",,,,,3,2,-0.765,0.068,0.136,0.796,negative
google_play,2026-03-27,,"I live near an airport and it has rendered this app nearly unusable. I have my distance limits set to 25 miles. Unfortunately, anytime a traveler opens the app at the airport, the system sees them as an exciting new option and pushes them to my Discover. Unfortunately, this means that most people that I get to see on the app live hundreds to thousands of miles away, in spite of my settings. There isn't really a resolution to this.","I live near an airport and it has rendered this app nearly unusable. I have my distance limits set to 25 miles. Unfortunately, anytime a traveler opens the app at the airport, the system sees them as an exciting new option and pushes them to my Discover. Unfortunately, this means that most people that I get to see on the app live hundreds to thousands of miles away, in spite of my settings. There isn't really a resolution to this.",,,,,1,10,-0.6124,0.037,0.094,0.87,negative
google_play,2026-03-27,,Got banned for posting shirtless photo in my gym. 😅Had some cute ladies in their swimsuits to check out though. I'll give it a star.,Got banned for posting shirtless photo in my gym. 😅Had some cute ladies in their swimsuits to check out though. I'll give it a star.,,,,,1,1,0.3612,0.159,0.087,0.754,positive
google_play,2026-03-27,,"5 matches in a row expired without the other person responding to a thoughtful opener. I don't believe Bumble is notifying people of new matches, probably so it can tell them later and charge them to reconnect. Attempts to talk to customer service are met with infuriating AI responses. So tired.","5 matches in a row expired without the other person responding to a thoughtful opener. I don't believe Bumble is notifying people of new matches, probably so it can tell them later and charge them to reconnect. Attempts to talk to customer service are met with infuriating AI responses. So tired.",,,,,1,2,-0.6748,0.045,0.124,0.831,negative
google_play,2026-03-27,,"Good idea bad execution. 24 to 48 hours is not enough time for people to respond. I've had multiple swipes that all lead to nothing. No response. Even if I boosted by 24 hours. Are they bots? I don't know. 2026 update. this app is generally awful. they send you fake likes for you to keep swiping. for the fun of it, I've tried flipping about 20 times and none of my Three likes has not shown up yet. legitimately one of the worst dating apps next to tinder","Good idea bad execution. 24 to 48 hours is not enough time for people to respond. I've had multiple swipes that all lead to nothing. No response. Even if I boosted by 24 hours. Are they bots? I don't know. 2026 update. this app is generally awful. they send you fake likes for you to keep swiping. for the fun of it, I've tried flipping about 20 times and none of my Three likes has not shown up yet. legitimately one of the worst dating apps next to tinder",,,,,1,1,0.125,0.149,0.126,0.726,positive
google_play,2026-03-27,,"I tried it for 3 days and completed the verification but I couldn't verify if the app is real or full of bots. I believe I should be able to test it out first, use messages, then upgrade to benefit from the app. None of these options is available and therefore I don't recommend installing it.","I tried it for 3 days and completed the verification but I couldn't verify if the app is real or full of bots. I believe I should be able to test it out first, use messages, then upgrade to benefit from the app. None of these options is available and therefore I don't recommend installing it.",,,,,2,0,0.3259,0.066,0.044,0.89,positive
google_play,2026-03-27,,ad and bot farm. you will be invisible on this app,ad and bot farm. you will be invisible on this app,,,,,1,1,0,0,0,1,neutral
google_play,2026-03-27,,matches expire when not looking at the app for a day: bad design,matches expire when not looking at the app for a day: bad design,,,,,1,1,-0.5423,0,0.226,0.774,negative
google_play,2026-03-27,,Horrible experience and waste of time. I've edited my profile multiple times and no matches with anyone at all. I'm sick and done with dating in this era!!!,Horrible experience and waste of time. I've edited my profile multiple times and no matches with anyone at all. I'm sick and done with dating in this era!!!,,,,,1,1,-0.9131,0,0.346,0.654,negative
google_play,2026-03-27,,waste of time,waste of time,,,,,1,1,-0.4215,0,0.583,0.417,negative
google_play,2026-03-27,,can't do anything really unless you pay,can't do anything really unless you pay,,,,,2,1,-0.1689,0,0.217,0.783,negative
google_play,2026-03-26,,"Had one temporary relationship out of this app. Since rejoining the app, the recommendations have been wildly off my preference. People I have met up with have misrepresented themselves on their profile. I'm using the app less and less simply because it's wasting my time. I have the free version and I don't recommend ever paying for this. The algorithm isn't as good as it was. Don't waste your time or money.","Had one temporary relationship out of this app. Since rejoining the app, the recommendations have been wildly off my preference. People I have met up with have misrepresented themselves on their profile. I'm using the app less and less simply because it's wasting my time. I have the free version and I don't recommend ever paying for this. The algorithm isn't as good as it was. Don't waste your time or money.",,,,,2,9,-0.1491,0.071,0.09,0.839,negative
google_play,2026-03-26,,"money grab app, the people that ""like me"" never shows up in my algorithm so you're just swiping 25 times a day to get no match. kinda of annoying really reminds me of those idle games where you're just waiting for the time to be up to start swiping again. all these dating apps are starting to be the same. infinite swiping until you pay money.","money grab app, the people that ""like me"" never shows up in my algorithm so you're just swiping 25 times a day to get no match. kinda of annoying really reminds me of those idle games where you're just waiting for the time to be up to start swiping again. all these dating apps are starting to be the same. infinite swiping until you pay money.",,,,,1,3,-0.3657,0.035,0.085,0.879,negative
google_play,2026-03-26,,"Bumble is way too expensive for what it offers. Too many basic features are locked behind a paywall, which makes the app feel more like a money grab than something designed to help people connect. It’s not hard to use, but it’s just not worth the cost.","Bumble is way too expensive for what it offers. Too many basic features are locked behind a paywall, which makes the app feel more like a money grab than something designed to help people connect. It’s not hard to use, but it’s just not worth the cost.",,,,,1,1,0.2253,0.098,0.04,0.862,positive
google_play,2026-03-26,,gonna change rating to 5 stars cause of the epic customer support team who solved all the issues under the day.,gonna change rating to 5 stars cause of the epic customer support team who solved all the issues under the day.,,,,,5,0,0.5859,0.202,0,0.798,positive
google_play,2026-03-25,,only credible app so far... here in Pakistan 🇵🇰🤟🏻🤘🏻🎶🤟🏻,only credible app so far... here in Pakistan 🇵🇰🤟🏻🤘🏻🎶🤟🏻,,,,,5,0,0,0,0,1,neutral
google_play,2026-03-25,,Never had a bumble account. instant rejection when number was put in. Disappointed,Never had a bumble account. instant rejection when number was put in. Disappointed,,,,,1,1,-0.743,0.073,0.369,0.559,negative
google_play,2026-03-25,,I cant decide which worst tinder or bumble.Both suck. Meaningless apps & waste of time. 0 stars,I cant decide which worst tinder or bumble.Both suck. Meaningless apps & waste of time. 0 stars,,,,,1,1,-0.6492,0.132,0.345,0.522,negative
google_play,2026-03-25,,"perfect so far, just expensive.","perfect so far, just expensive.",,,,,5,0,0.5719,0.481,0,0.519,positive
google_play,2026-03-25,,This app has in recent weeks become totally saturated with fake profiles and bots. 95% of my people are these fake profiles and nothing seems to be being done to end this madness. I have paid for this app and I am basically paying to be bombarded by AI generated profiles and so painfully obviously so. sort it out Bumble. It's embarrassing at this point.,This app has in recent weeks become totally saturated with fake profiles and bots. 95% of my people are these fake profiles and nothing seems to be being done to end this madness. I have paid for this app and I am basically paying to be bombarded by AI generated profiles and so painfully obviously so. sort it out Bumble. It's embarrassing at this point.,,,,,1,3,-0.9502,0,0.219,0.781,negative
google_play,2026-03-25,,Bumble is a Scam. I Subscribed to Bumble and purchased a boost days ago and so far I only have two likes and two views. And I'm a good looking guy. Not even 500 pound ugly woman are viewing and liking my profile. Total scam. This app should be removed from Google Play store. ▶️,Bumble is a Scam. I Subscribed to Bumble and purchased a boost days ago and so far I only have two likes and two views. And I'm a good looking guy. Not even 500 pound ugly woman are viewing and liking my profile. Total scam. This app should be removed from Google Play store. ▶️,,,,,1,2,0.4417,0.215,0.149,0.636,positive
google_play,2026-03-25,,"App was fine, and basically the same as tinder since they did away with the main differentiator anyway. My issue is with their predatory billing (yeah, wish I hadn't ever paid in the first place, but oh well). Is it in their terms and conditions that they never have to refund? of course, but many companies have the decency to still do so if you speak with them promptly. Bumble won't even consider it when you contact them in less than 5 minutes after the notification of an automated charge.","App was fine, and basically the same as tinder since they did away with the main differentiator anyway. My issue is with their predatory billing (yeah, wish I hadn't ever paid in the first place, but oh well). Is it in their terms and conditions that they never have to refund? of course, but many companies have the decency to still do so if you speak with them promptly. Bumble won't even consider it when you contact them in less than 5 minutes after the notification of an automated charge.",,,,,1,3,0.6705,0.08,0,0.92,positive
google_play,2026-03-25,,"paid for premium, cannot even use the basic functionality. all my contacts got deleted and now its impossible to speak to anyone to resolve the issue","paid for premium, cannot even use the basic functionality. all my contacts got deleted and now its impossible to speak to anyone to resolve the issue",,,,,1,2,0.3818,0.094,0,0.906,positive
google_play,2026-03-25,,Most toxic and pretentious dating app of them all,Most toxic and pretentious dating app of them all,,,,,1,1,0,0,0,1,neutral
google_play,2026-03-25,,"This app is ridiculous, I tried to create a account and it tells me I'm ""underage"" when I have never put in my birth date. I don't recommend this app at all","This app is ridiculous, I tried to create a account and it tells me I'm ""underage"" when I have never put in my birth date. I don't recommend this app at all",,,,,1,1,-0.3632,0.059,0.129,0.812,negative
google_play,2026-03-25,,it's okay if this app free spotlight I am more than happy for this app,it's okay if this app free spotlight I am more than happy for this app,,,,,5,0,0.8473,0.433,0,0.567,positive
google_play,2026-03-25,,seems okay 👍,seems okay 👍,,,,,5,0,0.2263,0.388,0,0.612,positive
google_play,2026-03-25,,fake I am not interested 😡😡,fake I am not interested 😡😡,,,,,1,0,-0.6551,0,0.434,0.566,negative
google_play,2026-03-25,,very bad service,very bad service,,,,,1,0,-0.5849,0,0.655,0.345,negative
google_play,2026-03-25,,Just another app that fails to match you with people like you.,Just another app that fails to match you with people like you.,,,,,1,1,-0.0772,0.163,0.183,0.654,negative
google_play,2026-03-25,,need more from kerala,need more from kerala,,,,,3,0,0,0,0,1,neutral
google_play,2026-03-25,,"Tried this for a few weeks, but everything - even seeing who likes you - is stuck behind a paywall. Like... come on. I want basic features like messaging, at least, before deciding if it's worth it to pay.","Tried this for a few weeks, but everything - even seeing who likes you - is stuck behind a paywall. Like... come on. I want basic features like messaging, at least, before deciding if it's worth it to pay.",,,,,2,1,0.872,0.279,0.082,0.639,positive
google_play,2026-03-25,,"By default you can't see who likes you? Absolutely abysmal considering you're trying to meet people. You have to pay for the privilege just to see who likes you, to have a conversation. That should be bare minimum allowed on any basic account, but I have to buy premium just to see that. Especially since there's no guarantee you'll like who likes you back, it feels like a cash grab. You have to reference in your bio someplace else to have conversations. It defeats the purpose of the app; dating.","By default you can't see who likes you? Absolutely abysmal considering you're trying to meet people. You have to pay for the privilege just to see who likes you, to have a conversation. That should be bare minimum allowed on any basic account, but I have to buy premium just to see that. Especially since there's no guarantee you'll like who likes you back, it feels like a cash grab. You have to reference in your bio someplace else to have conversations. It defeats the purpose of the app; dating.",,,,,1,1,0.8084,0.148,0.077,0.775,positive
google_play,2026-03-25,,Cannot verify phone. never received message with code.,Cannot verify phone. never received message with code.,,,,,1,1,0,0,0,1,neutral
google_play,2026-03-25,,"I wanted to like the app, and I've caved on so many occasions and paid for premium only to realise its a total waste of time. I have actually found Tinder to be far better and a much more engaged community of people who do actually want to meet for a date. I am constantly getting likes from guys hundreds of miles away or ones who haven't got the same dating preferences as mine. I'd say if you're looking for a good dating app, believe it or Tinder is probably your best bet.","I wanted to like the app, and I've caved on so many occasions and paid for premium only to realise its a total waste of time. I have actually found Tinder to be far better and a much more engaged community of people who do actually want to meet for a date. I am constantly getting likes from guys hundreds of miles away or ones who haven't got the same dating preferences as mine. I'd say if you're looking for a good dating app, believe it or Tinder is probably your best bet.",,,,,1,2,0.9382,0.182,0.029,0.789,positive
google_play,2026-03-25,,perfect I love it,perfect I love it,,,,,5,0,0.836,0.798,0,0.202,positive
google_play,2026-03-25,,for an app that started as a way to let women make the first move they sure are adding a lot of new ways for men to make the first move anyway,for an app that started as a way to let women make the first move they sure are adding a lot of new ways for men to make the first move anyway,,,,,2,1,0.3182,0.069,0,0.931,positive
google_play,2026-03-25,,by far the worst of the dating services. The app seems decent just a shame about the mk eye grabbing back end behind it. As a guy you will be very lucky to get any replies. People will like you and then just never message you back which is ridiculous. Stay away.,by far the worst of the dating services. The app seems decent just a shame about the mk eye grabbing back end behind it. As a guy you will be very lucky to get any replies. People will like you and then just never message you back which is ridiculous. Stay away.,,,,,1,1,-0.6258,0.09,0.156,0.754,negative
google_play,2026-03-25,,no chat call only we can like others totaly bikbash app,no chat call only we can like others totaly bikbash app,,,,,1,1,0.0772,0.182,0.161,0.657,positive
google_play,2026-03-25,,"dont buy spotlight, it doesn't work at all","dont buy spotlight, it doesn't work at all",,,,,1,1,0,0,0,1,neutral
google_play,2026-03-25,,Full of photo verified fake profiles.,Full of photo verified fake profiles.,,,,,1,1,-0.4767,0,0.383,0.617,negative
google_play,2026-03-25,,this app doesn't even work i already paid a subscription . dont even bother to try it or download this app dont waist your time and real money 😤.,this app doesn't even work i already paid a subscription . dont even bother to try it or download this app dont waist your time and real money 😤.,,,,,1,1,0.2584,0.06,0,0.94,positive
google_play,2026-03-25,,"It's a scam, i'm still single","It's a scam, i'm still single",,,,,1,1,-0.5719,0,0.425,0.575,negative
google_play,2026-03-25,,WORST APP. SO SLOW TO LOAD PROFILES AND STUFF. LEARN SOMETHING FROM TINDER.,WORST APP. SO SLOW TO LOAD PROFILES AND STUFF. LEARN SOMETHING FROM TINDER.,,,,,1,1,-0.6249,0,0.255,0.745,negative
google_play,2026-03-25,,They'll never message you.,They'll never message you.,,,,,1,1,0,0,0,1,neutral
google_play,2026-03-25,,"so far, so good... I will keep u updated!! 💋","so far, so good... I will keep u updated!! 💋",,,,,5,0,0.8154,0.453,0,0.547,positive
google_play,2026-03-24,,crashes all the time..,crashes all the time..,,,,,2,0,0,0,0,1,neutral
google_play,2026-03-24,,"limited amount of likes. tons of bots. and of course not being able to see who swipes back. would be great if it had interest in user's needs or feedback. but all they do is change the categories for dating and compliments to ""notes"".","limited amount of likes. tons of bots. and of course not being able to see who swipes back. would be great if it had interest in user's needs or feedback. but all they do is change the categories for dating and compliments to ""notes"".",,,,,2,1,0.8201,0.198,0.029,0.773,positive
google_play,2026-03-24,,so many bots,so many bots,,,,,1,1,0,0,0,1,neutral
google_play,2026-03-24,,"They be banning accounts no reasons now, fix it.","They be banning accounts no reasons now, fix it.",,,,,1,1,-0.296,0,0.216,0.784,negative
google_play,2026-03-24,,nothing happening,nothing happening,,,,,1,1,0,0,0,1,neutral
google_play,2026-03-24,,"you aren't going to meet people realistically, keep that in mind and you won't be disappointed.","you aren't going to meet people realistically, keep that in mind and you won't be disappointed.",,,,,2,2,0.3724,0.145,0,0.855,positive
google_play,2026-03-24,,"The 2nd day of use has experienced a request to upload photos for privacy, after spending quite a long time finally I can upload and log in my acc. The 3rd day my acc was blocked again on the grounds that I violated the rules, I don't understand where my mistake is, until now my acc is blocked, it's really tiring just taking care of logging in there is no solution to the problem, even though I have emailed the bumble center. Sorry I have to say I don't recommend this appl, I paid but can't enjoy","The 2nd day of use has experienced a request to upload photos for privacy, after spending quite a long time finally I can upload and log in my acc. The 3rd day my acc was blocked again on the grounds that I violated the rules, I don't understand where my mistake is, until now my acc is blocked, it's really tiring just taking care of logging in there is no solution to the problem, even though I have emailed the bumble center. Sorry I have to say I don't recommend this appl, I paid but can't enjoy",,,,,1,5,-0.8548,0.02,0.156,0.824,negative
google_play,2026-03-24,,24 hours to reply?,24 hours to reply?,,,,,1,0,0,0,0,1,neutral
google_play,2026-03-24,,"THE MOST USELESS APP, WITH GREAT RESTRICTIONS. AND NO REASONS. .. YOU CAN GET BLOCKED. STUPID SERVICE.. BAKWAS DATING APP.","THE MOST USELESS APP, WITH GREAT RESTRICTIONS. AND NO REASONS. .. YOU CAN GET BLOCKED. STUPID SERVICE.. BAKWAS DATING APP.",,,,,1,0,-0.8633,0.141,0.422,0.437,negative
google_play,2026-03-24,,"It's Just A Bunch Of Ugly People, I Would Not Use This App","It's Just A Bunch Of Ugly People, I Would Not Use This App",,,,,1,0,-0.5106,0,0.216,0.784,negative
google_play,2026-03-24,,"Money obsessed. Bumble knows its losing business, who they keep increasing their membership price every few months. A week membership costed $14 around 6 years ago and NOW it's $30. Be fr, Bumble. This app sucks already and you're going to be money hungry on top of that.","Money obsessed. Bumble knows its losing business, who they keep increasing their membership price every few months. A week membership costed $14 around 6 years ago and NOW it's $30. Be fr, Bumble. This app sucks already and you're going to be money hungry on top of that.",,,,,1,0,-0.6124,0.034,0.129,0.837,negative
google_play,2026-03-24,,fantastic 😍,fantastic 😍,,,,,5,0,0.765,0.688,0,0.312,positive
google_play,2026-03-24,,omg they blocked my account without prior notification. they didn't even refund my subscription payment. it's not even 24hrs after downloading the app. gosh,omg they blocked my account without prior notification. they didn't even refund my subscription payment. it's not even 24hrs after downloading the app. gosh,,,,,1,0,-0.2732,0,0.084,0.916,negative
google_play,2026-03-24,,please unblock Me from your app because I'm over 18 years old and I can definitely prove it to you,please unblock Me from your app because I'm over 18 years old and I can definitely prove it to you,,,,,2,0,0.6124,0.217,0,0.783,positive
google_play,2026-03-24,,Sy suka sngat sngat..,Sy suka sngat sngat..,,,,,5,0,0,0,0,1,neutral
google_play,2026-03-24,,you security codes are way too complex and long at times it ends up not working I can't use a different number to open a new account please you guys should make the use of emails to open new account an option terrible service from y'all I'd give a half star if I could smh 😮‍💨,you security codes are way too complex and long at times it ends up not working I can't use a different number to open a new account please you guys should make the use of emails to open new account an option terrible service from y'all I'd give a half star if I could smh 😮‍💨,,,,,1,1,-0.1027,0.089,0.08,0.831,negative
google_play,2026-03-24,,"dispute of paid member not a single response , not recommended. also no help is available from this app. better to avoid this app.","dispute of paid member not a single response , not recommended. also no help is available from this app. better to avoid this app.",,,,,1,0,-0.5927,0.095,0.285,0.62,negative
google_play,2026-03-24,,need a payment plan to see who liked you. waste of time. should give some trials atleast or daily likes,need a payment plan to see who liked you. waste of time. should give some trials atleast or daily likes,,,,,1,0,0.4215,0.22,0.11,0.669,positive
google_play,2026-03-24,,You jackasses blocked my account for no reason and won't let me create a new one all because some idiot who wanted money from me in return for favors went and reported me 😂 Funny how anti men and women this has become. goodbye dumb app,You jackasses blocked my account for no reason and won't let me create a new one all because some idiot who wanted money from me in return for favors went and reported me 😂 Funny how anti men and women this has become. goodbye dumb app,,,,,1,0,-0.8754,0.127,0.303,0.57,negative
google_play,2026-03-24,,"aplikasi nya ribet banget, mau daftar harus main puzzle dan tebak lagu, kalah sama aplikasi lain yang mempermudahkan anggota. ini mah aplikasi ribet","aplikasi nya ribet banget, mau daftar harus main puzzle dan tebak lagu, kalah sama aplikasi lain yang mempermudahkan anggota. ini mah aplikasi ribet",,,,,1,0,0,0,0,1,neutral
google_play,2026-03-24,,worst dating app. don't waste time this app ask money subscription 499 for 3 months but after subscription again ask for ₹ 999 for comment on Post or chat. very bad app👎👎👎👎👎👎👎👎,worst dating app. don't waste time this app ask money subscription 499 for 3 months but after subscription again ask for ₹ 999 for comment on Post or chat. very bad app👎👎👎👎👎👎👎👎,,,,,1,0,-0.7949,0.031,0.142,0.827,negative
google_play,2026-03-24,,Totally retarded.,Totally retarded.,,,,,1,0,-0.6115,0,0.8,0.2,negative
google_play,2026-03-24,,"this app is SWARMING with undercover cops, psychologists, snitches, you say one wrong thing and you're cancelled...a hot guy like me can't meet people cause people get offended. back off..let people live. stop cancelling people and stopping them from doing their lives and meeting people.","this app is SWARMING with undercover cops, psychologists, snitches, you say one wrong thing and you're cancelled...a hot guy like me can't meet people cause people get offended. back off..let people live. stop cancelling people and stopping them from doing their lives and meeting people.",,,,,1,0,-0.7351,0.048,0.205,0.747,negative
google_play,2026-03-24,,"Absolutely the worst dating app out there. They charge insane monthly prices that you think covers everything...but NOPE. That's also limited then you need to shell out more money after that for basic things. Your profile is never seen, matches are trash, limited messages. I hope this rip off app goes under and dies on the vine. Far better ones out there for a fraction of the price if not free with better people to choose from.","Absolutely the worst dating app out there. They charge insane monthly prices that you think covers everything...but NOPE. That's also limited then you need to shell out more money after that for basic things. Your profile is never seen, matches are trash, limited messages. I hope this rip off app goes under and dies on the vine. Far better ones out there for a fraction of the price if not free with better people to choose from.",,,,,1,15,-0.7664,0.082,0.156,0.762,negative
google_play,2026-03-24,,"boring , they say you have people that wanna chat with you but they don't let those people on you pool for you ti match or miss them they stuck them , the numbers keeps on adding then someday there is non ...they're stingy with people how you run out of people to display ?","boring , they say you have people that wanna chat with you but they don't let those people on you pool for you ti match or miss them they stuck them , the numbers keeps on adding then someday there is non ...they're stingy with people how you run out of people to display ?",,,,,2,0,-0.8151,0,0.156,0.844,negative
google_play,2026-03-24,,not the tahi,not the tahi,,,,,1,0,0,0,0,1,neutral
google_play,2026-03-24,,"I canceled my subscription yesterday, yet it somehow automatically renewed today and now I’m being refused a refund. I’ve been paying for this service for over nine months, and this is incredibly disappointing. What makes it worse is that there’s no real customer support,just an AI bot that doesn’t actually help resolve anything. For a paid service, that’s unacceptable. Very, very poor experience overall. I’ve already told my friends who are on it to get off the app as well.","I canceled my subscription yesterday, yet it somehow automatically renewed today and now I’m being refused a refund. I’ve been paying for this service for over nine months, and this is incredibly disappointing. What makes it worse is that there’s no real customer support,just an AI bot that doesn’t actually help resolve anything. For a paid service, that’s unacceptable. Very, very poor experience overall. I’ve already told my friends who are on it to get off the app as well.",,,,,1,2,-0.8,0.107,0.18,0.713,negative
google_play,2026-03-24,,"Waste of time, no matches","Waste of time, no matches",,,,,1,0,-0.6124,0,0.625,0.375,negative
google_play,2026-03-24,,hard to navigate...i could not get in,hard to navigate...i could not get in,,,,,2,0,-0.1027,0,0.189,0.811,negative
google_play,2026-03-24,,This company doesn't care about you matching with anyone. They just want your money and high numbers. They will ban you using AI and give no real appeal.,This company doesn't care about you matching with anyone. They just want your money and high numbers. They will ban you using AI and give no real appeal.,,,,,1,2,-0.798,0.039,0.25,0.712,negative
google_play,2026-03-24,,Deleted this app today. The experience was worse as compared to other dating apps because in this app matching people is so delayed. In every action it asked to get a premium account and pay for frequent matches. I really don't like this app.,Deleted this app today. The experience was worse as compared to other dating apps because in this app matching people is so delayed. In every action it asked to get a premium account and pay for frequent matches. I really don't like this app.,,,,,1,0,-0.8116,0,0.19,0.81,negative
google_play,2026-03-24,,"Bumble is your definition of a ""pay-to-play"" dating app. Free is essentially useless. In the first 24 hours, you'll get a ton of ""matches"" you can't see unless you pay. I'm convinced that's done on purpose to take your money.","Bumble is your definition of a ""pay-to-play"" dating app. Free is essentially useless. In the first 24 hours, you'll get a ton of ""matches"" you can't see unless you pay. I'm convinced that's done on purpose to take your money.",,,,,1,1,0.4215,0.13,0.091,0.779,positive
google_play,2026-03-24,,"app works really well over years now, stable and fast. there is clever engagement but with free options is great to learn the app all that but you will want some premium things mid endgame to get decent try other wise it's very limiting and you don't try enough. Seems they keeping safe from bad actors, I will say the lowest I seen hands down least uncomfortable from them all. And by all means excellent support. refund I didn't expect/asked, issue resolved..but im just bad at datin, clearly dah","app works really well over years now, stable and fast. there is clever engagement but with free options is great to learn the app all that but you will want some premium things mid endgame to get decent try other wise it's very limiting and you don't try enough. Seems they keeping safe from bad actors, I will say the lowest I seen hands down least uncomfortable from them all. And by all means excellent support. refund I didn't expect/asked, issue resolved..but im just bad at datin, clearly dah",,,,,5,0,0.9796,0.327,0.101,0.572,positive
google_play,2026-03-23,,"usa seus spotlights (pagos) automáticamente, sem autorização","usa seus spotlights (pagos) automáticamente, sem autorização",,,,,1,0,0,0,0,1,neutral
google_play,2026-03-23,,even with Premium+ I haven't got a single match. I'm genuinely a pretty attractive guy.,even with Premium+ I haven't got a single match. I'm genuinely a pretty attractive guy.,,,,,1,1,0.7269,0.319,0,0.681,positive
google_play,2026-03-23,,"best site so far, there was a time when I gave it one star..they changed..they removed multiple fake profiles and now it's the cleanest dating site.. now I would just wish them more innovation and and engagement beyond online...that will eventually make solid advertising campaign...good job","best site so far, there was a time when I gave it one star..they changed..they removed multiple fake profiles and now it's the cleanest dating site.. now I would just wish them more innovation and and engagement beyond online...that will eventually make solid advertising campaign...good job",,,,,5,1,0.8832,0.25,0.054,0.696,positive
google_play,2026-03-23,,SCAM APPLICATION,SCAM APPLICATION,,,,,1,1,-0.5719,0,0.787,0.213,negative
google_play,2026-03-23,,"You have to pay to do basically anything. You can't see who likes you, you can't really message them, and you'd be better off using another app like Hinge.","You have to pay to do basically anything. You can't see who likes you, you can't really message them, and you'd be better off using another app like Hinge.",,,,,1,0,0.3956,0.158,0.109,0.732,positive
google_play,2026-03-23,,$40 a week and I can't do anything but see who sends a like ? This is why people are going to FB dating. companies ran by vultures,$40 a week and I can't do anything but see who sends a like ? This is why people are going to FB dating. companies ran by vultures,,,,,1,1,0.0772,0.101,0.092,0.807,positive
google_play,2026-03-23,,The app needs to be modified and find a way to ensure that everyone using it is serious as I dealt with many people who are not serious anymore and that wastes our time,The app needs to be modified and find a way to ensure that everyone using it is serious as I dealt with many people who are not serious anymore and that wastes our time,,,,,1,1,0.3658,0.106,0.036,0.858,positive
google_play,2026-03-23,,very expensive app. No matches found. free version is crab.. better you all go for tinder.,very expensive app. No matches found. free version is crab.. better you all go for tinder.,,,,,1,1,0.577,0.286,0.114,0.6,positive
google_play,2026-03-23,,"con this, used more than 15 boost in 2 days and not 1 like lol I'm sorry but I look good and my profile is fully polished absolute scandal","con this, used more than 15 boost in 2 days and not 1 like lol I'm sorry but I look good and my profile is fully polished absolute scandal",,,,,2,0,-0.1986,0.156,0.23,0.614,negative
google_play,2026-03-23,,waste of time.,waste of time.,,,,,1,0,-0.4215,0,0.583,0.417,negative
google_play,2026-03-23,,Really nice,Really nice,,,,,4,0,0.4754,0.756,0,0.244,positive
google_play,2026-03-23,,very bad app,very bad app,,,,,4,0,-0.5849,0,0.655,0.345,negative
google_play,2026-03-23,,"it has been 5 days i like all people but i didn't get a like from anyone, waste of time","it has been 5 days i like all people but i didn't get a like from anyone, waste of time",,,,,1,0,-0.6823,0.07,0.253,0.677,negative
google_play,2026-03-23,,"was decent 10 years ago, now you won't find a single woman that's actually single or real. 99% of profiles have professional photos that are clearly fake and you can go over 2 years without getting a match","was decent 10 years ago, now you won't find a single woman that's actually single or real. 99% of profiles have professional photos that are clearly fake and you can go over 2 years without getting a match",,,,,1,4,-0.1027,0.065,0.074,0.861,negative
google_play,2026-03-23,,"I been on for long time , enough to see how this online dating system works. There are lots of fake profiles, with today technology, you can scan people pictures and find their pictures on social media, and once you find them there ask them if they are on dating website, they'll tell you they are not. So I don't know if people who own these dating sites are doing this to get more people to sign on, or some scammer, but its not good at all.","I been on for long time , enough to see how this online dating system works. There are lots of fake profiles, with today technology, you can scan people pictures and find their pictures on social media, and once you find them there ask them if they are on dating website, they'll tell you they are not. So I don't know if people who own these dating sites are doing this to get more people to sign on, or some scammer, but its not good at all.",,,,,2,0,-0.6321,0,0.057,0.943,negative
google_play,2026-03-23,,Nothing but bots and fake accounts... They will have fake accounts match with you so you have to spend money to see who it is then it ends up being a fake account that never replies.,Nothing but bots and fake accounts... They will have fake accounts match with you so you have to spend money to see who it is then it ends up being a fake account that never replies.,,,,,1,2,-0.9253,0,0.274,0.726,negative
google_play,2026-03-23,,회원 가입후 한달동안 매칭이 되지 않습니다. 매칭이 되어도 상대방들이 답장을 보내지 않습니다. 앱자체내에 오류 또는 이상또는 회사에서 만든 고객유치를 위해 가짜계정으로가끔씩 메세지룰 보내고연락을 끊어버리는것 같습니다. 30일간 매칭되어 연락을 주고 받은 사람이 한명도 없고. 연락이와서 답장을 하면 그 상대방은 그뒤로 답변 없이 잠적 합다.,회원 가입후 한달동안 매칭이 되지 않습니다. 매칭이 되어도 상대방들이 답장을 보내지 않습니다. 앱자체내에 오류 또는 이상또는 회사에서 만든 고객유치를 위해 가짜계정으로가끔씩 메세지룰 보내고연락을 끊어버리는것 같습니다. 30일간 매칭되어 연락을 주고 받은 사람이 한명도 없고. 연락이와서 답장을 하면 그 상대방은 그뒤로 답변 없이 잠적 합다.,,,,,1,0,0,0,0,1,neutral
google_play,2026-03-23,,"Bumble is sneaky AF with charges now, they must not be doing very good if they have updated their terms without notifying users that any payment you make now will be auto renewed until you cancel. NO REFUNDS OR EXCEPTIONS, per them. I was unable to pay my bills this month because of them. Thanks Bumble! You're the absolute worst.","Bumble is sneaky AF with charges now, they must not be doing very good if they have updated their terms without notifying users that any payment you make now will be auto renewed until you cancel. NO REFUNDS OR EXCEPTIONS, per them. I was unable to pay my bills this month because of them. Thanks Bumble! You're the absolute worst.",,,,,1,3,-0.7672,0.084,0.202,0.714,negative
google_play,2026-03-23,,"Usually , I'm using that app . But I still found a soulmate .","Usually , I'm using that app . But I still found a soulmate .",,,,,3,0,0.7469,0.292,0,0.708,positive
google_play,2026-03-23,,Why is login so unnecessarily complicated? Why do we have to spend hours calculating numbers on pictures or listening to poorly recognizable audios just to sign in. There are better ways of verification. the current one is terrible.,Why is login so unnecessarily complicated? Why do we have to spend hours calculating numbers on pictures or listening to poorly recognizable audios just to sign in. There are better ways of verification. the current one is terrible.,,,,,1,0,-0.0516,0.069,0.074,0.857,negative
google_play,2026-03-23,,"Bumble is a massive waste of time. Way too many inactive profiles, half are foreign women from 1000s of miles away! They don't even make it easy to add compliments which are also way overpriced. Glad I'm not paying an annual fee. Putting trans 'women' into the women section is ridiculous. Bumble response given says it all. They think trans women are actually women. Bumble cares more about pretend women than providing a great app which works. Keeping this at 1 star until something changes!","Bumble is a massive waste of time. Way too many inactive profiles, half are foreign women from 1000s of miles away! They don't even make it easy to add compliments which are also way overpriced. Glad I'm not paying an annual fee. Putting trans 'women' into the women section is ridiculous. Bumble response given says it all. They think trans women are actually women. Bumble cares more about pretend women than providing a great app which works. Keeping this at 1 star until something changes!",,,,,1,3,0.8835,0.162,0.07,0.768,positive
google_play,2026-03-23,,"I'm tired of making the first move because too many men that I matched with didn't respond. I go to the effort of making my opening lines reflect the fact that I've read their bio and they just let it expire. Which leads me to suspect that a significant proportion of men using the app are swiping right on every profile without actually reading anything, then having a closer look when a match is made but can't be bothered responding if the bio doesn't appeal when they finally look at it.","I'm tired of making the first move because too many men that I matched with didn't respond. I go to the effort of making my opening lines reflect the fact that I've read their bio and they just let it expire. Which leads me to suspect that a significant proportion of men using the app are swiping right on every profile without actually reading anything, then having a closer look when a match is made but can't be bothered responding if the bio doesn't appeal when they finally look at it.",,,,,1,8,0.0754,0.041,0.038,0.922,positive
google_play,2026-03-23,,only fraudsters,only fraudsters,,,,,1,0,-0.5267,0,0.773,0.227,negative
google_play,2026-03-23,,it's a good experience sofar,it's a good experience sofar,,,,,5,0,0.4404,0.42,0,0.58,positive
google_play,2026-03-23,,I'm too excited for this app but find that very hard to verify my acc meanwhile i paid subscription for week. After i failed to verify my pics so many times it is stuck on retake pic and i can't even goes back to my profile n change filters on it. I wasted my money for this app. Not recommended at all. In other app they can verified me but this app.. nah.. no more back here. I regrets to spent my money for few mins after start this app and get nothing.,I'm too excited for this app but find that very hard to verify my acc meanwhile i paid subscription for week. After i failed to verify my pics so many times it is stuck on retake pic and i can't even goes back to my profile n change filters on it. I wasted my money for this app. Not recommended at all. In other app they can verified me but this app.. nah.. no more back here. I regrets to spent my money for few mins after start this app and get nothing.,,,,,1,1,-0.9644,0.016,0.21,0.774,negative
google_play,2026-03-23,,I enjoy this app,I enjoy this app,,,,,5,0,0.4939,0.516,0,0.484,positive
google_play,2026-03-23,,no one gets back l don't think I'm doing things right,no one gets back l don't think I'm doing things right,,,,,3,0,0.2023,0.211,0.155,0.634,positive
google_play,2026-03-23,,Won't let me make an account,Won't let me make an account,,,,,1,0,0,0,0,1,neutral
google_play,2026-03-23,,"conocí a una mujer 11/10, me encantó y a los 2-3 días de hacer match borré la app y no he vuelto a mirar atrás. recomendada total","conocí a una mujer 11/10, me encantó y a los 2-3 días de hacer match borré la app y no he vuelto a mirar atrás. recomendada total",,,,,5,0,-0.296,0,0.078,0.922,negative
google_play,2026-03-23,,Horrible recommendations,Horrible recommendations,,,,,2,3,-0.5423,0,0.778,0.222,negative
google_play,2026-03-23,,This has become as bad as Tinder. Aggressive monetization and no hope of getting any matches even on Premium. Starting to think there aren't any actual living humans on this app.,This has become as bad as Tinder. Aggressive monetization and no hope of getting any matches even on Premium. Starting to think there aren't any actual living humans on this app.,,,,,1,2,-0.7584,0,0.211,0.789,negative
google_play,2026-03-23,,very bad app.. cant get code when the first time i want make an account.. please dont waste ur time to install it,very bad app.. cant get code when the first time i want make an account.. please dont waste ur time to install it,,,,,1,2,0.0359,0.207,0.132,0.661,neutral
google_play,2026-03-22,,Can no longer filter by religion without paying premium. eNsh*tIfiCtIon,Can no longer filter by religion without paying premium. eNsh*tIfiCtIon,,,,,1,0,-0.296,0,0.196,0.804,negative
google_play,2026-03-22,,"Like most dating apps today, Bumble is on its last legs. I get maybe two matches per year, and they don't engage in conversation before the countdown elapses. There's no harm in using this app, but don't send them your money.","Like most dating apps today, Bumble is on its last legs. I get maybe two matches per year, and they don't engage in conversation before the countdown elapses. There's no harm in using this app, but don't send them your money.",,,,,2,2,0.2862,0.085,0.035,0.88,positive
google_play,2026-03-22,,"Was alright but suddenly started getting a massive wave of fake profiles. Super obvious, all have their clearly fake Snapchat as their opening question. Pathetic scam detector on Bumble's part.","Was alright but suddenly started getting a massive wave of fake profiles. Super obvious, all have their clearly fake Snapchat as their opening question. Pathetic scam detector on Bumble's part.",,,,,3,2,-0.875,0.201,0.355,0.444,negative
google_play,2026-03-22,,"is very much a scam, always baiting you with sales and paying to see your match. I have the exact same profile on hinge and get loads more matches where's bumble I always have 1 or 2 matches I will never discover. I understand the concept of paying for better success but you won't have any on bumble even after paying.","is very much a scam, always baiting you with sales and paying to see your match. I have the exact same profile on hinge and get loads more matches where's bumble I always have 1 or 2 matches I will never discover. I understand the concept of paying for better success but you won't have any on bumble even after paying.",,,,,1,2,0.2067,0.066,0.038,0.895,positive
google_play,2026-03-22,,"Doesn't load properly, matches won't load up, have to pay to see a match (correction, wont even load)","Doesn't load properly, matches won't load up, have to pay to see a match (correction, wont even load)",,,,,1,1,-0.1027,0,0.076,0.924,negative
google_play,2026-03-22,,Very disappointing- uninstalled!,Very disappointing- uninstalled!,,,,,1,0,-0.5838,0,0.654,0.346,negative
google_play,2026-03-22,,responses are somewhat quiet at times unless you spend lots of money,responses are somewhat quiet at times unless you spend lots of money,,,,,3,0,0,0,0,1,neutral
google_play,2026-03-22,,i dont think this app gives you any matches without any premium it feels just waste of time and energy,i dont think this app gives you any matches without any premium it feels just waste of time and energy,,,,,1,1,-0.1779,0.092,0.122,0.786,negative
google_play,2026-03-22,,hey bumble team make a option to review skip profile. hinge have this feature and it very much valuable,hey bumble team make a option to review skip profile. hinge have this feature and it very much valuable,,,,,3,0,0.5233,0.158,0,0.842,positive
google_play,2026-03-22,,free is unusable,free is unusable,,,,,1,0,0.5106,0.623,0,0.377,positive
google_play,2026-03-22,,"Nickel and Dime. ""Regular Premium"" had a cool feature that gave you a boost during peak hours but that was taken away. I subscribed but I can't anymore the value is being stripped away.","Nickel and Dime. ""Regular Premium"" had a cool feature that gave you a boost during peak hours but that was taken away. I subscribed but I can't anymore the value is being stripped away.",,,,,1,0,-0.0139,0.094,0.069,0.837,neutral
google_play,2026-03-22,,Please bring back 7pm speed dates,Please bring back 7pm speed dates,,,,,4,0,0.3182,0.315,0,0.685,positive
google_play,2026-03-22,,don't waste your time and money on it it's not worth it,don't waste your time and money on it it's not worth it,,,,,1,1,0.1695,0.167,0.119,0.714,positive
google_play,2026-03-22,,I shouldn't have to pay for someone to match with me and never text back,I shouldn't have to pay for someone to match with me and never text back,,,,,1,1,0.0762,0.085,0,0.915,positive
google_play,2026-03-22,,"Easier to set up a profile to describe yourself, but too many features are STUCK behind a paywall without disclosure. You can't see who liked you, go back to a profile you rejected, undisclosed limit on compliments and daily likes. Other apps allow this or are more transparen. Possibly the worst dating app I've used.","Easier to set up a profile to describe yourself, but too many features are STUCK behind a paywall without disclosure. You can't see who liked you, go back to a profile you rejected, undisclosed limit on compliments and daily likes. Other apps allow this or are more transparen. Possibly the worst dating app I've used.",,,,,2,0,-0.8441,0.143,0.225,0.633,negative
google_play,2026-03-22,,"I've had Bumble premium for 2 years now, and I can say it's a complete waste of $200. I've gotten maybe 2 or 3 likes since purchasing Premium. Not matches, LIKES. I've had better luck with the free version of Tinder.","I've had Bumble premium for 2 years now, and I can say it's a complete waste of $200. I've gotten maybe 2 or 3 likes since purchasing Premium. Not matches, LIKES. I've had better luck with the free version of Tinder.",,,,,1,2,0.745,0.228,0.108,0.664,positive
google_play,2026-03-22,,yeah you might match with a couple of people but good luck finding them without spending money,yeah you might match with a couple of people but good luck finding them without spending money,,,,,1,1,0.8573,0.403,0,0.597,positive
google_play,2026-03-22,,"Got my account blocked for alleged sexual harassment years ago. When making an appeal and asking to see the transcripts of whatever conversation it was that was inappropriate, they would not show them to me. They told me the only way they would release them to me is if I send them photos of my driver's license and passport, to steal my identity.","Got my account blocked for alleged sexual harassment years ago. When making an appeal and asking to see the transcripts of whatever conversation it was that was inappropriate, they would not show them to me. They told me the only way they would release them to me is if I send them photos of my driver's license and passport, to steal my identity.",,,,,1,5,-0.8316,0,0.128,0.872,negative
google_play,2026-03-22,,A place to behave transparently and will find others on the same page. Always audio or video before meeting in public space. I am new and have not found my soul mate but nice possibilities awaits honest romantics.,A place to behave transparently and will find others on the same page. Always audio or video before meeting in public space. I am new and have not found my soul mate but nice possibilities awaits honest romantics.,,,,,5,0,0.9253,0.283,0,0.717,positive
google_play,2026-03-22,,I am still a new user and am getting to know the app I don't know if it is going to work out if it does I will come back to give the remaining star,I am still a new user and am getting to know the app I don't know if it is going to work out if it does I will come back to give the remaining star,,,,,4,0,0,0,0,1,neutral
google_play,2026-03-22,,"The majority of users on this app (males) are exploited as resource catering to a niche ""dating market"" that in no way seeks to express real human connections in an interesting way, for males.","The majority of users on this app (males) are exploited as resource catering to a niche ""dating market"" that in no way seeks to express real human connections in an interesting way, for males.",,,,,1,3,-0.3612,0.069,0.134,0.797,negative
google_play,2026-03-22,,can't even have a picture with a J in a country where it's fully legal. how am I supposed to be honest to future partners?,can't even have a picture with a J in a country where it's fully legal. how am I supposed to be honest to future partners?,,,,,1,0,0.624,0.181,0,0.819,positive
google_play,2026-03-22,,Better quality of profiles,Better quality of profiles,,,,,5,0,0.4404,0.492,0,0.508,positive
google_play,2026-03-22,,it's 100% totally fake ...,it's 100% totally fake ...,,,,,1,0,-0.5256,0,0.459,0.541,negative
google_play,2026-03-22,,"The movement payment completed, the app stopped showing profiles. Wierd!","The movement payment completed, the app stopped showing profiles. Wierd!",,,,,1,0,-0.2942,0,0.196,0.804,negative
google_play,2026-03-22,,literally unusable unless you pay. you cannot look at a single match unless you pay for premium. it just tells you you have likes then hides them all behind a pay wall. how am I supposed to meet people if I literally cannot contact them without paying a minimum of $20? also 90% of guys on here are looking to hook up,literally unusable unless you pay. you cannot look at a single match unless you pay for premium. it just tells you you have likes then hides them all behind a pay wall. how am I supposed to meet people if I literally cannot contact them without paying a minimum of $20? also 90% of guys on here are looking to hook up,,,,,1,2,-0.0258,0.043,0.09,0.868,neutral
google_play,2026-03-22,,Paying doesn't guarantee positive results at all obviously and bumble has backtracked on the whole women text first. Girls make it obvious that it's more about getting attention than dating for them. it's a demeaning feeling to be honest.,Paying doesn't guarantee positive results at all obviously and bumble has backtracked on the whole women text first. Girls make it obvious that it's more about getting attention than dating for them. it's a demeaning feeling to be honest.,,,,,1,1,0.0351,0.108,0.105,0.787,neutral
google_play,2026-03-22,,"I'm not able to make any purchase from app and due to that I'm unable to connect with people. App is not allowing me to purchase and premium plan. I'm not able to understand what's the issue. Hence, I'm unable to use bumble at all.","I'm not able to make any purchase from app and due to that I'm unable to connect with people. App is not allowing me to purchase and premium plan. I'm not able to understand what's the issue. Hence, I'm unable to use bumble at all.",,,,,1,0,0,0,0,1,neutral
google_play,2026-03-22,,Mostly bots and you have to pay through the nose,Mostly bots and you have to pay through the nose,,,,,1,1,-0.1027,0,0.135,0.865,negative
google_play,2026-03-22,,"Always throttles profiles, not showing any after a few swipes, even on Premium+. I had set one (1) filter for people below a certain height, and it just kept showing me SUPER tall people: it showed me a few (like 3) short people, then automatically turned on the option to show outside filters, despite me turning it off beforehand. Is it a filter or an anti-filter? Then it ""ran out"" of profiles. In total it showed me like 10 profiles before the ""oops, no more people"" message. Never paying again.","Always throttles profiles, not showing any after a few swipes, even on Premium+. I had set one (1) filter for people below a certain height, and it just kept showing me SUPER tall people: it showed me a few (like 3) short people, then automatically turned on the option to show outside filters, despite me turning it off beforehand. Is it a filter or an anti-filter? Then it ""ran out"" of profiles. In total it showed me like 10 profiles before the ""oops, no more people"" message. Never paying again.",,,,,1,3,0.8602,0.119,0.022,0.859,positive
google_play,2026-03-22,,account banned lol,account banned lol,,,,,1,0,-0.0516,0.412,0.441,0.147,negative
google_play,2026-03-22,,makes you purchase for much use and won't show you likes unless subscribed. algorithm based likes,makes you purchase for much use and won't show you likes unless subscribed. algorithm based likes,,,,,1,1,0.12,0.146,0.122,0.732,positive
google_play,2026-03-21,,"this app has turned into the spammers paradise, sad that the moderators don't care about the shallow things women promote","this app has turned into the spammers paradise, sad that the moderators don't care about the shallow things women promote",,,,,2,1,-0.1351,0.226,0.276,0.498,negative
google_play,2026-03-21,,"Theres an issue with the bumble app. Im having to delete and re download as the app completely shuts down after several days. Never use to be an issue,just in last 3 months.","Theres an issue with the bumble app. Im having to delete and re download as the app completely shuts down after several days. Never use to be an issue,just in last 3 months.",,,,,3,0,0,0,0,1,neutral
google_play,2026-03-21,,Great site. Easy to use.,Great site. Easy to use.,,,,,5,0,0.7906,0.7,0,0.3,positive
google_play,2026-03-21,,FBI should shut you down.,FBI should shut you down.,,,,,1,3,0,0,0,1,neutral
google_play,2026-03-21,,"someone liked me went to go see who it was and got told I had to pay to see the person that liked me, fastest uninstall ever","someone liked me went to go see who it was and got told I had to pay to see the person that liked me, fastest uninstall ever",,,,,1,3,0.6369,0.181,0.045,0.774,positive
google_play,2026-03-21,,money for just liking and obviously for mssg,money for just liking and obviously for mssg,,,,,1,2,0.4019,0.278,0,0.722,positive
google_play,2026-03-21,,"App works okay but people on here are awful. Until that gets cleaned up (no Instagram promoters, scammers, inactive accounts, ghosting matches) there's no point to using the app.","App works okay but people on here are awful. Until that gets cleaned up (no Instagram promoters, scammers, inactive accounts, ghosting matches) there's no point to using the app.",,,,,1,2,-0.7469,0.042,0.199,0.759,negative
google_play,2026-03-21,,very useless,very useless,,,,,1,0,-0.4754,0,0.756,0.244,negative
google_play,2026-03-21,,there needs to be a way to mark profiles that don't reply upon matching. too many people on here wasting other people's time who are actually trying to date. at least tag repeat offenders who don't message,there needs to be a way to mark profiles that don't reply upon matching. too many people on here wasting other people's time who are actually trying to date. at least tag repeat offenders who don't message,,,,,1,1,-0.6369,0,0.129,0.871,negative
google_play,2026-03-21,,there are not enough matches and full of a bunch of people that just waste your time,there are not enough matches and full of a bunch of people that just waste your time,,,,,3,1,-0.4215,0,0.149,0.851,negative
google_play,2026-03-21,,not good matches 😕,not good matches 😕,,,,,1,0,-0.1139,0.266,0.327,0.407,negative
google_play,2026-03-21,,Can't find partner,Can't find partner,,,,,1,0,0,0,0,1,neutral
google_play,2026-03-21,,a lot of scams to make u pay,a lot of scams to make u pay,,,,,1,0,-0.6369,0,0.464,0.536,negative
google_play,2026-03-21,,ud be lucky to get a match,ud be lucky to get a match,,,,,1,1,0.4215,0.318,0,0.682,positive
google_play,2026-03-21,,this good but no buddy can reply,this good but no buddy can reply,,,,,5,0,-0.2144,0.2,0.287,0.513,negative
google_play,2026-03-21,,"Really? A 3 day wait, then 3 swipes? how cheap does this app get?","Really? A 3 day wait, then 3 swipes? how cheap does this app get?",,,,,1,0,0,0,0,1,neutral
google_play,2026-03-21,,keep getting error please check your number meanwhile the number is correct,keep getting error please check your number meanwhile the number is correct,,,,,1,0,0.0516,0.314,0.173,0.513,positive
google_play,2026-03-21,,awful verification can't understand the answer can't log in,awful verification can't understand the answer can't log in,,,,,1,0,-0.4588,0,0.273,0.727,negative
google_play,2026-03-21,,very bad experience all profile feek,very bad experience all profile feek,,,,,1,0,-0.5849,0,0.431,0.569,negative
google_play,2026-03-21,,everything you do needs premium. you can't chat if you're not on premium,everything you do needs premium. you can't chat if you're not on premium,,,,,1,1,0,0,0,1,neutral
google_play,2026-03-21,,"the experience is great and app is also fantastic, but after the update msg. I have updated the app but still is showing me the msg to update. all the process is also going well but when we start the app it's showing the update msg. so I cannot continue the app. kindly help me out to resolve the issue.","the experience is great and app is also fantastic, but after the update msg. I have updated the app but still is showing me the msg to update. all the process is also going well but when we start the app it's showing the update msg. so I cannot continue the app. kindly help me out to resolve the issue.",,,,,5,0,0.9568,0.258,0,0.742,positive
google_play,2026-03-21,,bohot dhund na parta ha mach,bohot dhund na parta ha mach,,,,,3,0,0.34,0.324,0,0.676,positive
google_play,2026-03-21,,location and distance needs to be worked,location and distance needs to be worked,,,,,3,0,0,0,0,1,neutral
google_play,2026-03-21,,Nothing but paid hookers and bots. Don't bother.,Nothing but paid hookers and bots. Don't bother.,,,,,1,1,0.3724,0.267,0,0.733,positive
google_play,2026-03-21,,"Used to be usable, now it's just a joke. For weeks I had six likes they wouldn't show to me. I tried doing nothing but swiping left to see how many profiles I'd have to go through to find one. The answer was over 1000. They don't want you to find matches. Everyone, please do not support predatory dating apps like this one. I wish I could respond to every cookie cutter, gaslighting response they give to reviews with this: You want users to fail. You are not fooling anyone by saying otherwise.","Used to be usable, now it's just a joke. For weeks I had six likes they wouldn't show to me. I tried doing nothing but swiping left to see how many profiles I'd have to go through to find one. The answer was over 1000. They don't want you to find matches. Everyone, please do not support predatory dating apps like this one. I wish I could respond to every cookie cutter, gaslighting response they give to reviews with this: You want users to fail. You are not fooling anyone by saying otherwise.",,,,,1,2,0.7661,0.161,0.082,0.758,positive
google_play,2026-03-21,,won't load paid,won't load paid,,,,,1,0,0,0,0,1,neutral
google_play,2026-03-21,,good experience,good experience,,,,,5,0,0.4404,0.744,0,0.256,positive
google_play,2026-03-21,,"You want money for love. You have deleted my detailed review twice, while calling out other dating apps like hinder and hinge, AS I WAS TYPING IT. That's okay, you're gonna blame it on my phone being out of date or not apple/android. THEY WANT MONEY FOR LOVE. That is the take away. Go outside and meet someone. Don't give apps money so you CAN meet someone. You want money just so I can feel likes or pretty. Does insta or tiktok do that for free? Your auto-typing can't even keep up. #youraisu","You want money for love. You have deleted my detailed review twice, while calling out other dating apps like hinder and hinge, AS I WAS TYPING IT. That's okay, you're gonna blame it on my phone being out of date or not apple/android. THEY WANT MONEY FOR LOVE. That is the take away. Go outside and meet someone. Don't give apps money so you CAN meet someone. You want money just so I can feel likes or pretty. Does insta or tiktok do that for free? Your auto-typing can't even keep up. #youraisu",,,,,1,2,0.9651,0.228,0.037,0.735,positive
google_play,2026-03-21,,It's cool.,It's cool.,,,,,4,0,0.3182,0.697,0,0.303,positive
google_play,2026-03-21,,my account got blocked without a reason.. i just started registering and the blocked it.. now i can't delete it or make another one because my number is used,my account got blocked without a reason.. i just started registering and the blocked it.. now i can't delete it or make another one because my number is used,,,,,1,1,-0.4404,0.041,0.133,0.825,negative
google_play,2026-03-20,,"Using the app in Nigeria, verification takes longer or never happens.","Using the app in Nigeria, verification takes longer or never happens.",,,,,1,0,0,0,0,1,neutral
google_play,2026-03-20,,I can't create an account,I can't create an account,,,,,1,1,-0.2057,0,0.312,0.688,negative
google_play,2026-03-20,,I downloaded this app yesterday but struggling to sign up till now! the puzzle has refused to match numbers even when I got the correct number. you guys need to improve the app for people to enjoy.,I downloaded this app yesterday but struggling to sign up till now! the puzzle has refused to match numbers even when I got the correct number. you guys need to improve the app for people to enjoy.,,,,,1,0,0.5255,0.204,0.134,0.661,positive
google_play,2026-03-20,,"just use Hinge instead. you'll actually be able to see and interact with people who like you, and you can undo a left swipe without having to pay anything extra. like Tinder, Bumble is just another predatory app trying to scam you. i've gotten many, many dates through Hinge.","just use Hinge instead. you'll actually be able to see and interact with people who like you, and you can undo a left swipe without having to pay anything extra. like Tinder, Bumble is just another predatory app trying to scam you. i've gotten many, many dates through Hinge.",,,,,1,0,0.1521,0.114,0.067,0.818,positive
google_play,2026-03-20,,worst fake charged money but there is no response,worst fake charged money but there is no response,,,,,1,0,-0.7783,0,0.638,0.362,negative
google_play,2026-03-20,,"So far so good, I'm trying to enjoy the app","So far so good, I'm trying to enjoy the app",,,,,1,0,0.8058,0.476,0,0.524,positive
google_play,2026-03-20,,app is basically useless unless you want to pay money,app is basically useless unless you want to pay money,,,,,1,0,-0.4404,0.104,0.336,0.56,negative
google_play,2026-03-20,,"This is the one dating that, with astounding consistency, cannot track my activity. I'll goes days without swiping, comeback and after the first swipe I get the ""Want unlimited likes for $2.99"" Nah I think I'll counter with, ""I'll uninstall your piece of you know what app, for FREE!""","This is the one dating that, with astounding consistency, cannot track my activity. I'll goes days without swiping, comeback and after the first swipe I get the ""Want unlimited likes for $2.99"" Nah I think I'll counter with, ""I'll uninstall your piece of you know what app, for FREE!""",,,,,1,1,0.8697,0.198,0.025,0.777,positive
google_play,2026-03-20,,this app is only waste of time this app deleted by me in only 5 minutes,this app is only waste of time this app deleted by me in only 5 minutes,,,,,1,0,-0.4215,0,0.157,0.843,negative
google_play,2026-03-20,,"This app is so predatory. ""look at how many likes you have! Oh wait, first you must pay us an insane amount of money just to see them."" Also, the matches on here were such low quality. It's like people match for the ego boost, but never actually care to chat.","This app is so predatory. ""look at how many likes you have! Oh wait, first you must pay us an insane amount of money just to see them."" Also, the matches on here were such low quality. It's like people match for the ego boost, but never actually care to chat.",,,,,1,0,-0.428,0.095,0.144,0.761,negative
google_play,2026-03-20,,"If I report a case when a man, a clearly cis hetero man chose his gender as ""woman"", when it is a 100% obvious he chose that option to chase women based on the stuff you see on his profile, what's the reason you don't take it seriously? How is this safe for women who don't look for men to date?","If I report a case when a man, a clearly cis hetero man chose his gender as ""woman"", when it is a 100% obvious he chose that option to chase women based on the stuff you see on his profile, what's the reason you don't take it seriously? How is this safe for women who don't look for men to date?",,,,,2,0,0.7878,0.121,0,0.879,positive
google_play,2026-03-20,,worst experience,worst experience,,,,,1,0,-0.6249,0,0.804,0.196,negative
google_play,2026-03-20,,"""Conversation / Match has Expired!!!"" Of all the tactics & strategies used by the dating apps, this has got to be the nastiest, most underhanded method of misleading prospective customers.","""Conversation / Match has Expired!!!"" Of all the tactics & strategies used by the dating apps, this has got to be the nastiest, most underhanded method of misleading prospective customers.",,,,,1,1,-0.7891,0,0.199,0.801,negative
google_play,2026-03-20,,"has ads, very poor features, everything decent behind paywalls","has ads, very poor features, everything decent behind paywalls",,,,,2,0,-0.5256,0,0.298,0.702,negative
google_play,2026-03-20,,"matches expire in 24 hours if you dont act, which is stupid because everyone has lives and get busy, but oh you can pay to extend it. its just another app that tries to squeeze every cent out of you while barely performing its service. also any app that designates specific roles based on gender is SEXIST. anyone should be able to msg first. which is a weird move for an app that lets you choose from 60 nonexstant pronouns. where does Xe fit into who gets to msg huh?? smh, swipe left","matches expire in 24 hours if you dont act, which is stupid because everyone has lives and get busy, but oh you can pay to extend it. its just another app that tries to squeeze every cent out of you while barely performing its service. also any app that designates specific roles based on gender is SEXIST. anyone should be able to msg first. which is a weird move for an app that lets you choose from 60 nonexstant pronouns. where does Xe fit into who gets to msg huh?? smh, swipe left",,,,,1,0,-0.4329,0.052,0.09,0.857,negative